rank,borough_rank,school_name,borough,school_urn,age_range,eligible_pupils,total_pupils,fsm_percent,religious_denomination,is_faith_school,non_faith_rank,fte_all_teachers,pupils_per_teacher,anomalous_low_ptr,composite_score,expected_rwm,higher_rwm,reading_score,maths_score,gps_score,mean_scaled_score,postcode,latitude,longitude,lsoa_code,lsoa_name,terrace_sales_count_2y_0_5mi,terrace_avg_price_2y_0_5mi,terrace_median_price_2y_0_5mi,family_area_rating,area_safety_percentile,imd_lower_deprivation_percentile,imd_rank,imd_decile,imd_score,imd_lsoa_name,imd_local_authority,recent_family_crime_weighted_count_1mi,recent_crime_total_count_1mi,recent_crime_month,catchment_radius_m,catchment_source_year,catchment_source_name,catchment_source_url,catchment_note,full_address
1,1,Southfield Primary School,Ealing,101890,4 to 11,33,377.0,33.0,Does not apply,False,1,16.0,23.5625,False,99.29004854368932,100.0,39.0,113.0,115.0,115.0,114.33333333333333,W4 1BD,,,,,,,,,,,,,,,,,,,,,,,,"Southfield Road, Bedford Park, London, W4 1BD"
2,1,Addison Primary School,Hammersmith and Fulham,100321,3 to 11,28,200.0,46.0,Does not apply,False,2,9.15,21.85792349726776,False,99.18082524271846,93.0,39.0,115.0,115.0,116.0,115.33333333333333,W14 0DT,,,,,,,,,,,,,,,,,,,,,,,,"Addison Gardens, Blythe Road, London, W14 0DT"
3,1,Yardley Primary School,Waltham Forest,136364,3 to 11,59,521.0,14.0,Does not apply,False,3,20.85,24.988009592326136,False,99.14441747572815,97.0,37.0,113.0,114.0,116.0,114.33333333333333,E4 7PH,,,,,,,,,,,,,,,,,,,,,,,,"Hawkwood Crescent, London, E4 7PH"
4,1,Park Academy,Merton,141027,4 to 11,16,127.0,38.0,None,False,4,7.68,16.536458333333336,False,99.05339805825243,94.0,44.0,114.0,113.0,115.0,114.0,SW19 3EF,,,,,,,,,,,,,,,,,,,,,,,,"200 Dorset Road, London, SW19 3EF"
5,1,Barnes Primary School,Richmond upon Thames,102902,3 to 11,51,468.0,6.0,Does not apply,False,5,23.69,19.755170958210215,False,98.88956310679612,96.0,39.0,114.0,112.0,116.0,114.0,SW13 0QQ,,,,,,,,,,,,,,,,,,,,,,,,"Cross Street, Barnes, London, SW13 0QQ"
6,2,Good Shepherd RC Primary School,Hammersmith and Fulham,100354,3 to 11,27,227.0,26.0,Roman Catholic,True,,9.4,24.148936170212764,False,98.7621359223301,100.0,41.0,114.0,112.0,114.0,113.33333333333333,W12 9BY,,,,,,,,,,,,,,,,,,,,,,,,"35 Gayford Road, London, W12 9BY"
7,1,St James & St John Church of England Primary School,Westminster,101132,3 to 11,22,174.0,23.0,Church of England,True,,9.0,19.333333333333332,False,98.58009708737863,95.0,32.0,114.0,116.0,115.0,115.0,W2 3QD,,,,,,,,,,,,,,,,,,,,,,,,"4 Craven Terrace, London, W2 3QD"
8,1,Our Lady of Lourdes RC Primary School,Redbridge,147337,3 to 11,52,448.0,13.0,Roman Catholic,True,,19.3,23.212435233160623,False,98.42233009708738,94.0,38.0,113.0,112.0,115.0,113.33333333333333,E11 2TA,,,,,,,,,,,,,,,,,,,,,,,,"Chestnut Drive, Wanstead, London, E11 2TA"
9,2,Deer Park School,Richmond upon Thames,142012,4 to 11,30,389.0,3.0,None,False,6,17.6,22.102272727272727,False,98.41019417475728,97.0,33.0,114.0,113.0,114.0,113.66666666666667,TW1 2EF,,,,,,,,,,,,,,,,,,,,,,,,"389 Richmond Road, Twickenham, TW1 2EF"
10,1,St Stephen's Catholic Primary School,Bexley,101455,5 to 11,60,418.0,12.0,Roman Catholic,True,,19.51,21.42491030240902,False,98.27063106796116,93.0,45.0,112.0,113.0,114.0,113.0,DA16 3QG,,,,,,,,,,,,,,,,,,,,,,,,"Ruskin Avenue, Welling, DA16 3QG"
11,3,St Richard Reynolds Catholic Primary School,Richmond upon Thames,149298,4 to 11,30,210.0,3.0,Roman Catholic,True,,11.76,17.857142857142858,False,97.89441747572816,90.0,40.0,114.0,112.0,115.0,113.66666666666667,TW1 4LT,,,,,,,,,,,,,,,,,,,,,,,,"Clifden Road, Twickenham, London, TW1 4LT"
12,1,St Michael and St Martin Catholic Primary School,Hounslow,102531,3 to 11,59,478.0,8.0,Roman Catholic,True,,18.8,25.425531914893615,False,97.84587378640776,93.0,32.0,112.0,113.0,116.0,113.66666666666667,TW4 7AG,,,,,,,,,,,,,,,,,,,,,,,,"Belgrave Road, Hounslow, TW4 7AG"
13,2,Merton Park Primary School,Merton,102639,3 to 11,27,228.0,4.0,Does not apply,False,7,10.38,21.965317919075144,False,97.56674757281554,93.0,33.0,112.0,112.0,115.0,113.0,SW19 3HQ,,,,,,,,,,,,,,,,,,,,,,,,"Church Lane, Merton Park, London, SW19 3HQ"
14,1,Lift Trinity,Haringey,138589,3 to 11,54,463.0,28.0,None,False,8,19.49,23.755772190867113,False,97.5,98.0,35.0,111.0,113.0,114.0,112.66666666666667,N22 8ES,,,,,,,,,,,,,,,,,,,,,,,,"Bounds Green Road, Wood Green, London, N22 8ES"
15,2,Gordon Primary School,Redbridge,102808,3 to 11,34,397.0,56.0,Does not apply,False,9,14.0,28.357142857142858,False,97.4635922330097,94.0,36.0,113.0,114.0,112.0,113.0,IG1 1SU,,,,,,,,,,,,,,,,,,,,,,,,"Gordon Primary School, Golfe Road, Ilford, IG1 1SU"
16,3,St Stephen's CofE Primary School,Hammersmith and Fulham,100353,3 to 11,57,440.0,16.0,Church of England,True,,19.33,22.76254526642525,False,97.4514563106796,91.0,44.0,114.0,111.0,114.0,113.0,W12 8LH,,,,,,,,,,,,,,,,,,,,,,,,"Uxbridge Road, London, W12 8LH"
17,1,Saint Francis of Assisi Catholic Primary School,Kensington and Chelsea,100494,3 to 11,20,179.0,50.0,Roman Catholic,True,,11.29,15.854738706820196,False,97.43932038834951,90.0,30.0,114.0,114.0,116.0,114.66666666666667,W11 4BJ,,,,,,,,,,,,,,,,,,,,,,,,"Treadgold Street, Notting Hill, London, W11 4BJ"
18,1,Westbourne Primary School,Sutton,136796,3 to 11,89,656.0,16.0,Does not apply,False,10,31.61,20.752926289149006,False,97.39077669902912,90.0,53.0,111.0,115.0,115.0,113.66666666666667,SM1 2NT,,,,,,,,,,,,,,,,,,,,,,,,"Anton Crescent, Collingwood Road, Sutton, SM1 2NT"
19,2,Thomas Jones Primary School,Kensington and Chelsea,100488,3 to 11,30,234.0,53.0,Does not apply,False,11,11.51,20.330147697654215,False,97.20873786407766,93.0,27.0,113.0,113.0,116.0,114.0,W11 1RQ,,,,,,,,,,,,,,,,,,,,,,,,"St Mark's Road, London, W11 1RQ"
20,2,Cheam Common Junior Academy,Sutton,142398,7 to 11,126,510.0,10.0,Does not apply,False,12,19.2,26.5625,False,97.04490291262135,90.0,36.0,112.0,114.0,113.0,113.0,KT4 8UT,,,,,,,,,,,,,,,,,,,,,,,,"Kingsmead Avenue, Worcester Park, KT4 8UT"
21,2,St Clement Danes CofE Primary School,Westminster,101127,4 to 11,24,192.0,25.0,Church of England,True,,10.6,18.11320754716981,False,97.02669902912622,100.0,25.0,112.0,114.0,116.0,114.0,WC2B 5SU,,,,,,,,,,,,,,,,,,,,,,,,"118 Drury Lane, Covent Garden, LONDON, WC2B 5SU"
22,3,St Elphege's RC Junior School,Sutton,102996,7 to 11,95,382.0,22.0,Roman Catholic,True,,17.28,22.10648148148148,False,96.86286407766991,92.0,39.0,111.0,112.0,114.0,112.33333333333333,SM6 9HY,,,,,,,,,,,,,,,,,,,,,,,,"Mollison Drive, Roundshaw, Wallington, SM6 9HY"
23,1,Our Lady of Victories Catholic Primary School,Wandsworth,101037,4 to 11,28,183.0,7.0,Roman Catholic,True,,9.29,19.69860064585576,False,96.8264563106796,96.0,29.0,114.0,111.0,114.0,113.0,SW15 1AW,,,,,,,,,,,,,,,,,,,,,,,,"1 Clarendon Drive, London, SW15 1AW"
24,3,Fox Primary School,Kensington and Chelsea,100482,4 to 11,57,415.0,12.0,Does not apply,False,13,23.9,17.364016736401673,False,96.80218446601941,91.0,42.0,111.0,112.0,114.0,112.33333333333333,W8 7PP,,,,,,,,,,,,,,,,,,,,,,,,"Fox Primary School , Kensington Place, London, W8 7PP"
25,1,Southwold Primary School,Hackney,100242,3 to 11,47,360.0,51.0,Does not apply,False,14,18.6,19.354838709677416,False,96.53519417475728,91.0,32.0,113.0,111.0,114.0,112.66666666666667,E5 9NL,,,,,,,,,,,,,,,,,,,,,,,,"Detmold Road, Clapton, Hackney, E5 9NL"
26,1,St Antony's Catholic Primary School,Newham,148025,2 to 11,58,435.0,45.0,Roman Catholic,True,,16.0,27.1875,False,96.22572815533981,97.0,36.0,111.0,112.0,112.0,111.66666666666667,E7 9PN,,,,,,,,,,,,,,,,,,,,,,,,"Upton Avenue, Forest Gate, London, E7 9PN"
27,1,St Andrew's Catholic Primary School,Lambeth,100632,4 to 11,52,397.0,19.0,Roman Catholic,True,,17.6,22.55681818181818,False,96.15291262135922,92.0,23.0,113.0,114.0,117.0,114.66666666666667,SW16 2ET,,,,,,,,,,,,,,,,,,,,,,,,"Polworth Road, Streatham, London, SW16 2ET"
28,2,Sheringdale Primary School,Wandsworth,101026,3 to 11,43,425.0,12.0,Does not apply,False,15,17.56,24.202733485193622,False,96.07402912621359,95.0,51.0,112.0,112.0,111.0,111.66666666666667,SW18 5TR,,,,,,,,,,,,,,,,,,,354,2026,Wandsworth Council reception allocations,https://www.wandsworth.gov.uk/media/4q2f3jqt/how_places_were_allocated_for_primary_schools_2026.pdf,Furthest distance offered under proximity criterion,"Standen Road, Southfields, Wandsworth, London, SW18 5TR"
29,1,Deansbrook Junior School,Barnet,139489,7 to 11,62,258.0,37.0,Does not apply,False,16,12.8,20.15625,False,95.99514563106796,95.0,34.0,111.0,111.0,113.0,111.66666666666667,NW7 3ED,,,,,,,,,,,,,,,,,,,,,,,,"Hale Drive, Mill Hill, London, NW7 3ED"
30,3,Churchfields Junior School,Redbridge,133935,7 to 11,120,479.0,13.0,Does not apply,False,17,23.2,20.646551724137932,False,95.8373786407767,91.0,38.0,112.0,111.0,112.0,111.66666666666667,E18 2RB,,,,,,,,,,,,,,,,,,,,,,,,"Churchfields, South Woodford, Redbridge, London, E18 2RB"
31,4,Manor Park Primary Academy,Sutton,145484,2 to 11,95,694.0,20.0,Does not apply,False,18,29.2,23.767123287671232,False,95.40655339805826,87.0,31.0,112.0,112.0,114.0,112.66666666666667,SM1 4AW,,,,,,,,,,,,,,,,,,,,,,,,"Greyhound Road, Sutton, SM1 4AW"
32,3,Hampden Gurney CofE Primary School,Westminster,101123,3 to 11,26,227.0,12.0,Church of England,True,,12.4,18.306451612903224,False,95.38228155339806,100.0,19.0,114.0,117.0,117.0,116.0,W1H 5HA,,,,,,,,,,,,,,,,,,,,,,,,"13 Nutford Place, London, W1H 5HA"
33,2,St Mary's CofE Primary School,Waltham Forest,144238,5 to 11,77,578.0,19.0,Church of England,True,,29.4,19.65986394557823,False,95.31553398058253,96.0,36.0,111.0,113.0,111.0,111.66666666666667,E17 9HJ,,,,,,,,,,,,,,,,,,,,,,,,"Brooke Road, Walthamstow, London, E17 9HJ"
34,4,Marshgate Primary School,Richmond upon Thames,133728,4 to 11,59,416.0,10.0,Does not apply,False,19,17.37,23.949337938975244,False,95.19417475728156,88.0,37.0,111.0,111.0,114.0,112.0,TW10 6HY,,,,,,,,,,,,,,,,,,,,,,,,"157 Queens Road, Richmond, TW10 6HY"
35,2,Courtland School,Barnet,101271,4 to 11,29,207.0,21.0,Does not apply,False,20,9.26,22.354211663066955,False,95.16990291262137,97.0,21.0,112.0,112.0,116.0,113.33333333333333,NW7 3BG,,,,,,,,,,,,,,,,,,,,,,,,"Courtland Avenue, Mill Hill, London, NW7 3BG"
36,1,"Christ Church Primary School, Hampstead",Camden,100028,4 to 11,25,191.0,16.0,Church of England,True,,11.4,16.75438596491228,False,95.14563106796116,88.0,56.0,111.0,111.0,113.0,111.66666666666667,NW3 1JH,,,,,,,,,,,,,,,,,,,,,,,,"Christ Church Hill, London, NW3 1JH"
37,5,The Vineyard School,Richmond upon Thames,102906,4 to 11,88,575.0,9.0,Does not apply,False,21,30.0,19.166666666666668,False,94.7997572815534,86.0,30.0,112.0,113.0,113.0,112.66666666666667,TW10 6NE,,,,,,,,,,,,,,,,,,,,,,,,"Friars Stile Road, Richmond, TW10 6NE"
38,2,Tollgate Primary School,Newham,143881,3 to 11,54,412.0,54.0,Does not apply,False,22,26.4,15.606060606060607,False,94.64199029126213,91.0,37.0,112.0,111.0,111.0,111.33333333333333,E13 8SA,,,,,,,,,,,,,,,,,,,,,,,,"Barclay Road, Plaistow, London, E13 8SA"
39,1,St Joseph's Catholic Primary School,Islington,100441,2 to 11,56,510.0,30.0,Roman Catholic,True,,22.0,23.181818181818183,False,94.64199029126213,89.0,29.0,111.0,112.0,113.0,112.0,N19 5NE,,,,,,,,,,,,,,,,,,,,,,,,"Highgate Hill, Highgate, Dartmouth Park Hill, London, N19 5NE"
40,1,Our Lady of Grace Catholic Primary School,Greenwich,100168,4 to 11,60,417.0,30.0,Roman Catholic,True,,16.8,24.82142857142857,False,94.63592233009709,87.0,45.0,111.0,112.0,112.0,111.66666666666667,SE7 7HR,,,,,,,,,,,,,,,,,,,,,,,,"16 Highcombe, Charlton, London, SE7 7HR"
41,4,Essendine Primary School,Westminster,101111,3 to 11,43,262.0,51.0,Does not apply,False,23,14.0,18.714285714285715,False,94.32038834951456,84.0,37.0,111.0,112.0,114.0,112.33333333333333,W9 2LR,,,,,,,,,,,,,,,,,,,,,,,,"Essendine Road, London, W9 2LR"
42,3,Elmhurst Primary School,Newham,145362,3 to 11,110,988.0,36.0,Does not apply,False,24,52.68,18.754745634016704,False,94.23543689320388,92.0,27.0,110.0,113.0,114.0,112.33333333333333,E7 8JY,,,,,,,,,,,,,,,,,,,,,,,,"Upton Park Road, Forest Gate, London, E7 8JY"
43,3,"St Andrew's CofE Voluntary Aided Primary School, Totteridge",Barnet,101327,4 to 11,28,195.0,14.0,Church of England,True,,9.2,21.195652173913047,False,94.1990291262136,93.0,25.0,113.0,113.0,111.0,112.33333333333333,N20 8NX,,,,,,,,,,,,,,,,,,,,,,,,"The Green, Totteridge, London, N20 8NX"
44,4,Rosetta Primary School,Newham,145087,4 to 11,74,559.0,53.0,Does not apply,False,25,35.2,15.880681818181817,False,94.07766990291262,91.0,26.0,112.0,110.0,114.0,112.0,E16 3PB,,,,,,,,,,,,,,,,,,,,,,,,"Sophia Road, Custom House, London, E16 3PB"
45,6,Archdeacon Cambridge's Church of England Primary School,Richmond upon Thames,102920,3 to 11,58,443.0,2.0,Church of England,True,,18.12,24.44812362030905,False,94.04733009708738,84.0,33.0,113.0,111.0,113.0,112.33333333333333,TW2 5TU,,,,,,,,,,,,,,,,,,,,,,,,"The Green, Twickenham, TW2 5TU"
46,2,Rhodes Avenue Primary School,Haringey,102128,3 to 11,91,688.0,5.0,Does not apply,False,26,28.3,24.31095406360424,False,93.9381067961165,92.0,30.0,112.0,111.0,111.0,111.33333333333333,N22 7UT,,,,,,,,,,,,,,,,,,,,,,,,"Rhodes Avenue, London, N22 7UT"
47,4,Brunswick Park Primary and Nursery School,Barnet,101264,3 to 11,59,447.0,20.0,Does not apply,False,27,22.3,20.044843049327355,False,93.93203883495146,93.0,36.0,110.0,111.0,112.0,111.0,N14 5DU,,,,,,,,,,,,,,,,,,,,,,,,"Osidge Lane, Southgate, London, N14 5DU"
48,4,St Joseph's Catholic Primary School,Kensington and Chelsea,148438,3 to 11,29,226.0,14.0,Roman Catholic,True,,13.51,16.72834937083642,False,93.91383495145631,93.0,28.0,112.0,110.0,112.0,111.33333333333333,SW3 2QT,,,,,,,,,,,,,,,,,,,,,,,,"Cadogan Street, London, SW3 2QT"
49,4,St Peter's Primary School,Hammersmith and Fulham,100352,4 to 11,30,209.0,30.0,Church of England,True,,8.6,24.30232558139535,False,93.80461165048544,90.0,40.0,111.0,111.0,111.0,111.0,W6 9BA,,,,,,,,,,,,,,,,,,,,,,,,"33 St Peter's Road, Hammersmith, London, W6 9BA"
50,1,Crofton Junior School,Bromley,137683,7 to 11,176,715.0,12.0,None,False,28,37.34,19.148366363149435,False,93.62257281553397,91.0,37.0,112.0,110.0,111.0,111.0,BR5 1EL,,,,,,,,,,,,,,,,,,,,,,,,"Towncourt Lane, Orpington, BR5 1EL"
51,5,John Betts Primary School,Hammersmith and Fulham,100346,5 to 11,28,202.0,25.0,None,False,29,11.8,17.11864406779661,False,93.62257281553397,100.0,36.0,111.0,110.0,111.0,110.66666666666667,W6 0UA,,,,,,,,,,,,,,,,,,,,,,,,"Paddenswick Road, London, W6 0UA"
52,4,Aldersbrook Primary School,Redbridge,102823,3 to 11,86,664.0,12.0,Does not apply,False,30,35.74,18.578623391158366,False,93.51941747572816,90.0,22.0,112.0,113.0,112.0,112.33333333333333,E12 5HL,,,,,,,,,,,,,,,,,,,,,,,,"Harpenden Road, Wanstead, London, E12 5HL"
53,1,Merryhills Primary School,Enfield,150114,4 to 11,89,621.0,8.0,Does not apply,False,31,28.8,21.5625,False,93.5133495145631,90.0,30.0,111.0,110.0,113.0,111.33333333333333,EN2 7RE,,,,,,,,,,,,,,,,,,,,,,,,"Bincote Road, Enfield, EN2 7RE"
54,7,The King's Church of England Primary School,Richmond upon Thames,102921,4 to 11,43,394.0,9.0,Church of England,True,,17.8,22.134831460674157,False,93.39199029126213,88.0,42.0,111.0,110.0,112.0,111.0,TW9 3HJ,,,,,,,,,,,,,,,,,,,,,,,,"Cumberland Road, Kew, Richmond, TW9 3HJ"
55,2,Hampstead Parochial Church of England Primary School,Camden,100031,4 to 11,26,199.0,19.0,Church of England,True,,8.9,22.359550561797754,False,93.35558252427184,85.0,42.0,111.0,111.0,112.0,111.33333333333333,NW3 6TX,,,,,,,,,,,,,,,,,,,,,,,,"Hampstead Parochial School , Holly Bush Vale, Hampstead, London, NW3 6TX"
56,1,Regina Coeli Catholic Primary School,Croydon,101800,4 to 11,55,382.0,27.0,Roman Catholic,True,,17.35,22.017291066282418,False,93.3373786407767,84.0,29.0,112.0,113.0,112.0,112.33333333333333,CR2 6DF,,,,,,,,,,,,,,,,,,,,,,,,"173 Pampisford Road, South Croydon, CR2 6DF"
57,5,Monkfrith Primary School,Barnet,101293,5 to 11,59,415.0,8.0,Does not apply,False,32,19.31,21.491455204557226,False,93.25849514563107,88.0,25.0,111.0,111.0,114.0,112.0,N14 5NG,,,,,,,,,,,,,,,,,,,,,,,,"Knoll Drive, London, N14 5NG"
58,3,Lift Noel Park,Haringey,138588,3 to 11,53,621.0,38.0,None,False,33,24.2,25.66115702479339,False,93.13106796116504,92.0,26.0,112.0,111.0,111.0,111.33333333333333,N22 6LH,,,,,,,,,,,,,,,,,,,,,,,,"Gladstone Avenue, Wood Green, London, N22 6LH"
59,5,Vicarage Primary School,Newham,145366,3 to 11,118,876.0,49.0,Does not apply,False,34,37.8,23.174603174603178,False,93.11286407766991,88.0,25.0,110.0,114.0,115.0,113.0,E6 6AD,,,,,,,,,,,,,,,,,,,,,,,,"Vicarage Lane, East Ham, London, E6 6AD"
60,2,Iqra Primary School,Lambeth,135614,3 to 11,29,244.0,38.0,Muslim,True,,11.8,20.677966101694913,False,93.1128640776699,97.0,21.0,110.0,114.0,114.0,112.66666666666667,SW4 9PA,,,,,,,,,,,,,,,,,,,,,,,,"127 Park Hill, Off Clarence Avenue, Clapham, London, SW4 9PA"
61,1,Deanesfield Primary School,Hillingdon,102377,3 to 11,89,676.0,17.0,Does not apply,False,35,29.47,22.938581608415337,False,93.10679611650485,87.0,27.0,112.0,111.0,112.0,111.66666666666667,HA4 0LR,,,,,,,,,,,,,,,,,,,,,,,,"Queens Walk, Ruislip, HA4 0LR"
62,6,St Stephen's Primary School,Newham,102748,4 to 11,90,623.0,44.0,Does not apply,False,36,31.6,19.71518987341772,False,93.04611650485437,89.0,31.0,110.0,111.0,113.0,111.33333333333333,E6 1AS,,,,,,,,,,,,,,,,,,,,,,,,"Whitfield Road, London, E6 1AS"
63,1,Judith Kerr Primary School,Southwark,139907,3 to 11,44,407.0,5.0,None,False,37,20.2,20.14851485148515,False,93.04004854368931,86.0,27.0,113.0,111.0,112.0,112.0,SE24 9JE,,,,,,,,,,,,,,,,,,,,,,,,"62-68 Half Moon Lane, Herne Hill, London, SE24 9JE"
64,1,East Lane Primary School,Brent,144794,4 to 11,86,628.0,16.0,None,False,38,45.0,13.955555555555556,True,92.97330097087378,88.0,28.0,111.0,110.0,114.0,111.66666666666667,HA0 3NT,,,,,,,,,,,,,,,,,,,,,,,,"East Lane, Wembley, HA0 3NT"
65,2,St James' Roman Catholic Primary School,Bromley,137958,5 to 11,32,218.0,9.0,Roman Catholic,True,,8.6,25.348837209302328,False,92.9004854368932,94.0,31.0,110.0,112.0,111.0,111.0,BR5 1BL,,,,,,,,,,,,,,,,,,,,,,,,"Maybury Close, Petts Wood, Orpington, BR5 1BL"
66,4,Eden Primary,Haringey,136808,4 to 11,29,205.0,0.0,Jewish,True,,10.5,19.523809523809526,False,92.87621359223301,93.0,21.0,112.0,111.0,112.0,111.66666666666667,N10 1NR,,,,,,,,,,,,,,,,,,,,,,,,"79 Creighton Avenue, Muswell Hill, London, N10 1NR"
67,3,Willow Brook Primary School Academy,Waltham Forest,138364,3 to 11,87,664.0,36.0,Does not apply,False,39,33.4,19.880239520958085,False,92.77912621359224,89.0,31.0,111.0,110.0,112.0,111.0,E10 7BH,,,,,,,,,,,,,,,,,,,,,,,,"190 Church Road, Leyton, London, E10 7BH"
68,6,West London Free School Primary,Hammersmith and Fulham,139546,4 to 11,59,416.0,24.0,None,False,40,20.64,20.155038759689923,False,92.71237864077669,92.0,36.0,110.0,110.0,112.0,110.66666666666667,W6 0LB,,,,,,,,,,,,,,,,,,,,,,,,"Cambridge Grove, London, W6 0LB"
69,1,"Newton Farm Nursery, Infant and Junior School",Harrow,102181,3 to 11,58,453.0,14.0,Does not apply,False,41,21.2,21.367924528301888,False,92.61529126213593,83.0,28.0,111.0,112.0,114.0,112.33333333333333,HA2 9JU,,,,,,,,,,,,,,,,,,,,,,,,"Ravenswood Crescent, South Harrow, Harrow, HA2 9JU"
70,2,Beaumont Primary School,Croydon,101756,4 to 11,29,212.0,14.0,Does not apply,False,42,12.08,17.549668874172184,False,92.59708737864078,90.0,34.0,112.0,109.0,112.0,111.0,CR8 4DN,,,,,,,,,,,,,,,,,,,,,,,,"Old Lodge Lane, Purley, CR8 4DN"
71,1,Scotts Primary School,Havering,102316,4 to 11,60,420.0,10.0,Does not apply,False,43,17.3,24.277456647398843,False,92.4878640776699,90.0,32.0,110.0,110.0,113.0,111.0,RM12 6TH,,,,,,,,,,,,,,,,,,,,,,,,"Bonington Road, Hornchurch, RM12 6TH"
72,2,Belmont Primary School,Hounslow,102470,3 to 11,56,451.0,21.0,Does not apply,False,44,18.55,24.31266846361186,False,92.4878640776699,84.0,29.0,112.0,111.0,112.0,111.66666666666667,W4 5UL,,,,,,,,,,,,,,,,,,,,,,,,"Belmont Road, Chiswick, London, W4 5UL"
73,2,Enfield Heights Academy,Enfield,138381,4 to 11,27,199.0,48.0,None,False,45,10.8,18.425925925925924,False,92.3483009708738,93.0,22.0,110.0,112.0,113.0,111.66666666666667,EN3 5BY,,,,,,,,,,,,,,,,,,,,,,,,"Pitfield Way, Enfield Highway, Enfield, EN3 5BY"
74,3,Harris Primary Academy Beckenham Green,Bromley,144287,4 to 11,31,210.0,26.0,Does not apply,False,46,7.63,27.522935779816514,False,92.2633495145631,97.0,16.0,113.0,113.0,113.0,113.0,BR3 5JG,,,,,,,,,,,,,,,,,,,,,,,,"St George's Road, Beckenham, BR3 5JG"
75,6,Monken Hadley CofE Primary School,Barnet,101318,4 to 11,24,149.0,0.0,Church of England,True,,7.49,19.893190921228303,False,92.05703883495146,88.0,25.0,110.0,112.0,113.0,111.66666666666667,EN4 0NJ,,,,,,,,,,,,,,,,,,,,,,,,"Camlet Way, Monken Hadley, Barnet, EN4 0NJ"
76,2,Holy Family Catholic Primary School,Ealing,137569,3 to 11,60,453.0,18.0,Roman Catholic,True,,20.0,22.65,False,92.0266990291262,80.0,33.0,111.0,112.0,114.0,112.33333333333333,W3 0DY,,,,,,,,,,,,,,,,,,,,,,,,"Vale Lane, Acton, London, W3 0DY"
77,7,Ravenscroft Primary School,Newham,144140,3 to 11,82,514.0,55.0,Does not apply,False,47,29.4,17.482993197278912,False,92.00849514563106,88.0,30.0,112.0,109.0,113.0,111.33333333333333,E16 4BD,,,,,,,,,,,,,,,,,,,,,,,,"Carson Road, London, E16 4BD"
78,5,St Peter's Eaton Square CofE Primary School,Westminster,101140,4 to 11,22,161.0,36.0,Church of England,True,,11.41,14.110429447852761,True,91.83252427184466,91.0,32.0,111.0,109.0,112.0,110.66666666666667,SW1W 0NL,,,,,,,,,,,,,,,,,,,,,,,,"Lower Belgrave Street, London, SW1W 0NL"
79,5,Cleveland Road Primary School,Redbridge,102798,3 to 11,115,903.0,29.0,Does not apply,False,48,26.9,33.56877323420075,False,91.66262135922331,87.0,25.0,110.0,112.0,113.0,111.66666666666667,IG1 1EW,,,,,,,,,,,,,,,,,,,,,,,,"Cleveland Road, Ilford, IG1 1EW"
80,7,Akiva School,Barnet,135086,4 to 11,58,420.0,0.0,Jewish,True,,19.36,21.694214876033058,False,91.6383495145631,86.0,31.0,111.0,111.0,111.0,111.0,N3 2SY,,,,,,,,,,,,,,,,,,,,,,,,"80 East End Road, London, N3 2SY"
81,2,Wingfield Primary School,Greenwich,148615,3 to 11,59,646.0,27.0,Does not apply,False,49,29.62,21.809588116137743,False,91.52305825242718,85.0,34.0,110.0,111.0,112.0,111.0,SE3 9GJ,,,,,,,,,,,,,,,,,,,,,,,,"Ensign Street, London, SE3 9GJ"
82,8,Menorah Primary School for Boys,Barnet,150274,3 to 11,23,209.0,0.0,Jewish,True,,14.33,14.584787159804605,True,91.30461165048544,91.0,30.0,111.0,111.0,110.0,110.66666666666667,NW11 9SP,,,,,,,,,,,,,,,,,,,,,,,,"The Wohl Campus, 1 - 3 the Drive, Golders Green, London, NW11 9SP"
83,2,Ark Franklin Primary Academy,Brent,139830,3 to 11,84,665.0,30.0,None,False,50,32.4,20.524691358024693,False,91.27427184466019,96.0,35.0,112.0,111.0,109.0,110.66666666666667,NW6 6HJ,,,,,,,,,,,,,,,,,,,,,,,,"Harvist Road, London, NW6 6HJ"
84,8,Scott Wilkie Primary School,Newham,145365,3 to 11,34,390.0,76.0,Does not apply,False,51,22.3,17.48878923766816,False,91.2621359223301,85.0,26.0,110.0,112.0,113.0,111.66666666666667,E16 3HD,,,,,,,,,,,,,,,,,,,,,,,,"Hoskins Close, London, E16 3HD"
85,2,The Cathedral School of St Saviour and St Mary Overie,Southwark,100840,3 to 11,29,219.0,45.0,Church of England,True,,13.2,16.590909090909093,False,91.0133495145631,93.0,41.0,109.0,111.0,111.0,110.33333333333333,SE1 1HG,,,,,,,,,,,,,,,,,,,,,,,,"Redcross Way, Southwark, LONDON, SE1 1HG"
86,1,Rush Green Primary School,Barking and Dagenham,101212,3 to 11,108,823.0,27.0,Does not apply,False,52,38.8,21.211340206185568,False,90.88592233009709,89.0,22.0,110.0,111.0,113.0,111.33333333333333,RM7 0RL,,,,,,,,,,,,,,,,,,,,,,,,"Dagenham Road, Rush Green, Romford, RM7 0RL"
87,4,La Fontaine Academy,Bromley,140999,4 to 11,59,451.0,10.0,None,False,53,21.8,20.68807339449541,False,90.84344660194175,92.0,24.0,111.0,110.0,111.0,110.66666666666667,BR1 2SQ,,,,,,,,,,,,,,,,,,,,,,,,"Nightingale Lane, Bickley, Bromley, BR1 2SQ"
88,8,St Mary's and St Peter's Church of England Primary School,Richmond upon Thames,102917,4 to 11,90,625.0,8.0,Church of England,True,,27.8,22.48201438848921,False,90.72815533980582,83.0,32.0,111.0,110.0,112.0,111.0,TW11 8RX,,,,,,,,,,,,,,,,,,,,,,,,"Somerset Road, Teddington, TW11 8RX"
89,2,Gillespie Primary School,Islington,100405,3 to 11,27,208.0,15.0,Does not apply,False,54,11.0,18.90909090909091,False,90.69174757281553,89.0,26.0,112.0,111.0,110.0,111.0,N5 1LH,,,,,,,,,,,,,,,,,,,,,,,,"Gillespie Road, London, N5 1LH"
90,3,Grove Park Primary School,Hounslow,102485,3 to 11,60,433.0,23.0,Does not apply,False,55,19.6,22.091836734693874,False,90.6735436893204,93.0,20.0,111.0,110.0,112.0,111.0,W4 3JN,,,,,,,,,,,,,,,,,,,,,,,,"Nightingale Close, Chiswick, London, W4 3JN"
91,5,St Charles Catholic Primary School,Kensington and Chelsea,100505,3 to 11,28,214.0,61.0,Roman Catholic,True,,13.4,15.970149253731343,False,90.47330097087378,89.0,21.0,110.0,111.0,113.0,111.33333333333333,W10 6EB,,,,,,,,,,,,,,,,,,,,,,,,"83 St Charles Square, London, W10 6EB"
92,7,St John XXIII Catholic Primary School,Hammersmith and Fulham,149641,3 to 11,48,298.0,58.0,Roman Catholic,True,,21.8,13.669724770642201,True,90.32766990291262,85.0,27.0,110.0,111.0,112.0,111.0,W12 7QT,,,,,,,,,,,,,,,,,,,,,,,,"1 India Way, London, W12 7QT"
93,5,Cheam Fields Primary Academy,Sutton,143375,3 to 11,63,458.0,11.0,Does not apply,False,56,18.6,24.623655913978492,False,90.20631067961165,84.0,27.0,111.0,111.0,111.0,111.0,SM3 8PQ,,,,,,,,,,,,,,,,,,,,,,,,"Stoughton Avenue, Cheam, Sutton, SM3 8PQ"
94,6,Wanstead Church School,Redbridge,102841,3 to 11,24,207.0,17.0,Church of England,True,,10.4,19.903846153846153,False,90.20631067961165,96.0,17.0,113.0,111.0,111.0,111.66666666666667,E11 2SS,,,,,,,,,,,,,,,,,,,,,,,,"Church Path, Wanstead, London, E11 2SS"
95,9,Ashmole Primary School,Barnet,142772,4 to 11,61,421.0,10.0,None,False,57,14.63,28.776486671223513,False,89.95145631067962,80.0,30.0,111.0,110.0,114.0,111.66666666666667,N14 7NP,,,,,,,,,,,,,,,,,,,,,,,,"Summit Way, Southgate, London, N14 7NP"
96,9,Hallsville Primary School,Newham,145363,3 to 11,56,464.0,46.0,Does not apply,False,58,28.0,16.571428571428573,False,89.92718446601941,86.0,29.0,110.0,111.0,111.0,110.66666666666667,E16 1LN,,,,,,,,,,,,,,,,,,,,,,,,"Radland Road, London, E16 1LN"
97,4,The Blue School CofE Primary,Hounslow,102523,3 to 11,66,456.0,3.0,Church of England,True,,18.66,24.437299035369776,False,89.8118932038835,88.0,18.0,112.0,110.0,113.0,111.66666666666667,TW7 6RQ,,,,,,,,,,,,,,,,,,,,,,,,"North Street, Isleworth, TW7 6RQ"
98,5,Wellington Primary School,Hounslow,102505,3 to 11,111,768.0,18.0,Does not apply,False,59,31.26,24.56813819577735,False,89.80582524271846,85.0,32.0,109.0,111.0,113.0,111.0,TW3 3BD,,,,,,,,,,,,,,,,,,,,,,,,"Sutton Lane, Hounslow, TW3 3BD"
99,9,Sheen Mount Primary School,Richmond upon Thames,102897,4 to 11,71,590.0,11.0,Does not apply,False,60,27.9,21.14695340501792,False,89.74514563106796,82.0,27.0,111.0,112.0,111.0,111.33333333333333,SW14 7RT,,,,,,,,,,,,,,,,,,,,,,,,"West Temple, East Sheen, London, SW14 7RT"
100,3,"City of London Primary Academy, Islington",Islington,143020,4 to 11,30,317.0,20.0,None,False,61,16.6,19.096385542168672,False,89.67839805825243,80.0,40.0,112.0,109.0,113.0,111.33333333333333,EC1Y 0AE,,,,,,,,,,,,,,,,,,,,,,,,"15 Baltic Street West, London, EC1Y 0AE"
101,6,Marlborough Primary School,Kensington and Chelsea,100483,0 to 11,46,444.0,39.0,Does not apply,False,62,22.2,20.0,False,89.66626213592232,93.0,24.0,110.0,110.0,111.0,110.33333333333333,SW3 3AP,,,,,,,,,,,,,,,,,,,,,,,,"Draycott Avenue, London, SW3 3AP"
102,3,Holy Ghost Catholic Primary School,Wandsworth,101036,5 to 11,21,193.0,0.0,Roman Catholic,True,,9.9,19.494949494949495,False,89.5752427184466,86.0,29.0,111.0,111.0,110.0,110.66666666666667,SW12 8QJ,,,,,,,,,,,,,,,,,,,838,2026,Wandsworth Council reception allocations,https://www.wandsworth.gov.uk/media/4q2f3jqt/how_places_were_allocated_for_primary_schools_2026.pdf,Furthest distance offered in the listed Catholic category,"Nightingale Square, Balham, London, SW12 8QJ"
103,6,Burdett-Coutts and Townshend Foundation CofE Primary School,Westminster,101122,3 to 11,16,168.0,25.0,Church of England,True,,5.34,31.460674157303373,False,89.5752427184466,88.0,25.0,111.0,109.0,112.0,110.66666666666667,SW1P 2QQ,,,,,,,,,,,,,,,,,,,,,,,,"Rochester Street, London, SW1P 2QQ"
104,5,Highfield Junior School,Bromley,140257,7 to 11,92,367.0,5.0,None,False,63,15.3,23.986928104575163,False,89.53883495145631,92.0,21.0,110.0,110.0,112.0,110.66666666666667,BR2 0RL,,,,,,,,,,,,,,,,,,,,,,,,"South Hill Road, Shortlands, Bromley, BR2 0RL"
105,2,Mossbourne Riverside Academy,Hackney,140426,3 to 11,84,602.0,29.0,Does not apply,False,64,28.87,20.852095600969864,False,89.29004854368931,92.0,33.0,111.0,109.0,110.0,110.0,E15 2GW,,,,,,,,,,,,,,,,,,,,,,,,"East Bay Lane, London, E15 2GW"
106,4,St Saviour's Church of England Primary School,Waltham Forest,144239,4 to 11,37,336.0,30.0,Church of England,True,,21.0,16.0,False,89.24150485436894,89.0,22.0,110.0,110.0,112.0,110.66666666666667,E17 8ER,,,,,,,,,,,,,,,,,,,,,,,,"Verulam Avenue, 33, London, E17 8ER"
107,3,"Redriff Primary, City of London Academy",Southwark,137648,3 to 11,74,478.0,27.0,Does not apply,False,65,27.3,17.509157509157507,False,89.2233009708738,89.0,28.0,110.0,109.0,112.0,110.33333333333333,SE16 5LQ,,,,,,,,,,,,,,,,,,,,,,,,"Salter Road, Rotherhithe, London, SE16 5LQ"
108,6,"St Mary's Catholic Primary School ,Chiswick",Hounslow,102529,3 to 11,27,191.0,19.0,Roman Catholic,True,,10.0,19.1,False,89.20509708737863,81.0,37.0,111.0,110.0,111.0,110.66666666666667,W4 2DF,,,,,,,,,,,,,,,,,,,,,,,,"Duke Road, Chiswick, London, W4 2DF"
109,3,Bonneville Primary School,Lambeth,131247,3 to 11,36,353.0,50.0,Does not apply,False,66,18.0,19.61111111111111,False,89.13228155339806,89.0,33.0,111.0,111.0,109.0,110.33333333333333,SW4 9LB,,,,,,,,,,,,,,,,,,,,,,,,"Bonneville Gardens, Clapham, London, SW4 9LB"
110,5,Coldfall Primary School,Haringey,102097,3 to 11,89,683.0,6.0,Does not apply,False,67,32.9,20.75987841945289,False,88.94417475728156,84.0,31.0,112.0,110.0,110.0,110.66666666666667,N10 1HS,,,,,,,,,,,,,,,,,,,,,,,,"Coldfall Avenue, Muswell Hill, London, N10 1HS"
111,4,Winton Primary School,Islington,100428,2 to 11,25,250.0,56.0,Does not apply,False,68,12.1,20.66115702479339,False,88.93203883495146,92.0,24.0,110.0,109.0,112.0,110.33333333333333,N1 9AZ,,,,,,,,,,,,,,,,,,,,,,,,"Killick Street, Kings Cross, London, N1 9AZ"
112,3,Walker Primary School,Enfield,146868,4 to 11,59,418.0,10.0,Does not apply,False,69,21.2,19.71698113207547,False,88.92597087378641,85.0,31.0,110.0,110.0,111.0,110.33333333333333,N14 7EG,,,,,,,,,,,,,,,,,,,,,,,,"Waterfall Road, Southgate, London, N14 7EG"
113,3,St Joseph's Catholic Junior School,Brent,101539,7 to 11,65,274.0,9.0,Roman Catholic,True,,11.9,23.025210084033613,False,88.92597087378641,91.0,18.0,110.0,111.0,112.0,111.0,HA9 6BE,,,,,,,,,,,,,,,,,,,,,,,,"Chatsworth Avenue, Wembley, HA9 6BE"
114,10,Thomson House School,Richmond upon Thames,139549,4 to 11,49,371.0,10.0,Does not apply,False,70,16.68,22.24220623501199,False,88.57402912621359,88.0,33.0,110.0,110.0,110.0,110.0,SW14 8HY,,,,,,,,,,,,,,,,,,,,,,,,"27 Sheen Lane, London, SW14 8HY"
115,3,Foxfield Primary School,Greenwich,143592,3 to 11,85,682.0,38.0,Does not apply,False,71,29.0,23.517241379310345,False,88.5618932038835,81.0,29.0,110.0,110.0,113.0,111.0,SE18 7EX,,,,,,,,,,,,,,,,,,,,,,,,"Sandbach Place, London, SE18 7EX"
116,4,"Christ Church, Streatham Church of England Primary School",Lambeth,145614,5 to 11,20,159.0,50.0,Church of England,True,,9.24,17.207792207792206,False,88.51941747572816,85.0,25.0,111.0,109.0,112.0,110.66666666666667,SW2 3NF,,,,,,,,,,,,,,,,,,,,,,,,"Cotherstone Road, Streatham, London, SW2 3NF"
117,10,Cleves Primary School,Newham,143882,3 to 11,55,474.0,51.0,Does not apply,False,72,16.63,28.502705953096815,False,88.48907766990291,84.0,20.0,111.0,112.0,111.0,111.33333333333333,E6 1QP,,,,,,,,,,,,,,,,,,,,,,,,"Arragon Road, East Ham, London, E6 1QP"
118,2,Krishna Avanti Primary School,Harrow,138688,3 to 11,60,454.0,5.0,Hindu,True,,21.8,20.825688073394495,False,88.44660194174757,87.0,22.0,110.0,111.0,111.0,110.66666666666667,HA8 6ES,,,,,,,,,,,,,,,,,,,,,,,,"Camrose Avenue, Edgware, HA8 6ES"
119,3,Cannon Lane Primary School,Harrow,102204,4 to 11,116,734.0,9.0,Does not apply,False,73,34.7,21.152737752161382,False,88.41626213592232,84.0,24.0,111.0,110.0,111.0,110.66666666666667,HA5 1TS,,,,,,,,,,,,,,,,,,,,,,,,"Cannonbury Avenue, Pinner, HA5 1TS"
120,1,"Canary Wharf College, Glenworth",Tower Hamlets,141039,4 to 11,39,302.0,15.0,Christian,True,,18.0,16.77777777777778,False,87.9490291262136,85.0,38.0,110.0,110.0,110.0,110.0,E14 3EB,,,,,,,,,,,,,,,,,,,,,,,,"93 Saunders Ness Road, Isle of Dogs, London, E14 3EB"
121,3,Montpelier Primary School,Ealing,101912,4 to 11,82,652.0,32.0,Does not apply,False,74,28.6,22.797202797202797,False,87.86407766990291,87.0,23.0,109.0,111.0,112.0,110.66666666666667,W5 2QT,,,,,,,,,,,,,,,,,,,,,,,,"Montpelier Road, Ealing, London, W5 2QT"
122,8,Holy Cross RC School,Hammersmith and Fulham,100345,3 to 11,71,622.0,17.0,Roman Catholic,True,,30.19,20.60284862537264,False,87.7366504854369,92.0,24.0,110.0,110.0,110.0,110.0,SW6 4BL,,,,,,,,,,,,,,,,,,,,,,,,"Basuto Road, London, SW6 4BL"
123,5,Jessop Primary School,Lambeth,100572,2 to 11,52,294.0,48.0,Does not apply,False,75,17.0,17.294117647058822,False,87.73058252427184,85.0,21.0,111.0,110.0,111.0,110.66666666666667,SE24 0BJ,,,,,,,,,,,,,,,,,,,,,,,,"Lowden Road, Herne Hill, London, SE24 0BJ"
124,5,South Grove Primary School,Waltham Forest,103072,3 to 11,50,460.0,40.0,Does not apply,False,76,21.26,21.636876763875822,False,87.69417475728154,90.0,24.0,109.0,109.0,115.0,111.0,E17 8PW,,,,,,,,,,,,,,,,,,,,,,,,"Ringwood Road, London, E17 8PW"
125,7,Colville Primary School,Kensington and Chelsea,100481,0 to 11,53,467.0,43.0,Does not apply,False,77,21.6,21.62037037037037,False,87.40291262135922,87.0,25.0,109.0,110.0,112.0,110.33333333333333,W11 2DF,,,,,,,,,,,,,,,,,,,,,,,,"Lonsdale Road, Portobello Road, London, W11 2DF"
126,1,St Luke's CofE Primary School,Kingston upon Thames,102604,3 to 11,30,240.0,10.0,Church of England,True,,11.84,20.27027027027027,False,87.34830097087378,80.0,27.0,111.0,109.0,113.0,111.0,KT2 6EN,,,,,,,,,,,,,,,,,,,,,,,,"Acre Road, Kingston upon Thames, KT2 6EN"
127,2,St Joseph's Catholic Primary School,Barking and Dagenham,147328,3 to 11,18,237.0,44.0,Roman Catholic,True,,14.0,16.928571428571427,False,87.34223300970874,83.0,28.0,109.0,113.0,111.0,111.0,IG11 7AR,,,,,,,,,,,,,,,,,,,,,,,,"The Broadway, Barking, IG11 7AR"
128,4,Tudor Primary School,Ealing,101913,3 to 11,52,416.0,50.0,Does not apply,False,78,19.2,21.666666666666668,False,87.31796116504854,85.0,19.0,109.0,112.0,115.0,112.0,UB1 1NX,,,,,,,,,,,,,,,,,,,,,,,,"Tudor Road, Southall, UB1 1NX"
129,2,Nelmes Primary School,Havering,102321,4 to 11,61,430.0,10.0,Does not apply,False,79,17.8,24.157303370786515,False,87.2754854368932,89.0,28.0,111.0,110.0,109.0,110.0,RM11 3BX,,,,,,,,,,,,,,,,,,,,,,,,"Wingletye Lane, Hornchurch, RM11 3BX"
130,6,Ainslie Wood Primary School,Waltham Forest,130343,3 to 11,53,437.0,15.0,Does not apply,False,80,23.42,18.65926558497011,False,87.2633495145631,87.0,34.0,109.0,111.0,110.0,110.0,E4 9DD,,,,,,,,,,,,,,,,,,,,,,,,"140 Ainslie Wood Road, Waltham Forest, London, E4 9DD"
131,2,St John Fisher Catholic Primary School,Bexley,101460,4 to 11,30,198.0,50.0,Roman Catholic,True,,11.7,16.923076923076923,False,87.01456310679612,90.0,17.0,110.0,110.0,112.0,110.66666666666667,DA18 4BA,,,,,,,,,,,,,,,,,,,,,,,,"Kale Road, Thamesmead, Erith, DA18 4BA"
132,3,Bishop Gilpin CofE Primary School,Merton,102666,3 to 11,51,464.0,8.0,Church of England,True,,22.3,20.807174887892376,False,87.00242718446601,78.0,31.0,111.0,109.0,113.0,111.0,SW19 7EP,,,,,,,,,,,,,,,,,,,,,,,,"Lake Road, Wimbledon, SW19 7EP"
133,10,St Paul's CofE Primary School NW7,Barnet,101326,4 to 11,30,206.0,27.0,Church of England,True,,10.55,19.5260663507109,False,86.95995145631068,87.0,20.0,112.0,110.0,110.0,110.66666666666667,NW7 1QU,,,,,,,,,,,,,,,,,,,,,,,,"The Ridgeway, Mill Hill, London, NW7 1QU"
134,4,St Joseph's Roman Catholic Primary School,Brent,101555,2 to 11,58,485.0,33.0,Roman Catholic,True,,24.4,19.87704918032787,False,86.8385922330097,91.0,12.0,113.0,110.0,115.0,112.66666666666667,NW10 9LS,,,,,,,,,,,,,,,,,,,,,,,,"Goodson Road, Willesden, London, NW10 9LS"
135,7,St Vincent's Catholic Primary School,Westminster,101143,3 to 11,30,233.0,23.0,Roman Catholic,True,,10.78,21.61410018552876,False,86.78398058252426,90.0,23.0,109.0,109.0,113.0,110.33333333333333,W1U 4DF,,,,,,,,,,,,,,,,,,,,,,,,"St Vincent Street, London, W1U 4DF"
136,6,Stockwell Primary School,Lambeth,100582,2 to 11,60,402.0,73.0,Does not apply,False,81,19.0,21.157894736842106,False,86.75364077669903,95.0,25.0,110.0,109.0,110.0,109.66666666666667,SW9 9TG,,,,,,,,,,,,,,,,,,,,,,,,"Stockwell Road, London, SW9 9TG"
137,11,St Winefride's RC Primary School,Newham,148972,2 to 11,33,242.0,33.0,Roman Catholic,True,,7.4,32.7027027027027,False,86.36529126213593,82.0,15.0,112.0,112.0,112.0,112.0,E12 6HB,,,,,,,,,,,,,,,,,,,,,,,,"Church Road, Manor Park, London, E12 6HB"
138,6,Our Lady of Muswell Catholic Primary School,Haringey,102142,3 to 11,57,418.0,18.0,Roman Catholic,True,,17.6,23.749999999999996,False,86.34708737864078,82.0,21.0,111.0,110.0,111.0,110.66666666666667,N10 1PS,,,,,,,,,,,,,,,,,,,,,,,,"Pages Lane, Muswell Hill, London, N10 1PS"
139,6,Perry Hall Primary School,Bromley,140448,5 to 11,62,437.0,15.0,Does not apply,False,82,17.1,25.555555555555554,False,86.2621359223301,90.0,21.0,110.0,110.0,110.0,110.0,BR6 0EF,,,,,,,,,,,,,,,,,,,,,,,,"Perry Hall Road, Orpington, BR6 0EF"
140,12,Curwen Primary School,Newham,144142,3 to 11,108,854.0,46.0,Does not apply,False,83,44.8,19.0625,False,86.24393203883494,82.0,26.0,109.0,110.0,113.0,110.66666666666667,E13 0AG,,,,,,,,,,,,,,,,,,,,,,,,"Atlas Road, London, E13 0AG"
141,3,Northwold Primary School,Hackney,141576,2 to 11,42,308.0,57.0,Does not apply,False,84,13.82,22.286541244573083,False,86.00728155339806,90.0,31.0,108.0,109.0,113.0,110.0,E5 8RN,,,,,,,,,,,,,,,,,,,,,,,,"Northwold Road, Clapton, London, E5 8RN"
142,8,Bousfield Primary School,Kensington and Chelsea,100480,3 to 11,54,431.0,28.0,Does not apply,False,85,20.2,21.33663366336634,False,85.94660194174757,74.0,35.0,111.0,110.0,112.0,111.0,SW5 0DJ,,,,,,,,,,,,,,,,,,,,,,,,"South Bolton Gardens, London, SW5 0DJ"
143,7,The Jenny Hammond Primary School,Waltham Forest,103082,4 to 11,47,380.0,32.0,Does not apply,False,86,16.6,22.891566265060238,False,85.94053398058253,83.0,19.0,111.0,110.0,111.0,110.66666666666667,E11 3JH,,,,,,,,,,,,,,,,,,,,,,,,"Elsham Road, Leytonstone, London, E11 3JH"
144,3,Oasis Academy Byron,Croydon,138687,2 to 11,28,227.0,25.0,Does not apply,False,87,10.85,20.921658986175117,False,85.873786407767,89.0,14.0,111.0,111.0,111.0,111.0,CR5 2XE,,,,,,,,,,,,,,,,,,,,,,,,"St David's, Off Stoneyfield Road, Coulsdon, CR5 2XE"
145,11,St Stephen's C E Primary School,Richmond upon Thames,102915,4 to 11,58,416.0,16.0,Church of England,True,,18.97,21.929362150764366,False,85.77063106796116,79.0,31.0,111.0,109.0,111.0,110.33333333333333,TW1 1LF,,,,,,,,,,,,,,,,,,,,,,,,"Winchester Road, Twickenham, TW1 1LF"
146,7,Fullwood Primary School,Redbridge,102833,3 to 11,59,454.0,12.0,Does not apply,False,88,19.4,23.402061855670105,False,85.75242718446601,86.0,19.0,110.0,110.0,111.0,110.33333333333333,IG6 1ER,,,,,,,,,,,,,,,,,,,,,,,,"21-24 Burford Close, Off Hatley Avenue, Barkingside, Ilford, IG6 1ER"
147,5,Tufnell Park Primary School,Islington,100430,2 to 11,43,458.0,56.0,Does not apply,False,89,19.2,23.854166666666668,False,85.70388349514563,84.0,19.0,109.0,112.0,112.0,111.0,N7 0HJ,,,,,,,,,,,,,,,,,,,,,,,,"31 Carleton Road, London, N7 0HJ"
148,11,St John's CofE Primary and Nursery School,Barnet,101321,3 to 11,30,248.0,20.0,Church of England,True,,16.61,14.930764599638772,True,85.53398058252426,87.0,13.0,110.0,112.0,114.0,112.0,N20 0PL,,,,,,,,,,,,,,,,,,,,,,,,"Swan Lane, Whetstone, London, N20 0PL"
149,13,Shaftesbury Primary School,Newham,145627,3 to 11,82,637.0,40.0,Does not apply,False,90,26.6,23.94736842105263,False,85.51577669902912,89.0,22.0,109.0,109.0,112.0,110.0,E7 8PF,,,,,,,,,,,,,,,,,,,,,,,,"Shaftesbury Road, Forest Gate, London, E7 8PF"
150,14,Ranelagh Primary School,Newham,144139,3 to 11,43,295.0,51.0,Does not apply,False,91,18.3,16.120218579234972,False,85.49150485436893,77.0,28.0,109.0,111.0,114.0,111.33333333333333,E15 3DN,,,,,,,,,,,,,,,,,,,,,,,,"Corporation Street, Stratford, London, E15 3DN"
151,12,Menorah Foundation School,Barnet,131359,3 to 11,46,320.0,2.0,Jewish,True,,14.44,22.1606648199446,False,85.21844660194175,96.0,9.0,111.0,112.0,115.0,112.66666666666667,HA8 0QS,,,,,,,,,,,,,,,,,,,,,,,,"2-8 Abbots Road, EDGWARE, HA8 0QS"
152,1,Haberdashers' Hatcham Free School,Lewisham,139672,4 to 11,60,419.0,15.0,None,False,92,26.6,15.75187969924812,False,85.19417475728154,90.0,28.0,111.0,110.0,108.0,109.66666666666667,SE14 5SF,,,,,,,,,,,,,,,,,,,,,,,,"Pepys Road, London, SE14 5SF"
153,4,St Michael's CofE Primary School,Wandsworth,101049,3 to 11,60,434.0,13.0,Church of England,True,,20.6,21.06796116504854,False,85.13956310679612,83.0,18.0,110.0,110.0,112.0,110.66666666666667,SW18 5SQ,,,,,,,,,,,,,,,,,,,412,2026,Wandsworth Council reception allocations,https://www.wandsworth.gov.uk/media/4q2f3jqt/how_places_were_allocated_for_primary_schools_2026.pdf,Furthest distance offered for open places,"Granville Road, Southfields, London, SW18 5SQ"
154,3,Abacus Belsize Primary School,Camden,139837,4 to 11,19,158.0,42.0,None,False,93,9.0,17.555555555555557,False,85.0,84.0,32.0,109.0,109.0,111.0,109.66666666666667,N1C 4PF,,,,,,,,,,,,,,,,,,,,,,,,"Jubilee Waterside Centre, 105 Camley Street, London, N1C 4PF"
155,8,Oakhill Primary School,Waltham Forest,103069,4 to 11,27,196.0,33.0,Does not apply,False,94,8.4,23.333333333333332,False,84.89684466019418,81.0,30.0,109.0,110.0,111.0,110.0,IG8 9PY,,,,,,,,,,,,,,,,,,,,,,,,"Alders Avenue, Woodford Green, IG8 9PY"
156,13,St Catherine's RC School,Barnet,101333,2 to 11,60,480.0,17.0,Roman Catholic,True,,22.4,21.42857142857143,False,84.7876213592233,85.0,27.0,110.0,109.0,110.0,109.66666666666667,EN5 2ED,,,,,,,,,,,,,,,,,,,,,,,,"Vale Drive, Barnet, EN5 2ED"
157,4,St Mark's Primary School,Merton,102645,3 to 11,28,223.0,50.0,Does not apply,False,95,11.5,19.391304347826086,False,84.7876213592233,79.0,18.0,110.0,111.0,113.0,111.33333333333333,CR4 2LF,,,,,,,,,,,,,,,,,,,,,,,,"St Mark's Road, Mitcham, CR4 2LF"
158,4,Boutcher Church of England Primary School,Southwark,100822,5 to 11,32,209.0,31.0,Church of England,True,,6.89,30.33381712626996,False,84.73300970873787,84.0,22.0,110.0,109.0,111.0,110.0,SE1 3BW,,,,,,,,,,,,,,,,,,,,,,,,"93 Grange Road, Bermondsey, London, SE1 3BW"
159,7,Holy Trinity CofE Primary School,Haringey,139240,3 to 11,24,187.0,38.0,Church of England,True,,10.28,18.190661478599225,False,84.64199029126213,92.0,17.0,110.0,109.0,111.0,110.0,N17 9EJ,,,,,,,,,,,,,,,,,,,,,,,,"Somerset Road, Tottenham, London, N17 9EJ"
160,2,Whiteheath Junior School,Hillingdon,102400,7 to 11,74,293.0,5.0,Does not apply,False,96,15.84,18.497474747474747,False,84.5995145631068,95.0,14.0,110.0,110.0,111.0,110.33333333333333,HA4 7PR,,,,,,,,,,,,,,,,,,,,,,,,"Whiteheath Avenue, Ruislip, HA4 7PR"
161,8,Wells Primary School,Redbridge,102831,3 to 11,45,344.0,20.0,Does not apply,False,97,18.53,18.56449001618996,False,84.45388349514563,87.0,33.0,109.0,109.0,110.0,109.33333333333333,IG8 0PP,,,,,,,,,,,,,,,,,,,,,,,,"Barclay Oval, Woodford Green, IG8 0PP"
162,6,Thornhill Primary School,Islington,100425,3 to 11,57,459.0,49.0,Does not apply,False,98,19.4,23.65979381443299,False,84.44781553398059,88.0,23.0,109.0,109.0,111.0,109.66666666666667,N1 1HX,,,,,,,,,,,,,,,,,,,,,,,,"Thornhill Road, Islington, London, N1 1HX"
163,7,Warren Road Primary School,Bromley,136915,4 to 11,120,840.0,6.0,Does not apply,False,99,36.8,22.826086956521742,False,84.42961165048544,76.0,22.0,111.0,111.0,111.0,111.0,BR6 6JF,,,,,,,,,,,,,,,,,,,,,,,,"Warren Road, Orpington, BR6 6JF"
164,8,St James Church of England Primary School,Haringey,102136,4 to 11,31,190.0,3.0,Church of England,True,,9.1,20.87912087912088,False,84.38713592233009,87.0,23.0,110.0,109.0,110.0,109.66666666666667,N10 3JA,,,,,,,,,,,,,,,,,,,,,,,,"Woodside Avenue, Muswell Hill, London, N10 3JA"
165,5,Phoenix Primary School,Southwark,100817,3 to 11,60,508.0,40.0,Does not apply,False,100,27.66,18.36587129428778,False,84.3385922330097,80.0,18.0,110.0,110.0,113.0,111.0,SE1 5JT,,,,,,,,,,,,,,,,,,,,,,,,"Marlborough Grove, London, SE1 5JT"
166,4,Krishna Avanti Primary School,Croydon,142861,4 to 11,25,202.0,8.0,Hindu,True,,8.77,23.03306727480046,False,84.3385922330097,84.0,16.0,109.0,111.0,114.0,111.33333333333333,CR0 4HA,,,,,,,,,,,,,,,,,,,,,,,,"Southbridge Place, Croydon, CR0 4HA"
167,4,Woodpecker Hall Primary Academy,Enfield,136952,2 to 11,109,780.0,52.0,None,False,101,36.0,21.666666666666668,False,84.30825242718446,91.0,26.0,110.0,109.0,109.0,109.33333333333333,N9 8DR,,,,,,,,,,,,,,,,,,,,,,,,"Cuckoo Hall Lane, London, N9 8DR"
168,9,St Barnabas and St Philip's CofE Primary School,Kensington and Chelsea,100493,3 to 11,27,213.0,37.0,Church of England,True,,10.0,21.3,False,84.27791262135922,89.0,15.0,110.0,110.0,111.0,110.33333333333333,W8 6EJ,,,,,,,,,,,,,,,,,,,,,,,,"58 Earls Court Road, Kensington, London, W8 6EJ"
169,5,Sacred Heart Catholic Primary School,Merton,102668,3 to 11,31,360.0,19.0,Roman Catholic,True,,20.3,17.73399014778325,False,84.27184466019418,84.0,16.0,110.0,111.0,111.0,110.66666666666667,KT3 4ND,,,,,,,,,,,,,,,,,,,,,,,,"Burlington Road, New Malden, KT3 4ND"
170,4,Torriano Primary School,Camden,100023,3 to 11,57,445.0,51.0,Does not apply,False,102,24.59,18.096787311915413,False,84.22936893203884,81.0,18.0,110.0,110.0,112.0,110.66666666666667,NW5 2SJ,,,,,,,,,,,,,,,,,,,,,,,,"Torriano Avenue, Kentish Town, London, NW5 2SJ"
171,9,Riverley Primary School,Waltham Forest,139723,3 to 11,57,450.0,39.0,Does not apply,False,103,19.86,22.658610271903324,False,84.1747572815534,84.0,26.0,110.0,109.0,110.0,109.66666666666667,E10 7BZ,,,,,,,,,,,,,,,,,,,,,,,,"Park Road, Leyton, London, E10 7BZ"
172,15,Calverton Primary School,Newham,102758,3 to 11,41,245.0,51.0,Does not apply,False,104,16.8,14.583333333333332,True,84.11407766990291,80.0,22.0,111.0,110.0,110.0,110.33333333333333,E16 3ET,,,,,,,,,,,,,,,,,,,,,,,,"King George Avenue, London, E16 3ET"
173,4,Notre Dame Catholic Primary School,Greenwich,100179,5 to 11,25,183.0,56.0,Roman Catholic,True,,8.6,21.27906976744186,False,84.04733009708738,88.0,20.0,110.0,108.0,112.0,110.0,SE18 3SJ,,,,,,,,,,,,,,,,,,,,,,,,"169 Eglinton Road, London, SE18 3SJ"
174,16,Roman Road Primary School,Newham,102740,3 to 11,47,334.0,45.0,Does not apply,False,105,18.38,18.171926006528835,False,84.04733009708738,94.0,19.0,109.0,110.0,110.0,109.66666666666667,E6 3SQ,,,,,,,,,,,,,,,,,,,,,,,,"Roman Road, London, E6 3SQ"
175,3,Riverside Primary School,Barking and Dagenham,142133,4 to 11,30,375.0,30.0,None,False,106,20.4,18.38235294117647,False,83.91990291262135,87.0,23.0,110.0,110.0,109.0,109.66666666666667,IG11 0FU,,,,,,,,,,,,,,,,,,,,,,,,"Renwick Road, Barking, IG11 0FU"
176,6,Bessemer Grange Primary School,Southwark,130918,3 to 11,69,533.0,29.0,Does not apply,False,107,25.4,20.984251968503937,False,83.74393203883494,78.0,28.0,112.0,109.0,110.0,110.33333333333333,SE5 8HP,,,,,,,,,,,,,,,,,,,,,,,,"Dylways, London, SE5 8HP"
177,5,Rockliffe Manor Primary School,Greenwich,143593,3 to 11,21,209.0,52.0,Does not apply,False,108,9.6,21.770833333333336,False,83.7378640776699,81.0,33.0,109.0,109.0,111.0,109.66666666666667,SE18 2NP,,,,,,,,,,,,,,,,,,,,,,,,"Bassant Road, London, SE18 2NP"
178,8,St Philomena's Primary School,Bromley,141482,5 to 11,28,202.0,4.0,Roman Catholic,True,,8.5,23.764705882352942,False,83.57402912621359,86.0,14.0,110.0,110.0,112.0,110.66666666666667,BR5 4DR,,,,,,,,,,,,,,,,,,,,,,,,"Chelsfield Road, Orpington, BR5 4DR"
179,3,Upminster Junior School,Havering,138944,7 to 11,90,362.0,7.0,Does not apply,False,109,15.0,24.133333333333333,False,83.53762135922331,88.0,26.0,109.0,109.0,110.0,109.33333333333333,RM14 3BS,,,,,,,,,,,,,,,,,,,,,,,,"z, St Mary's Lane, UPMINSTER, RM14 3BS"
180,6,Barrow Hedges Primary School,Sutton,145977,3 to 11,95,689.0,8.0,Does not apply,False,110,27.25,25.28440366972477,False,83.44660194174757,76.0,27.0,110.0,110.0,111.0,110.33333333333333,SM5 4LA,,,,,,,,,,,,,,,,,,,,,,,,"Harbury Road, CARSHALTON, SM5 4LA"
181,10,Coppermill Primary School,Waltham Forest,103078,3 to 11,21,183.0,24.0,Does not apply,False,111,12.4,14.758064516129032,True,83.28883495145631,86.0,14.0,111.0,109.0,112.0,110.66666666666667,E17 6PB,,,,,,,,,,,,,,,,,,,,,,,,"Edward Road, Walthamstow, London, E17 6PB"
182,2,Bigland Green Primary School,Tower Hamlets,100939,3 to 11,60,475.0,57.0,Does not apply,False,112,24.5,19.387755102040817,False,83.28276699029125,87.0,15.0,109.0,110.0,113.0,110.66666666666667,E1 2ND,,,,,,,,,,,,,,,,,,,,,,,,"Bigland Street, Wapping, London, E1 2ND"
183,8,Christ Church Bentinck CofE Primary School,Westminster,101147,3 to 11,23,213.0,57.0,Church of England,True,,10.6,20.09433962264151,False,83.23422330097088,78.0,13.0,111.0,112.0,116.0,113.0,NW1 5NS,,,,,,,,,,,,,,,,,,,,,,,,"Cosway Street, Marylebone, London, NW1 5NS"
184,14,Hasmonean Primary School,Barnet,130998,3 to 11,30,198.0,20.0,Jewish,True,,13.13,15.07996953541508,True,83.1492718446602,90.0,10.0,112.0,110.0,112.0,111.33333333333333,NW4 2PD,,,,,,,,,,,,,,,,,,,,,,,,"8-10 Shirehall Lane, Hendon, London, NW4 2PD"
185,12,East Sheen Primary School,Richmond upon Thames,102885,4 to 11,83,590.0,20.0,Does not apply,False,113,27.25,21.65137614678899,False,83.14320388349515,83.0,24.0,110.0,109.0,110.0,109.66666666666667,SW14 8ED,,,,,,,,,,,,,,,,,,,,,,,,"Upper Richmond Road West, East Sheen, London, SW14 8ED"
186,5,North West London Jewish Day School,Brent,141154,3 to 11,25,202.0,0.0,Jewish,True,,13.3,15.187969924812029,True,83.09466019417475,80.0,24.0,111.0,109.0,110.0,110.0,NW6 7PP,,,,,,,,,,,,,,,,,,,,,,,,"180 Willesden Lane, London, NW6 7PP"
187,5,Eleanor Palmer Primary School,Camden,100027,3 to 11,29,237.0,24.0,Does not apply,False,114,11.4,20.789473684210527,False,83.08252427184466,93.0,28.0,109.0,109.0,109.0,109.0,NW5 2JA,,,,,,,,,,,,,,,,,,,,,,,,"Lupton Street, Tufnell Park, London, NW5 2JA"
188,4,Grimsdyke School,Harrow,102187,4 to 11,90,628.0,10.0,Does not apply,False,115,25.08,25.039872408293462,False,82.98543689320388,87.0,12.0,110.0,111.0,112.0,111.0,HA5 4QE,,,,,,,,,,,,,,,,,,,,,,,,"Grimsdyke School, Sylvia Avenue, Hatch End, Pinner, HA5 4QE"
189,9,St Nicholas Church of England Primary,Bromley,141529,4 to 11,32,215.0,6.0,Church of England,True,,8.2,26.219512195121954,False,82.96723300970874,81.0,16.0,110.0,110.0,112.0,110.66666666666667,BR7 5PQ,,,,,,,,,,,,,,,,,,,,,,,,"School Road, Chislehurst, BR7 5PQ"
190,6,St Teresa's Catholic Primary School,Merton,102669,2 to 11,61,465.0,28.0,Roman Catholic,True,,19.27,24.130773222625844,False,82.9247572815534,77.0,15.0,110.0,113.0,114.0,112.33333333333333,SM4 6RL,,,,,,,,,,,,,,,,,,,,,,,,"Montacute Road, Morden, SM4 6RL"
191,5,Selborne Primary School,Ealing,101886,3 to 11,63,654.0,46.0,Does not apply,False,116,36.6,17.86885245901639,False,82.77305825242719,83.0,24.0,107.0,112.0,114.0,111.0,UB6 8JD,,,,,,,,,,,,,,,,,,,,,,,,"Conway Crescent, Perivale, Greenford, UB6 8JD"
192,6,Emmanuel Church of England Primary School,Camden,100030,3 to 11,30,231.0,17.0,Church of England,True,,12.6,18.333333333333332,False,82.71237864077669,87.0,20.0,110.0,110.0,109.0,109.66666666666667,NW6 1TF,,,,,,,,,,,,,,,,,,,,,,,,"152-158 Mill Lane, West Hampstead, London, NW6 1TF"
193,13,Collis Primary School,Richmond upon Thames,102903,3 to 11,91,703.0,7.0,Does not apply,False,117,30.08,23.371010638297875,False,82.55461165048543,87.0,16.0,110.0,110.0,110.0,110.0,TW11 9BS,,,,,,,,,,,,,,,,,,,,,,,,"Fairfax Road, Teddington, TW11 9BS"
194,5,Park Hill Junior School,Croydon,144382,7 to 11,93,371.0,24.0,None,False,118,19.6,18.928571428571427,False,82.5364077669903,82.0,34.0,109.0,109.0,110.0,109.33333333333333,CR0 5NS,,,,,,,,,,,,,,,,,,,,,,,,"Stanhope Road, Croydon, CR0 5NS"
195,6,Our Lady of Grace Catholic Junior School,Brent,146116,7 to 11,56,238.0,32.0,Roman Catholic,True,,11.3,21.061946902654867,False,82.5,93.0,21.0,109.0,108.0,111.0,109.33333333333333,NW2 6HS,,,,,,,,,,,,,,,,,,,,,,,,"Dollis Hill Lane, London, NW2 6HS"
196,3,Newnham Junior School,Hillingdon,102393,7 to 11,89,357.0,13.0,Does not apply,False,119,18.57,19.224555735056544,False,82.4635922330097,81.0,17.0,110.0,110.0,111.0,110.33333333333333,HA4 9RW,,,,,,,,,,,,,,,,,,,,,,,,"Newnham Avenue, Ruislip, HA4 9RW"
197,9,Avanti Court Primary School,Redbridge,142489,3 to 11,71,623.0,10.0,Hindu,True,,28.14,22.139303482587064,False,82.45145631067962,83.0,23.0,109.0,110.0,110.0,109.66666666666667,IG6 1LZ,,,,,,,,,,,,,,,,,,,,,,,,"Carlton Drive, Barkingside, IG6 1LZ"
198,5,Honeywell Junior School,Wandsworth,101011,7 to 11,76,320.0,18.0,None,False,120,15.85,20.189274447949526,False,82.44538834951456,84.0,29.0,110.0,108.0,110.0,109.33333333333333,SW11 6EF,,,,,,,,,,,,,,,,,,,,,,,,"Honeywell Road, Battersea, London, SW11 6EF"
199,9,Millbank Gardens Primary Academy,Westminster,151310,3 to 11,30,274.0,53.0,Unknown,False,121,14.8,18.513513513513512,False,82.32402912621359,87.0,23.0,109.0,109.0,110.0,109.33333333333333,SW1P 4HR,,,,,,,,,,,,,,,,,,,,,,,,"Erasmus Street, London, SW1P 4HR"
200,3,Stewart Headlam Primary School,Tower Hamlets,100923,3 to 11,30,197.0,33.0,Does not apply,False,122,13.5,14.592592592592593,True,82.26334951456312,83.0,20.0,109.0,111.0,110.0,110.0,E1 5RE,,,,,,,,,,,,,,,,,,,,,,,,"Tapp Street, Stepney, London, E1 5RE"
201,7,Cheam Park Farm Primary Academy,Sutton,140260,4 to 11,128,919.0,11.0,Does not apply,False,123,36.04,25.499445061043286,False,82.19660194174757,79.0,31.0,110.0,110.0,109.0,109.66666666666667,SM3 9UU,,,,,,,,,,,,,,,,,,,,,,,,"Molesey Drive, Cheam, Sutton, SM3 9UU"
202,15,Moss Hall Junior School,Barnet,101294,7 to 11,107,468.0,17.0,Does not apply,False,124,19.82,23.612512613521695,False,81.94174757281554,81.0,23.0,110.0,109.0,110.0,109.66666666666667,N3 1NR,,,,,,,,,,,,,,,,,,,,,,,,"187 Nether Street, Finchley, Moss Hall Grove, London, N3 1NR"
203,4,Hoxton Garden Primary,Hackney,131141,3 to 11,56,384.0,66.0,Does not apply,False,125,22.0,17.454545454545453,False,81.93567961165049,84.0,21.0,110.0,108.0,111.0,109.66666666666667,N1 5JD,,,,,,,,,,,,,,,,,,,,,,,,"Ivy Street, Hackney, London, N1 5JD"
204,11,Davies Lane Primary School,Waltham Forest,143384,2 to 11,119,956.0,23.0,Does not apply,False,126,45.0,21.244444444444444,False,81.82038834951456,87.0,30.0,109.0,109.0,109.0,109.0,E11 3DR,,,,,,,,,,,,,,,,,,,,,,,,"Davies Lane, Leytonstone, London, E11 3DR"
205,6,Deansfield Primary School,Greenwich,143599,3 to 11,55,462.0,13.0,Does not apply,False,127,20.5,22.536585365853657,False,81.77791262135923,91.0,27.0,109.0,110.0,108.0,109.0,SE9 1XP,,,,,,,,,,,,,,,,,,,,,,,,"Dairsie Road, Eltham, London, SE9 1XP"
206,10,Saint Mary's Catholic Primary School,Kensington and Chelsea,100499,3 to 11,25,165.0,44.0,Roman Catholic,True,,12.8,12.890625,True,81.61407766990291,76.0,28.0,109.0,110.0,111.0,110.0,W10 5AW,,,,,,,,,,,,,,,,,,,,,,,,"East Row, North Kensington, London, W10 5AW"
207,17,St Michael's Catholic Primary School,Newham,150664,3 to 11,27,212.0,44.0,Roman Catholic,True,,10.6,20.0,False,81.58980582524272,81.0,19.0,109.0,110.0,111.0,110.0,E6 6EE,,,,,,,,,,,,,,,,,,,,,,,,"Howard Road, East Ham, London, E6 6EE"
208,4,Concordia Academy,Havering,142885,4 to 11,31,539.0,35.0,None,False,128,25.0,21.56,False,81.55339805825243,81.0,16.0,111.0,109.0,111.0,110.33333333333333,RM7 0HG,,,,,,,,,,,,,,,,,,,,,,,,"Union Road, Romford, RM7 0HG"
209,4,Mayflower Primary School,Tower Hamlets,100913,3 to 11,50,407.0,60.0,Does not apply,False,129,23.5,17.319148936170212,False,81.54733009708738,80.0,20.0,109.0,110.0,111.0,110.0,E14 6DU,,,,,,,,,,,,,,,,,,,,,,,,"Upper North Street, Poplar, London, E14 6DU"
210,7,Benedict Academy,Merton,147970,3 to 11,30,183.0,67.0,None,False,130,11.42,16.024518388791595,False,81.52305825242718,93.0,17.0,109.0,108.0,112.0,109.66666666666667,CR4 3BE,,,,,,,,,,,,,,,,,,,,,,,,"Church Road, Mitcham, CR4 3BE"
211,6,"All Saints' CofE Primary School, Putney",Wandsworth,101034,3 to 11,24,172.0,29.0,Church of England,True,,9.33,18.435155412647372,False,81.46844660194175,79.0,21.0,111.0,109.0,110.0,110.0,SW15 1HL,,,,,,,,,,,,,,,,,,,,,,,,"Putney Common, Putney, London, SW15 1HL"
212,7,St Eugene de Mazenod Roman Catholic Primary School,Camden,100047,4 to 11,27,204.0,48.0,Roman Catholic,True,,9.0,22.666666666666668,False,81.4381067961165,81.0,30.0,110.0,109.0,109.0,109.33333333333333,NW6 4LS,,,,,,,,,,,,,,,,,,,,,,,,"Mazenod Avenue, London, NW6 4LS"
213,14,St James's Catholic Primary School,Richmond upon Thames,102913,3 to 11,93,665.0,2.0,Roman Catholic,True,,30.78,21.604938271604937,False,81.25606796116504,85.0,32.0,109.0,108.0,110.0,109.0,TW2 5NP,,,,,,,,,,,,,,,,,,,,,,,,"260 Stanley Road, Twickenham, TW2 5NP"
214,18,Keir Hardie Primary School,Newham,102725,3 to 11,59,451.0,63.0,Does not apply,False,131,22.8,19.780701754385966,False,81.19538834951456,85.0,14.0,109.0,110.0,112.0,110.33333333333333,E16 1FZ,,,,,,,,,,,,,,,,,,,,,,,,"13 Robertson Road, Canning Town, London, E16 1FZ"
215,12,Roger Ascham Primary School,Waltham Forest,136362,3 to 11,57,407.0,40.0,Does not apply,False,132,20.29,20.059142434696895,False,81.15898058252426,86.0,26.0,111.0,107.0,110.0,109.33333333333333,E17 5HU,,,,,,,,,,,,,,,,,,,,,,,,"1 Wigton Road, Walthamstow, London, E17 5HU"
216,6,Stanhope Primary School,Ealing,101907,2 to 11,51,365.0,51.0,Does not apply,False,133,19.9,18.34170854271357,False,81.15291262135922,78.0,29.0,110.0,108.0,111.0,109.66666666666667,UB6 9EG,,,,,,,,,,,,,,,,,,,,,,,,"Mansell Road, Greenford, UB6 9EG"
217,16,Brookland Junior School,Barnet,101262,7 to 11,84,353.0,20.0,Does not apply,False,134,16.98,20.78916372202591,False,81.13470873786409,82.0,17.0,110.0,110.0,110.0,110.0,NW11 6EJ,,,,,,,,,,,,,,,,,,,,,,,,"Hill Top, Hampstead Garden Suburb, London, NW11 6EJ"
218,9,Rokesly Junior School,Haringey,102106,7 to 11,81,301.0,20.0,Does not apply,False,135,15.0,20.066666666666666,False,81.10436893203884,81.0,28.0,110.0,109.0,109.0,109.33333333333333,N8 8NH,,,,,,,,,,,,,,,,,,,,,,,,"Rokesly Avenue, London, N8 8NH"
219,7,Oasis Academy Putney,Wandsworth,140222,4 to 11,20,121.0,50.0,None,False,136,7.6,15.921052631578949,False,80.98907766990291,80.0,30.0,109.0,109.0,110.0,109.33333333333333,SW15 1LY,,,,,,,,,,,,,,,,,,,,,,,,"184 Lower Richmond Road, London, SW15 1LY"
220,17,St Agnes' Catholic Primary School,Barnet,101332,3 to 11,56,431.0,34.0,Roman Catholic,True,,20.5,21.024390243902438,False,80.8373786407767,82.0,25.0,109.0,109.0,110.0,109.33333333333333,NW2 1RG,,,,,,,,,,,,,,,,,,,,,,,,"Thorverton Road, Cricklewood, London, NW2 1RG"
221,10,St Bede's Catholic Primary School,Redbridge,102845,3 to 11,59,437.0,24.0,Roman Catholic,True,,19.06,22.92759706190976,False,80.80703883495146,95.0,14.0,109.0,110.0,110.0,109.66666666666667,RM6 5RR,,,,,,,,,,,,,,,,,,,,,,,,"Canon Avenue, Chadwell Heath, Romford, RM6 5RR"
222,7,Charles Dickens Primary School,Southwark,148012,2 to 11,59,479.0,47.0,Does not apply,False,137,20.7,23.14009661835749,False,80.72815533980582,92.0,34.0,109.0,110.0,107.0,108.66666666666667,SE1 1AF,,,,,,,,,,,,,,,,,,,,,,,,"Toulmin Street, London, SE1 1AF"
223,5,Simon Marks Jewish Primary School,Hackney,100275,3 to 11,20,124.0,40.0,Jewish,True,,9.6,12.916666666666668,True,80.6735436893204,100.0,10.0,109.0,110.0,113.0,110.66666666666667,N16 6PD,,,,,,,,,,,,,,,,,,,,,,,,"75 Cazenove Road, Stoke Newington, Hackney, London, N16 6PD"
224,8,"Saint Joseph's Catholic Primary School, the Borough",Southwark,100834,3 to 11,24,169.0,33.0,Roman Catholic,True,,10.6,15.943396226415095,False,80.625,83.0,21.0,111.0,110.0,108.0,109.66666666666667,SE1 1NJ,,,,,,,,,,,,,,,,,,,,,,,,"Little Dorrit Court, Redcross Way, London, SE1 1NJ"
225,7,Meridian Primary School,Greenwich,100137,3 to 11,28,222.0,14.0,Does not apply,False,138,15.47,14.350355526826114,True,80.57038834951456,82.0,21.0,111.0,108.0,110.0,109.66666666666667,SE10 9NY,,,,,,,,,,,,,,,,,,,,,,,,"Old Woolwich Road, Greenwich, London, SE10 9NY"
226,5,Hadley Wood Primary School,Enfield,101994,4 to 11,29,205.0,7.0,Does not apply,False,139,10.3,19.90291262135922,False,80.53398058252426,100.0,7.0,111.0,110.0,112.0,111.0,EN4 0HT,,,,,,,,,,,,,,,,,,,,,,,,"Courtleigh Avenue, Hadley Wood, Barnet, EN4 0HT"
227,8,Eltham Church of England Primary School,Greenwich,100167,3 to 11,59,446.0,19.0,Church of England,True,,22.0,20.272727272727273,False,80.39441747572815,83.0,15.0,110.0,109.0,111.0,110.0,SE9 1TR,,,,,,,,,,,,,,,,,,,,,,,,"Roper Street, Eltham, London, SE9 1TR"
228,2,Fern Hill Primary School,Kingston upon Thames,148798,3 to 11,93,671.0,15.0,Does not apply,False,140,25.6,26.2109375,False,80.33373786407768,78.0,23.0,110.0,109.0,110.0,109.66666666666667,KT2 5PE,,,,,,,,,,,,,,,,,,,,,,,,"Richmond Road, Kingston upon Thames, KT2 5PE"
229,7,Ambler Primary School and Children's Centre,Islington,100397,0 to 11,60,525.0,37.0,Does not apply,False,141,22.39,23.44796784278696,False,80.28519417475728,78.0,13.0,111.0,110.0,112.0,111.0,N4 2DR,,,,,,,,,,,,,,,,,,,,,,,,"Blackstock Road, Finsbury Park, London, N4 2DR"
230,8,Trinity St Mary's CofE Primary School,Wandsworth,101047,2 to 11,21,120.0,62.0,Church of England,True,,7.9,15.189873417721518,True,80.16383495145631,71.0,19.0,110.0,112.0,112.0,111.33333333333333,SW12 8DR,,,,,,,,,,,,,,,,,,,,,,,,"6 Balham Park Road, London, SW12 8DR"
231,9,Dulwich Hamlet Junior School,Southwark,136665,7 to 11,86,364.0,16.0,Does not apply,False,142,14.65,24.84641638225256,False,80.14563106796116,84.0,28.0,110.0,109.0,108.0,109.0,SE21 7AL,,,,,,,,,,,,,,,,,,,,,,,,"Dulwich Village, London, SE21 7AL"
232,7,Sinai Jewish Primary School,Brent,101549,3 to 11,92,645.0,7.0,Jewish,True,,36.92,17.470205850487538,False,80.11529126213593,86.0,20.0,109.0,108.0,111.0,109.33333333333333,HA3 9UD,,,,,,,,,,,,,,,,,,,,,,,,"Shakespeare Drive, Kenton, Harrow, HA3 9UD"
233,5,St John Fisher Catholic Primary School,Harrow,146178,4 to 11,89,624.0,10.0,Roman Catholic,True,,25.29,24.67378410438909,False,80.08495145631068,84.0,17.0,109.0,110.0,110.0,109.66666666666667,HA5 5RA,,,,,,,,,,,,,,,,,,,,,,,,"Melrose Road, Pinner, HA5 5RA"
234,10,St Martin of Porres Catholic Primary School,Haringey,102150,4 to 11,18,117.0,28.0,Roman Catholic,True,,7.4,15.81081081081081,False,79.98179611650485,83.0,17.0,110.0,109.0,110.0,109.66666666666667,N11 2AF,,,,,,,,,,,,,,,,,,,,,,,,"Blake Road, New Southgate, London, N11 2AF"
235,18,Foulds School,Barnet,101279,5 to 11,45,313.0,4.0,Does not apply,False,143,14.66,21.350613915416098,False,79.88470873786407,84.0,11.0,110.0,111.0,111.0,110.66666666666667,EN5 4NR,,,,,,,,,,,,,,,,,,,,,,,,"Byng Road, Barnet, EN5 4NR"
236,3,Foster's Primary School,Bexley,101451,3 to 11,62,450.0,19.0,None,False,144,22.02,20.435967302452315,False,79.7754854368932,82.0,18.0,109.0,109.0,111.0,109.66666666666667,DA16 1PN,,,,,,,,,,,,,,,,,,,,,,,,"Westbrooke Road, Welling, DA16 1PN"
237,13,Selwyn Primary School,Waltham Forest,143383,2 to 11,87,708.0,32.0,Does not apply,False,145,27.0,26.22222222222222,False,79.75728155339806,87.0,34.0,110.0,108.0,108.0,108.66666666666667,E4 9NE,,,,,,,,,,,,,,,,,,,,,,,,"105 Selwyn Avenue, London, E4 9NE"
238,6,Grange Park Primary School,Enfield,145207,3 to 11,93,806.0,22.0,Does not apply,False,146,32.8,24.573170731707318,False,79.73907766990291,87.0,23.0,108.0,109.0,110.0,109.0,N21 1PP,,,,,,,,,,,,,,,,,,,,,,,,"World's End Lane, Winchmore Hill, London, N21 1PP"
239,7,St Andrew's Southgate Primary School (CE),Enfield,102030,4 to 11,29,198.0,21.0,Church of England,True,,9.24,21.428571428571427,False,79.67839805825243,79.0,31.0,108.0,110.0,110.0,109.33333333333333,N14 6JA,,,,,,,,,,,,,,,,,,,,,,,,"297 Chase Road, Southgate, London, N14 6JA"
240,14,Thomas Gamuel Primary School,Waltham Forest,140405,2 to 11,42,347.0,38.0,Does not apply,False,147,15.2,22.828947368421055,False,79.36893203883496,83.0,21.0,109.0,108.0,111.0,109.33333333333333,E17 8LG,,,,,,,,,,,,,,,,,,,,,,,,"Colchester Road, Walthamstow, London, E17 8LG"
241,11,Oratory Roman Catholic Primary School,Kensington and Chelsea,100491,5 to 11,29,210.0,17.0,Roman Catholic,True,,10.0,21.0,False,79.32645631067962,83.0,17.0,110.0,108.0,111.0,109.66666666666667,SW3 6QH,,,,,,,,,,,,,,,,,,,,,,,,"Bury Walk, Cale Street, Chelsea, London, SW3 6QH"
242,15,Bishop Perrin Church of England Primary School,Richmond upon Thames,102918,4 to 11,30,209.0,13.0,Church of England,True,,10.65,19.624413145539904,False,79.25970873786407,83.0,20.0,110.0,108.0,110.0,109.33333333333333,TW2 6LF,,,,,,,,,,,,,,,,,,,,,,,,"Hospital Bridge Road, Twickenham, TW2 6LF"
243,19,The Orion Primary School,Barnet,131970,2 to 11,118,955.0,64.0,Does not apply,False,148,46.34,20.60854553301683,False,79.25364077669903,77.0,14.0,110.0,110.0,112.0,110.66666666666667,NW7 2AL,,,,,,,,,,,,,,,,,,,,,,,,"Grahame Park Way, Mill Hill, London, NW7 2AL"
244,7,Herbert Morrison Primary School,Lambeth,100604,3 to 11,26,213.0,27.0,Does not apply,False,149,10.2,20.88235294117647,False,79.21723300970874,88.0,12.0,111.0,109.0,110.0,110.0,SW8 2HP,,,,,,,,,,,,,,,,,,,,,,,,"Hartington Road, London, SW8 2HP"
245,20,"St Mary's CofE Primary School, East Barnet",Barnet,101324,4 to 11,31,217.0,10.0,Church of England,True,,10.98,19.763205828779597,False,79.08373786407768,77.0,16.0,110.0,109.0,112.0,110.33333333333333,EN4 8SR,,,,,,,,,,,,,,,,,,,,,,,,"Littlegrove, East Barnet, Barnet, EN4 8SR"
246,6,St Joseph's Catholic Primary School,Harrow,146246,4 to 11,59,408.0,24.0,Roman Catholic,True,,17.8,22.92134831460674,False,79.04126213592232,86.0,22.0,108.0,109.0,110.0,109.0,HA3 7LP,,,,,,,,,,,,,,,,,,,,,,,,"Dobbin Close, Belmont Circle, Harrow, HA3 7LP"
247,9,St Mary's CofE Nursery and Primary School,Wandsworth,101046,3 to 11,21,197.0,14.0,Church of England,True,,11.0,17.90909090909091,False,78.95024271844659,76.0,24.0,109.0,109.0,111.0,109.66666666666667,SW15 1BA,,,,,,,,,,,,,,,,,,,311,2026,Wandsworth Council reception allocations,https://www.wandsworth.gov.uk/media/4q2f3jqt/how_places_were_allocated_for_primary_schools_2026.pdf,Furthest distance offered for open places,"Felsham Road, Putney, St. Mary's CE Primary School, Putney, London, SW15 1BA"
248,8,Fitzjohn's Primary School,Camden,100026,3 to 11,27,230.0,19.0,Does not apply,False,150,10.3,22.33009708737864,False,78.87135922330097,81.0,22.0,109.0,108.0,111.0,109.33333333333333,NW3 6NP,,,,,,,,,,,,,,,,,,,,,,,,"86A Fitzjohn's Avenue, London, NW3 6NP"
249,15,Stoneydown Park School,Waltham Forest,103079,3 to 11,61,611.0,18.0,Does not apply,False,151,29.68,20.58625336927224,False,78.85922330097087,80.0,18.0,109.0,109.0,111.0,109.66666666666667,E17 6JY,,,,,,,,,,,,,,,,,,,,,,,,"Pretoria Avenue, Walthamstow, London, E17 6JY"
250,10,St Mary's Catholic Primary School,Bromley,141535,4 to 11,50,411.0,8.0,Roman Catholic,True,,17.4,23.620689655172416,False,78.84708737864078,82.0,16.0,110.0,109.0,110.0,109.66666666666667,BR3 5DE,,,,,,,,,,,,,,,,,,,,,,,,"Westgate Road, Beckenham, BR3 5DE"
251,7,Vaughan Primary School,Harrow,102223,3 to 11,90,676.0,17.0,Does not apply,False,152,28.55,23.677758318739055,False,78.82888349514563,86.0,21.0,109.0,108.0,110.0,109.0,HA1 4EL,,,,,,,,,,,,,,,,,,,,,,,,"The Gardens, Vaughan Road, West Harrow, Harrow, HA1 4EL"
252,10,Belleville Primary School,Wandsworth,137563,3 to 11,118,1006.0,28.0,Does not apply,False,153,51.7,19.45841392649903,False,78.81067961165049,77.0,29.0,110.0,108.0,110.0,109.33333333333333,SW11 6PR,,,,,,,,,,,,,,,,,,,1210,2026,Wandsworth Council reception allocations,https://www.wandsworth.gov.uk/media/4q2f3jqt/how_places_were_allocated_for_primary_schools_2026.pdf,Furthest distance offered under proximity criterion,"Belleville Road, Battersea, London, SW11 6PR"
253,4,Leigh Stationers' Primary Academy,Bexley,142586,3 to 11,30,229.0,3.0,Does not apply,False,154,9.1,25.164835164835164,False,78.79854368932038,87.0,17.0,109.0,108.0,111.0,109.33333333333333,DA16 2ST,,,,,,,,,,,,,,,,,,,,,,,,"Eastcote Road, Welling, DA16 2ST"
254,11,Parish Church of England Primary School,Bromley,139984,4 to 11,88,584.0,9.0,Church of England,True,,27.77,21.029888368743247,False,78.7864077669903,80.0,31.0,109.0,108.0,110.0,109.0,BR1 4HF,,,,,,,,,,,,,,,,,,,,,,,,"London Lane, Bromley, BR1 4HF"
255,8,William Tyndale Primary School,Islington,137566,3 to 11,59,447.0,31.0,Does not apply,False,155,19.5,22.923076923076923,False,78.7864077669903,83.0,19.0,110.0,108.0,110.0,109.33333333333333,N1 2GG,,,,,,,,,,,,,,,,,,,,,,,,"Upper Street, London, N1 2GG"
256,8,Wolfson Hillel Primary School,Enfield,146663,3 to 11,58,465.0,2.0,Jewish,True,,26.22,17.73455377574371,False,78.7864077669903,88.0,10.0,110.0,109.0,112.0,110.33333333333333,N14 4LG,,,,,,,,,,,,,,,,,,,,,,,,"154 Chase Road, Southgate, London, N14 4LG"
257,11,St John Vianney RC Primary School,Haringey,102152,3 to 11,26,231.0,42.0,Roman Catholic,True,,11.42,20.2276707530648,False,78.71966019417475,77.0,27.0,109.0,109.0,110.0,109.33333333333333,N15 3HD,,,,,,,,,,,,,,,,,,,,,,,,"Stanley Road, Tottenham, London, N15 3HD"
258,21,St Mary's CofE Primary School,Barnet,101323,3 to 11,56,434.0,16.0,Church of England,True,,22.6,19.20353982300885,False,78.70752427184466,82.0,25.0,109.0,109.0,109.0,109.0,N3 1BT,,,,,,,,,,,,,,,,,,,,,,,,"Dollis Park, Finchley, London, N3 1BT"
259,9,New End Primary School,Camden,100019,3 to 11,46,320.0,22.0,Does not apply,False,156,16.2,19.75308641975309,False,78.66504854368932,83.0,15.0,110.0,109.0,110.0,109.66666666666667,NW3 1HU,,,,,,,,,,,,,,,,,,,,,,,,"Streatley Place, Hampstead, London, NW3 1HU"
260,16,St Mary's Church of England Primary School,Richmond upon Thames,102914,4 to 11,89,607.0,8.0,Church of England,True,,25.7,23.618677042801558,False,78.56796116504854,89.0,11.0,111.0,109.0,110.0,110.0,TW1 3HE,,,,,,,,,,,,,,,,,,,,,,,,"Amyand Park Road, Twickenham, TW1 3HE"
261,10,St Joseph's RC Primary School,Westminster,149488,3 to 11,23,259.0,30.0,Roman Catholic,True,,11.8,21.94915254237288,False,78.5618932038835,78.0,17.0,110.0,108.0,113.0,110.33333333333333,W9 1DF,,,,,,,,,,,,,,,,,,,,,,,,"Lanark Road, Maida Vale, London, W9 1DF"
262,5,St Joseph's Catholic Primary School,Bexley,101457,4 to 11,32,212.0,16.0,Roman Catholic,True,,9.35,22.673796791443852,False,78.50121359223301,84.0,25.0,109.0,107.0,111.0,109.0,DA1 4DZ,,,,,,,,,,,,,,,,,,,,,,,,"Old Road, Crayford, Dartford, DA1 4DZ"
263,8,Jubilee Primary School,Lambeth,133662,3 to 11,29,307.0,59.0,Does not apply,False,157,17.1,17.953216374269005,False,78.30703883495146,79.0,24.0,110.0,110.0,108.0,109.33333333333333,SW2 2JE,,,,,,,,,,,,,,,,,,,,,,,,"Tulse Hill, London, SW2 2JE"
264,9,St Mary's Catholic Primary School,Greenwich,144091,3 to 11,60,453.0,12.0,Roman Catholic,True,,17.4,26.03448275862069,False,78.25242718446603,83.0,32.0,109.0,108.0,109.0,108.66666666666667,SE9 1UF,,,,,,,,,,,,,,,,,,,,,,,,"Glenure Road, Eltham, London, SE9 1UF"
265,8,Stanburn Primary School,Harrow,102214,3 to 11,102,676.0,23.0,Does not apply,False,158,33.0,20.484848484848484,False,78.22815533980582,88.0,8.0,109.0,111.0,113.0,111.0,HA7 2PJ,,,,,,,,,,,,,,,,,,,,,,,,"Abercorn Road, Stanmore, HA7 2PJ"
266,9,Henry Cavendish Primary School,Lambeth,100567,3 to 11,104,832.0,32.0,Does not apply,False,159,39.45,21.089987325728767,False,78.21601941747572,77.0,25.0,109.0,109.0,110.0,109.33333333333333,SW12 0JA,,,,,,,,,,,,,,,,,,,,,,,,"Hydethorpe Road, London, SW12 0JA"
267,5,St Peter's London Docks CofE Primary School,Tower Hamlets,100960,3 to 11,24,232.0,42.0,Church of England,True,,12.4,18.70967741935484,False,78.20388349514563,83.0,21.0,109.0,111.0,108.0,109.33333333333333,E1W 3QT,,,,,,,,,,,,,,,,,,,,,,,,"Garnet Street, ., London, E1W 3QT"
268,16,Woodford Green Primary School,Waltham Forest,146681,2 to 11,28,229.0,25.0,Does not apply,False,160,10.8,21.203703703703702,False,78.18567961165049,93.0,21.0,108.0,108.0,110.0,108.66666666666667,IG8 0ST,,,,,,,,,,,,,,,,,,,,,,,,"Sunset Avenue, Woodford Green, IG8 0ST"
269,19,Earlham Primary School,Newham,145088,3 to 11,56,464.0,55.0,Does not apply,False,161,19.87,23.351786612984398,False,78.17961165048544,84.0,18.0,107.0,110.0,112.0,109.66666666666667,E7 9AW,,,,,,,,,,,,,,,,,,,,,,,,"Earlham Grove, Forest Gate, London, E7 9AW"
270,10,Sherington Primary School,Greenwich,100141,3 to 11,57,435.0,26.0,Does not apply,False,162,16.0,27.1875,False,78.14320388349515,84.0,21.0,109.0,108.0,110.0,109.0,SE7 7JP,,,,,,,,,,,,,,,,,,,,,,,,"Wyndcliff Road, Charlton, Wyndcliff Road, London, SE7 7JP"
271,7,Christ the Saviour Church of England Primary School,Ealing,136445,3 to 11,117,899.0,20.0,Church of England,True,,39.86,22.553938785750127,False,78.11893203883496,82.0,24.0,110.0,108.0,109.0,109.0,W5 2AA,,,,,,,,,,,,,,,,,,,,,,,,"1 Springbridge Road, Ealing Broadway, Ealing, London, W5 2AA"
272,17,Whittingham Primary Academy,Waltham Forest,139317,3 to 11,50,363.0,32.0,Does not apply,False,163,15.4,23.57142857142857,False,78.04611650485437,82.0,26.0,108.0,110.0,109.0,109.0,E17 5QX,,,,,,,,,,,,,,,,,,,,,,,,"Higham Hill Road, Walthamstow, London, E17 5QX"
273,11,"Christ Church Church of England Primary School, Shooters Hill",Greenwich,100166,5 to 11,30,208.0,20.0,Church of England,True,,8.7,23.908045977011497,False,78.00970873786409,73.0,20.0,112.0,109.0,110.0,110.33333333333333,SE18 3RS,,,,,,,,,,,,,,,,,,,,,,,,"Shooters Hill, London, SE18 3RS"
274,11,John Burns Primary School,Wandsworth,101014,3 to 11,21,165.0,71.0,Does not apply,False,164,11.0,15.0,True,77.99150485436893,90.0,14.0,110.0,108.0,110.0,109.33333333333333,SW11 5QR,,,,,,,,,,,,,,,,,,,,2026,Wandsworth Council reception allocations,https://www.wandsworth.gov.uk/media/4q2f3jqt/how_places_were_allocated_for_primary_schools_2026.pdf,All applicants offered,"Wycliffe Road, Lavender Hill, London, SW11 5QR"
275,4,Warren Junior School,Barking and Dagenham,101219,7 to 11,136,559.0,26.0,Does not apply,False,165,24.2,23.09917355371901,False,77.99150485436893,79.0,13.0,109.0,110.0,113.0,110.66666666666667,RM6 6DA,,,,,,,,,,,,,,,,,,,,,,,,"Gordon Road, Chadwell Heath, Romford, RM6 6DA"
276,6,Gonville Academy,Croydon,136714,3 to 11,60,442.0,35.0,Does not apply,False,166,20.6,21.45631067961165,False,77.9368932038835,80.0,18.0,108.0,110.0,111.0,109.66666666666667,CR7 6DL,,,,,,,,,,,,,,,,,,,,,,,,"Gonville Road, Thornton Heath, CR7 6DL"
277,22,Sacred Heart Roman Catholic Primary School,Barnet,101338,4 to 11,60,403.0,15.0,Roman Catholic,True,,18.02,22.364039955604884,False,77.85194174757282,83.0,22.0,108.0,109.0,110.0,109.0,N20 9JU,,,,,,,,,,,,,,,,,,,,,,,,"2 Oakleigh Park South, Whetstone, London, N20 9JU"
278,6,Orchard Primary School,Hackney,100234,3 to 11,75,531.0,47.0,Does not apply,False,167,33.0,16.09090909090909,False,77.82160194174757,87.0,23.0,109.0,109.0,108.0,108.66666666666667,E9 7BB,,,,,,,,,,,,,,,,,,,,,,,,"Holcroft Road, Hackney, London, E9 7BB"
279,7,The Rosary Catholic Primary School,Hounslow,135261,3 to 11,53,387.0,23.0,Roman Catholic,True,,17.71,21.852060982495765,False,77.7366504854369,85.0,11.0,108.0,111.0,114.0,111.0,TW5 0RL,,,,,,,,,,,,,,,,,,,,,,,,"10 The Green, Heston, Hounslow, TW5 0RL"
280,12,St Patrick's Catholic Primary School,Greenwich,100173,3 to 11,50,336.0,30.0,Roman Catholic,True,,16.2,20.74074074074074,False,77.60922330097088,88.0,24.0,107.0,109.0,110.0,108.66666666666667,SE18 7QG,,,,,,,,,,,,,,,,,,,,,,,,"St Patrick's Catholic Primary School,Griffin Road, Plumstead, London, SE18 7QG"
281,10,Streatham Wells Primary,Lambeth,149556,3 to 11,30,234.0,40.0,Does not apply,False,168,10.6,22.07547169811321,False,77.60315533980582,93.0,17.0,111.0,108.0,108.0,109.0,SW2 3NJ,,,,,,,,,,,,,,,,,,,,,,,,"50 Palace Road, London, SW2 3NJ"
282,10,Kingsgate Primary School,Camden,132245,3 to 11,72,594.0,68.0,Does not apply,False,169,32.9,18.054711246200608,False,77.58495145631068,88.0,24.0,108.0,110.0,108.0,108.66666666666667,NW6 4LB,,,,,,,,,,,,,,,,,,,,,,,,"Kingsgate Road, London, NW6 4LB"
283,9,Langford Primary School,Hammersmith and Fulham,141685,3 to 11,30,338.0,43.0,Does not apply,False,170,18.6,18.172043010752688,False,77.57888349514563,90.0,20.0,109.0,108.0,109.0,108.66666666666667,SW6 2LG,,,,,,,,,,,,,,,,,,,,,,,,"Gilstead Road, Fulham, London, SW6 2LG"
284,2,Turnham Academy,Lewisham,146100,3 to 11,25,171.0,48.0,None,False,171,11.2,15.267857142857144,False,77.42718446601941,88.0,24.0,106.0,111.0,110.0,109.0,SE4 2HH,,,,,,,,,,,,,,,,,,,,,,,,"Turnham Road, Brockley, London, SE4 2HH"
285,13,Kidbrooke Park Primary School,Greenwich,149683,3 to 11,60,440.0,45.0,Does not apply,False,172,24.02,18.318068276436303,False,77.39077669902913,75.0,18.0,109.0,110.0,111.0,110.0,SE3 8JG,,,,,,,,,,,,,,,,,,,,,,,,"202a Holburne Road, London, SE3 8JG"
286,12,Tetherdown Primary School,Haringey,102098,4 to 11,60,392.0,7.0,Does not apply,False,173,18.12,21.63355408388521,False,77.33616504854369,73.0,17.0,111.0,109.0,111.0,110.33333333333333,N10 3BP,,,,,,,,,,,,,,,,,,,,,,,,"Grand Avenue, London, N10 3BP"
287,11,Christchurch Primary School,Redbridge,131847,3 to 11,142,1117.0,18.0,Does not apply,False,174,45.67,24.45806875410554,False,77.3118932038835,79.0,14.0,108.0,112.0,112.0,110.66666666666667,IG1 4LQ,,,,,,,,,,,,,,,,,,,,,,,,"Wellesley Road, Ilford, IG1 4LQ"
288,6,Christ Church CofE School,Tower Hamlets,100944,3 to 11,17,153.0,35.0,Church of England,True,,10.0,15.3,False,77.28155339805825,71.0,35.0,114.0,107.0,111.0,110.66666666666667,E1 6PU,,,,,,,,,,,,,,,,,,,,,,,,"47a Brick Lane, Spitalfields, London, E1 6PU"
289,9,St Paul's CofE Primary School,Enfield,102035,4 to 11,57,420.0,9.0,Church of England,True,,18.26,23.001095290251914,False,77.251213592233,77.0,32.0,109.0,108.0,110.0,109.0,N21 2RA,,,,,,,,,,,,,,,,,,,,,,,,"Ringwood Way, Winchmore Hill, London, N21 2RA"
290,12,Aldborough Primary School,Redbridge,136934,4 to 11,51,365.0,41.0,Does not apply,False,175,19.8,18.434343434343432,False,77.22087378640776,90.0,16.0,108.0,109.0,110.0,109.0,IG3 8HZ,,,,,,,,,,,,,,,,,,,,,,,,"231 Aldborough Road South, Seven Kings, Ilford, IG3 8HZ"
291,10,All Saints CofE Primary School,Hammersmith and Fulham,100344,3 to 11,30,213.0,23.0,Church of England,True,,9.4,22.659574468085104,False,77.20873786407768,80.0,13.0,110.0,109.0,111.0,110.0,SW6 6ED,,,,,,,,,,,,,,,,,,,,,,,,"Bishops Avenue, Fulham, London, SW6 6ED"
292,4,Bourne Primary School,Hillingdon,102368,3 to 11,29,220.0,28.0,Does not apply,False,176,10.0,22.0,False,77.18446601941747,83.0,21.0,109.0,110.0,108.0,109.0,HA4 6UJ,,,,,,,,,,,,,,,,,,,,,,,,"Cedar Avenue, Ruislip, HA4 6UJ"
293,8,Dairy Meadow Primary School,Ealing,101894,3 to 11,55,401.0,44.0,Does not apply,False,177,18.0,22.27777777777778,False,77.12378640776699,82.0,18.0,108.0,110.0,110.0,109.33333333333333,UB2 4RP,,,,,,,,,,,,,,,,,,,,,,,,"Swift Road, Dairy Meadow Primary School, Southall, UB2 4RP"
294,8,Aragon Primary School,Merton,144838,3 to 11,79,623.0,32.0,Does not apply,False,178,25.2,24.72222222222222,False,77.00849514563107,85.0,15.0,109.0,110.0,109.0,109.33333333333333,SM4 4QU,,,,,,,,,,,,,,,,,,,,,,,,"Aragon Primary School, Aragon Road, Morden, SM4 4QU"
295,7,Rockmount Primary School,Croydon,101783,3 to 11,57,449.0,33.0,Does not apply,False,179,21.31,21.069920225246364,False,76.97208737864078,82.0,18.0,111.0,108.0,109.0,109.33333333333333,SE19 3ST,,,,,,,,,,,,,,,,,,,,,,,,"Chevening Road, Upper Norwood, London, SE19 3ST"
296,23,Christ Church Primary School,Barnet,101316,3 to 11,30,214.0,7.0,Church of England,True,,10.6,20.18867924528302,False,76.89927184466019,77.0,30.0,109.0,108.0,110.0,109.0,EN5 4NS,,,,,,,,,,,,,,,,,,,,,,,,"Byng Road, Christ Church Primary School, Barnet, EN5 4NS"
297,5,Hacton Primary School,Havering,146136,3 to 11,86,635.0,13.0,Does not apply,False,180,34.89,18.20005732301519,False,76.89320388349515,83.0,26.0,108.0,109.0,109.0,108.66666666666667,RM12 6AU,,,,,,,,,,,,,,,,,,,,,,,,"Chepstow Avenue, Hornchurch, RM12 6AU"
298,24,Sunnyfields Primary School,Barnet,101311,3 to 11,30,253.0,43.0,Does not apply,False,181,12.14,20.840197693574957,False,76.76577669902913,80.0,17.0,108.0,109.0,112.0,109.66666666666667,NW4 4JH,,,,,,,,,,,,,,,,,,,,,,,,"Hatchcroft, Off Greyhound Hill, Hendon, London, NW4 4JH"
299,25,Chalgrove Primary School,Barnet,101309,4 to 11,28,216.0,14.0,Does not apply,False,182,14.5,14.89655172413793,True,76.75364077669903,86.0,7.0,110.0,110.0,112.0,110.66666666666667,N3 3PL,,,,,,,,,,,,,,,,,,,,,,,,"Chalgrove Gardens, Finchley, London, N3 3PL"
300,11,Miles Coverdale Primary School,Hammersmith and Fulham,100326,3 to 11,30,225.0,50.0,Does not apply,False,183,12.33,18.248175182481752,False,76.6747572815534,73.0,37.0,108.0,109.0,111.0,109.33333333333333,W12 8JJ,,,,,,,,,,,,,,,,,,,,,,,,"Coverdale Road, Shepherds Bush, Coverdale Road, London, W12 8JJ"
301,26,Menorah Primary School for Girls,Barnet,101341,3 to 11,30,214.0,3.0,Jewish,True,,13.25,16.150943396226417,False,76.66262135922331,90.0,7.0,111.0,109.0,111.0,110.33333333333333,NW11 9SP,,,,,,,,,,,,,,,,,,,,,,,,"The Wohl Campus, 1-3 the Drive, Golders Green, London, NW11 9SP"
302,3,St Bartholomews's Church of England Primary School,Lewisham,100726,5 to 11,54,399.0,17.0,Church of England,True,,18.46,21.61430119176598,False,76.4866504854369,80.0,30.0,109.0,109.0,108.0,108.66666666666667,SE26 4LJ,,,,,,,,,,,,,,,,,,,,,,,,"The Peak, Sydenham, London, SE26 4LJ"
303,4,Rathfern Primary School,Lewisham,100700,3 to 11,60,497.0,48.0,Does not apply,False,184,23.19,21.43165157395429,False,76.45631067961165,82.0,8.0,111.0,110.0,111.0,110.66666666666667,SE6 4NL,,,,,,,,,,,,,,,,,,,,,,,,"Rathfern Road, Catford, London, SE6 4NL"
304,7,St. Paul's With St. Michael's CofE Primary School,Hackney,100269,3 to 11,22,188.0,73.0,Church of England,True,,13.6,13.823529411764707,True,76.4502427184466,82.0,18.0,109.0,107.0,113.0,109.66666666666667,E8 4PB,,,,,,,,,,,,,,,,,,,,,,,,"57a Brougham Rd, Hackney, E8 4PB"
305,17,St John the Baptist Church of England Junior School,Richmond upon Thames,102911,7 to 11,59,225.0,10.0,Church of England,True,,11.08,20.306859205776174,False,76.41383495145631,75.0,14.0,111.0,109.0,111.0,110.33333333333333,KT1 4HQ,,,,,,,,,,,,,,,,,,,,,,,,"Lower Teddington Road, Hampton Wick, Kingston upon Thames, KT1 4HQ"
306,9,Hollymount School,Merton,102633,3 to 11,58,445.0,9.0,Does not apply,False,185,20.57,21.633446767136608,False,76.31674757281553,84.0,7.0,111.0,110.0,111.0,110.66666666666667,SW20 0SQ,,,,,,,,,,,,,,,,,,,,,,,,"Cambridge Road, Raynes Park, London, SW20 0SQ"
307,18,The Winns Primary School,Waltham Forest,103061,3 to 11,55,626.0,25.0,Does not apply,False,186,26.6,23.533834586466163,False,76.31067961165049,87.0,13.0,110.0,109.0,109.0,109.33333333333333,E17 5ET,,,,,,,,,,,,,,,,,,,,,,,,"Fleeming Road, Walthamstow, London, E17 5ET"
308,10,Bowes Primary School,Enfield,143201,3 to 11,61,475.0,34.0,Does not apply,False,187,23.4,20.2991452991453,False,76.29247572815534,87.0,20.0,110.0,108.0,108.0,108.66666666666667,N11 2HL,,,,,,,,,,,,,,,,,,,,,,,,"Bowes Road, New Southgate, London, N11 2HL"
309,9,Mount Carmel Catholic Primary School,Ealing,101919,3 to 11,49,416.0,12.0,Roman Catholic,True,,19.0,21.894736842105264,False,76.15291262135922,86.0,27.0,109.0,108.0,108.0,108.33333333333333,W5 4EA,,,,,,,,,,,,,,,,,,,,,,,,"Little Ealing Lane, Ealing, London, W5 4EA"
310,5,St Margaret's Lee CofE Primary School,Lewisham,100724,4 to 11,27,204.0,33.0,Church of England,True,,12.6,16.19047619047619,False,76.14684466019416,78.0,15.0,110.0,109.0,110.0,109.66666666666667,SE13 5SG,,,,,,,,,,,,,,,,,,,,,,,,"Lee Church Street, st margarets lee ce school, London, SE13 5SG"
311,11,Rosary Catholic Primary School,Camden,100035,3 to 11,41,301.0,20.0,Roman Catholic,True,,17.6,17.102272727272727,False,76.09223300970874,73.0,32.0,108.0,110.0,110.0,109.33333333333333,NW3 2AE,,,,,,,,,,,,,,,,,,,,,,,,"238 Haverstock Hill, Hampstead, London, NW3 2AE"
312,8,St Cecilia's Catholic Primary School,Sutton,102993,3 to 11,62,465.0,8.0,Roman Catholic,True,,19.66,23.65208545269583,False,76.06189320388349,82.0,13.0,109.0,109.0,111.0,109.66666666666667,SM3 9DL,,,,,,,,,,,,,,,,,,,,,,,,"London Road, North Cheam, Sutton, SM3 9DL"
313,10,St John's Roman Catholic Primary School,Southwark,100841,3 to 11,26,228.0,50.0,Roman Catholic,True,,10.94,20.840950639853748,False,76.05582524271844,92.0,23.0,108.0,107.0,110.0,108.33333333333333,SE16 6SD,,,,,,,,,,,,,,,,,,,,,,,,"St Elmo's Road, London, SE16 6SD"
314,5,Hermitage Primary School,Hillingdon,148775,3 to 11,59,446.0,34.0,Does not apply,False,188,19.4,22.989690721649485,False,75.91019417475728,83.0,12.0,110.0,109.0,110.0,109.66666666666667,UB8 1RB,,,,,,,,,,,,,,,,,,,,,,,,"Belmont Road, Uxbridge, UB8 1RB"
315,12,Earl's Court Free School Primary,Hammersmith and Fulham,140811,4 to 11,30,204.0,47.0,None,False,189,10.9,18.71559633027523,False,75.83131067961165,83.0,33.0,108.0,109.0,108.0,108.33333333333333,W6 0LB,,,,,,,,,,,,,,,,,,,,,,,,"Cambridge Grove, London, W6 0LB"
316,3,St Andrew's and St Mark's CofE Junior School,Kingston upon Thames,102588,7 to 11,89,347.0,15.0,Church of England,True,,16.6,20.903614457831324,False,75.78883495145631,78.0,22.0,109.0,109.0,109.0,109.0,KT6 4AL,,,,,,,,,,,,,,,,,,,,,,,,"Maple Road, St Andrew's & St Mark's Junior Sch, Surbiton, KT6 4AL"
317,10,Wimbledon Park Primary School,Merton,102648,3 to 11,69,636.0,14.0,Does not apply,False,190,29.8,21.34228187919463,False,75.76456310679612,75.0,12.0,110.0,111.0,111.0,110.66666666666667,SW19 8EJ,,,,,,,,,,,,,,,,,,,,,,,,"Havana Road, London, SW19 8EJ"
318,11,Wimbledon Chase Primary School,Merton,102662,3 to 11,87,691.0,14.0,Does not apply,False,191,33.0,20.939393939393938,False,75.4004854368932,80.0,16.0,109.0,110.0,109.0,109.33333333333333,SW19 3QB,,,,,,,,,,,,,,,,,,,,,,,,"Merton Hall Road, Wimbledon, London, SW19 3QB"
319,11,Queen's Park Primary School,Westminster,101120,3 to 11,36,266.0,31.0,Does not apply,False,192,22.2,11.981981981981983,True,75.29733009708738,75.0,17.0,108.0,110.0,112.0,110.0,W10 4DQ,,,,,,,,,,,,,,,,,,,,,,,,"Droop Street, London, W10 4DQ"
320,8,Applegarth Academy,Croydon,139393,3 to 11,58,422.0,48.0,Does not apply,False,193,23.4,18.034188034188034,False,75.27912621359224,88.0,22.0,108.0,109.0,108.0,108.33333333333333,CR0 9DL,,,,,,,,,,,,,,,,,,,,,,,,"Bygrove Fieldway, New Addington, Croydon, CR0 9DL"
321,6,Royal Park Primary Academy,Bexley,142723,3 to 11,41,346.0,39.0,Does not apply,False,194,14.9,23.221476510067113,False,75.27305825242718,83.0,34.0,111.0,109.0,105.0,108.33333333333333,DA14 4PX,,,,,,,,,,,,,,,,,,,,,,,,"Riverside Road, Sidcup, DA14 4PX"
322,5,Beam Primary School,Barking and Dagenham,101202,3 to 11,79,588.0,34.0,Does not apply,False,195,36.4,16.153846153846153,False,75.16990291262135,76.0,18.0,109.0,108.0,112.0,109.66666666666667,RM10 9ED,,,,,,,,,,,,,,,,,,,,,,,,"Oval Road North, Dagenham, RM10 9ED"
323,18,Chase Bridge Primary School,Richmond upon Thames,102905,3 to 11,87,667.0,18.0,Does not apply,False,196,26.9,24.79553903345725,False,75.11529126213591,79.0,28.0,108.0,108.0,110.0,108.66666666666667,TW2 7DE,,,,,,,,,,,,,,,,,,,,,,,,"Kneller Road, Twickenham, TW2 7DE"
324,6,Gordonbrock Primary School,Lewisham,100684,3 to 11,87,637.0,21.0,Does not apply,False,197,25.8,24.689922480620154,False,75.06674757281554,85.0,24.0,109.0,108.0,108.0,108.33333333333333,SE4 1HQ,,,,,,,,,,,,,,,,,,,,,,,,"Amyruth Road, London, Brockley, SE4 1HQ"
325,9,Drayton Park Primary School,Islington,100402,3 to 11,34,257.0,50.0,Does not apply,False,198,13.99,18.370264474624733,False,74.91504854368932,85.0,18.0,109.0,108.0,109.0,108.66666666666667,N5 1PJ,,,,,,,,,,,,,,,,,,,,,,,,"Arvon Road, Highbury, London, N5 1PJ"
326,9,Robin Hood Junior School,Sutton,102984,7 to 11,89,358.0,20.0,Does not apply,False,199,15.38,23.27698309492848,False,74.89684466019418,84.0,19.0,108.0,109.0,109.0,108.66666666666667,SM1 1RL,,,,,,,,,,,,,,,,,,,,,,,,"Thorncroft Road, Sutton, SM1 1RL"
327,7,Peareswood Primary School,Bexley,137417,3 to 11,55,431.0,69.0,Does not apply,False,200,19.5,22.102564102564102,False,74.87257281553397,85.0,9.0,111.0,110.0,109.0,110.0,DA8 3PR,,,,,,,,,,,,,,,,,,,,,,,,"Peareswood Road, Erith, DA8 3PR"
328,13,Muswell Hill Primary School,Haringey,131871,4 to 11,60,419.0,13.0,Does not apply,False,201,16.64,25.18028846153846,False,74.7754854368932,85.0,23.0,109.0,108.0,108.0,108.33333333333333,N10 3ST,,,,,,,,,,,,,,,,,,,,,,,,"Muswell Hill, London, N10 3ST"
329,7,Columbia Primary School,Tower Hamlets,150662,3 to 11,54,427.0,37.0,Does not apply,False,202,22.68,18.82716049382716,False,74.72694174757282,81.0,19.0,111.0,109.0,107.0,109.0,E2 7RG,,,,,,,,,,,,,,,,,,,,,,,,"Columbia Road, Bethnal Green, London, E2 7RG"
330,11,Our Lady of Lourdes Catholic Primary School,Enfield,102040,3 to 11,32,184.0,13.0,Roman Catholic,True,,8.75,21.02857142857143,False,74.64199029126213,88.0,13.0,109.0,109.0,109.0,109.0,N11 1RD,,,,,,,,,,,,,,,,,,,,,,,,"The Limes Avenue, London, N11 1RD"
331,12,St George the Martyr Church of England Primary School,Camden,100040,3 to 11,27,197.0,52.0,Church of England,True,,8.0,24.625,False,74.55703883495146,81.0,22.0,108.0,108.0,110.0,108.66666666666667,WC1N 2NX,,,,,,,,,,,,,,,,,,,,,,,,"John's Mews, London, WC1N 2NX"
332,13,Nightingale Primary School,Redbridge,102839,3 to 11,84,692.0,11.0,Does not apply,False,203,34.8,19.885057471264368,False,74.53276699029126,79.0,26.0,109.0,107.0,110.0,108.66666666666667,E18 1PL,,,,,,,,,,,,,,,,,,,,,,,,"Ashbourne Avenue, South Woodford, London, E18 1PL"
333,9,West Lodge Primary School,Harrow,102216,4 to 11,92,640.0,8.0,Does not apply,False,204,32.09,19.94390775942661,False,74.50242718446603,76.0,8.0,110.0,111.0,113.0,111.33333333333333,HA5 1AF,,,,,,,,,,,,,,,,,,,,,,,,"West End Lane, Pinner, HA5 1AF"
334,8,William Davis Primary School,Tower Hamlets,100943,3 to 11,23,174.0,65.0,Does not apply,False,205,10.03,17.347956131605187,False,74.46601941747572,83.0,9.0,111.0,109.0,110.0,110.0,E2 6ET,,,,,,,,,,,,,,,,,,,,,,,,"Wood Close, Cheshire Street, London, E2 6ET"
335,14,Highlands Primary School,Redbridge,131013,3 to 11,82,665.0,26.0,Does not apply,False,206,25.1,26.49402390438247,False,74.45995145631068,87.0,21.0,108.0,108.0,109.0,108.33333333333333,IG1 3LE,,,,,,,,,,,,,,,,,,,,,,,,"Highlands Gardens, Ilford, IG1 3LE"
336,12,Clare House Primary School,Bromley,143033,4 to 11,60,406.0,13.0,Does not apply,False,207,17.94,22.630992196209586,False,74.38713592233009,78.0,13.0,110.0,109.0,110.0,109.66666666666667,BR3 6PY,,,,,,,,,,,,,,,,,,,,,,,,"Overbury Avenue, Beckenham, BR3 6PY"
337,11,Allen Edwards Primary School,Lambeth,100598,3 to 11,33,375.0,52.0,Does not apply,False,208,25.6,14.6484375,True,74.27791262135922,69.0,31.0,109.0,109.0,110.0,109.33333333333333,SW4 6RP,,,,,,,,,,,,,,,,,,,,,,,,"Studley Road, Stockwell, London, SW4 6RP"
338,12,Wilbury Primary School,Enfield,146900,2 to 11,102,749.0,57.0,Does not apply,False,209,35.47,21.116436425148013,False,74.16868932038835,75.0,17.0,108.0,110.0,111.0,109.66666666666667,N18 1DE,,,,,,,,,,,,,,,,,,,,,,,,"Wilbury Way, Edmonton, London, N18 1DE"
339,13,Larmenier & Sacred Heart Catholic Primary School,Hammersmith and Fulham,134009,3 to 11,57,440.0,23.0,Roman Catholic,True,,21.04,20.912547528517113,False,74.15655339805825,72.0,18.0,110.0,109.0,110.0,109.66666666666667,W6 7BL,,,,,,,,,,,,,,,,,,,,,,,,"41a Brook Green, Hammersmith, London, W6 7BL"
340,6,St Mary's Catholic Primary School,Hillingdon,102425,3 to 11,30,238.0,13.0,Roman Catholic,True,,10.8,22.037037037037035,False,74.1504854368932,83.0,7.0,111.0,109.0,111.0,110.33333333333333,UB8 2UA,,,,,,,,,,,,,,,,,,,,,,,,"Rockingham Close, Uxbridge, UB8 2UA"
341,14,Highgate Primary School,Haringey,102092,3 to 11,60,461.0,17.0,Does not apply,False,210,20.8,22.163461538461537,False,74.04126213592234,80.0,17.0,110.0,108.0,109.0,109.0,N6 4ED,,,,,,,,,,,,,,,,,,,,,,,,"North Hill, Highgate, London, N6 4ED"
342,19,St Elizabeth's Catholic Primary School,Richmond upon Thames,102910,4 to 11,30,212.0,17.0,Roman Catholic,True,,10.81,19.611470860314522,False,73.99878640776699,77.0,20.0,110.0,108.0,109.0,109.0,TW10 6HN,,,,,,,,,,,,,,,,,,,,,,,,"Queen's Road, Richmond, TW10 6HN"
343,13,"Holy Trinity and Saint Silas CofE Primary School, NW1",Camden,100033,4 to 11,29,204.0,38.0,Church of England,True,,12.15,16.790123456790123,False,73.94417475728156,79.0,28.0,111.0,107.0,108.0,108.66666666666667,NW1 8DE,,,,,,,,,,,,,,,,,,,,,,,,"Hartland Road, London, NW1 8DE"
344,8,Betty Layward Primary School,Hackney,131706,3 to 11,58,446.0,17.0,Does not apply,False,211,24.8,17.983870967741936,False,73.93810679611651,81.0,28.0,110.0,108.0,107.0,108.33333333333333,N16 9EX,,,,,,,,,,,,,,,,,,,,,,,,"Clissold Road, Hackney, London, N16 9EX"
345,15,St Michael's CofE Voluntary Aided Primary School,Haringey,102135,3 to 11,50,436.0,12.0,Church of England,True,,21.2,20.566037735849058,False,73.86529126213593,80.0,22.0,110.0,107.0,109.0,108.66666666666667,N6 4BG,,,,,,,,,,,,,,,,,,,,,,,,"North Road, Highgate, London, N6 4BG"
346,7,Holy Trinity CofE Primary School,Hillingdon,102418,3 to 11,25,204.0,16.0,Church of England,True,,5.76,35.41666666666667,False,73.80461165048544,88.0,4.0,110.0,110.0,111.0,110.33333333333333,HA6 2RH,,,,,,,,,,,,,,,,,,,,,,,,"Rickmansworth Road, L B H-Holy Trinity  School, Middlesex, HA6 2RH"
347,9,David Livingstone Academy,Croydon,137195,4 to 11,26,196.0,42.0,Does not apply,False,212,8.0,24.5,False,73.66504854368932,88.0,12.0,108.0,108.0,112.0,109.33333333333333,CR7 8HX,,,,,,,,,,,,,,,,,,,,,,,,"Northwood Road, Thornton Heath, CR7 8HX"
348,6,The St Teresa Catholic Primary School,Barking and Dagenham,147330,3 to 11,30,224.0,27.0,Roman Catholic,True,,9.18,24.40087145969499,False,73.55582524271846,83.0,13.0,110.0,107.0,111.0,109.33333333333333,RM8 2XJ,,,,,,,,,,,,,,,,,,,,,,,,"Bowes Road, Bowes Road, Dagenham, RM8 2XJ"
349,16,South Harringay Junior School,Haringey,102110,7 to 11,40,218.0,13.0,Does not apply,False,213,9.64,22.614107883817425,False,73.5133495145631,78.0,33.0,109.0,108.0,108.0,108.33333333333333,N4 1BA,,,,,,,,,,,,,,,,,,,,,,,,"Pemberton Rd, London, N4 1BA"
350,19,Sybourn Primary School,Waltham Forest,139724,2 to 11,58,516.0,45.0,Does not apply,False,214,24.4,21.147540983606557,False,73.501213592233,79.0,31.0,108.0,108.0,109.0,108.33333333333333,E17 8HA,,,,,,,,,,,,,,,,,,,,,,,,"Sybourn Street, London, E17 8HA"
351,27,The Hyde School,Barnet,139817,3 to 11,58,473.0,22.0,Does not apply,False,215,20.4,23.186274509803923,False,73.48300970873787,76.0,24.0,107.0,110.0,110.0,109.0,NW9 7EY,,,,,,,,,,,,,,,,,,,,,,,,"Hyde Crescent, London, NW9 7EY"
352,12,Dundonald Primary School,Merton,102628,3 to 11,56,430.0,9.0,Does not apply,False,216,20.8,20.673076923076923,False,73.45266990291262,75.0,11.0,111.0,110.0,110.0,110.33333333333333,SW19 3QH,,,,,,,,,,,,,,,,,,,,,,,,"Dundonald Road, London, SW19 3QH"
353,4,Latchmere School,Kingston upon Thames,138689,3 to 11,122,728.0,13.0,Does not apply,False,217,32.48,22.413793103448278,False,73.43446601941747,76.0,16.0,109.0,109.0,110.0,109.33333333333333,KT2 5TT,,,,,,,,,,,,,,,,,,,,,,,,"Latchmere Road, Kingston upon Thames, KT2 5TT"
354,13,Valley Primary School,Bromley,137242,2 to 11,84,460.0,23.0,Does not apply,False,218,17.66,26.047565118912797,False,73.40412621359224,83.0,17.0,109.0,108.0,109.0,108.66666666666667,BR2 0DA,,,,,,,,,,,,,,,,,,,,,,,,"Beckenham Lane, Shortlands, Bromley, BR2 0DA"
355,10,St Anselm's Catholic Primary School,Harrow,102230,4 to 11,58,414.0,12.0,Roman Catholic,True,,19.4,21.340206185567013,False,73.33131067961165,79.0,10.0,109.0,110.0,111.0,110.0,HA1 3BE,,,,,,,,,,,,,,,,,,,,,,,,"Roxborough Park, Harrow, HA1 3BE"
356,11,St Joseph's Catholic Primary School,Southwark,100833,3 to 11,28,225.0,32.0,Roman Catholic,True,,10.32,21.802325581395348,False,73.31917475728156,79.0,18.0,108.0,108.0,111.0,109.0,SE16 2TY,,,,,,,,,,,,,,,,,,,,,,,,"Gomm Road, Lower Road, Rotherhithe, London, SE16 2TY"
357,20,Trafalgar Junior School,Richmond upon Thames,102900,7 to 11,57,289.0,21.0,Does not apply,False,219,14.29,20.223932820153955,False,73.30703883495146,75.0,14.0,110.0,109.0,110.0,109.66666666666667,TW2 5EG,,,,,,,,,,,,,,,,,,,,,,,,"Elmsleigh Road, Twickenham, TW2 5EG"
358,20,Salisbury Primary School,Newham,102742,2 to 11,71,496.0,56.0,Does not apply,False,220,26.7,18.576779026217228,False,73.25849514563106,83.0,23.0,107.0,109.0,109.0,108.33333333333333,E12 6TH,,,,,,,,,,,,,,,,,,,,,,,,"495 High Street North, Salisbury Primary School, Manor Park, E12 6TH"
359,21,Central Park Primary School,Newham,130995,3 to 11,110,919.0,49.0,Does not apply,False,221,43.5,21.126436781609197,False,73.25849514563106,76.0,23.0,107.0,109.0,111.0,109.0,E6 3DW,,,,,,,,,,,,,,,,,,,,,,,,"Central Park Road, London, E6 3DW"
360,7,Eliot Bank Primary School,Lewisham,100711,3 to 11,46,397.0,15.0,Does not apply,False,222,19.1,20.785340314136125,False,73.22208737864078,85.0,20.0,110.0,108.0,107.0,108.33333333333333,SE26 4BU,,,,,,,,,,,,,,,,,,,,,,,,"Thorpewood Avenue, Sydenham, London, SE26 4BU"
361,13,St Monica's RC Primary School,Enfield,102039,2 to 11,51,429.0,6.0,Roman Catholic,True,,20.8,20.625,False,73.20995145631069,73.0,25.0,109.0,108.0,110.0,109.0,N14 7HE,,,,,,,,,,,,,,,,,,,,,,,,"Cannon Road, Southgate, London, N14 7HE"
362,9,William Patten Primary School,Hackney,130932,3 to 11,60,441.0,22.0,Does not apply,False,223,23.08,19.10745233968804,False,73.20388349514563,83.0,22.0,110.0,108.0,107.0,108.33333333333333,N16 0NX,,,,,,,,,,,,,,,,,,,,,,,,"Stoke Newington Church St, London, N16 0NX"
363,13,Holy Trinity CofE Primary School,Merton,102665,3 to 11,48,435.0,15.0,Church of England,True,,18.83,23.10143388210303,False,73.01577669902912,75.0,21.0,110.0,108.0,109.0,109.0,SW19 8PW,,,,,,,,,,,,,,,,,,,,,,,,"Effra Road, Wimbledon, London, SW19 8PW"
364,10,Winterbourne Boys' Academy,Croydon,140683,7 to 11,44,198.0,41.0,Does not apply,False,224,11.0,18.0,False,72.99150485436893,80.0,9.0,109.0,110.0,111.0,110.0,CR7 7QT,,,,,,,,,,,,,,,,,,,,,,,,"Winterbourne Road, Thornton Heath, CR7 7QT"
365,12,Corpus Christi Catholic Primary School,Lambeth,137295,3 to 11,46,402.0,33.0,Roman Catholic,True,,20.19,19.910846953937593,False,72.96116504854369,85.0,15.0,109.0,108.0,109.0,108.66666666666667,SW2 5BL,,,,,,,,,,,,,,,,,,,,,,,,"Trent Road, Lambeth, Corpus Christi Primary School, London, SW2 5BL"
366,13,Immanuel and St Andrew Church of England Primary School,Lambeth,100633,3 to 11,58,417.0,28.0,Church of England,True,,18.6,22.419354838709676,False,72.9004854368932,90.0,7.0,110.0,108.0,111.0,109.66666666666667,SW16 5SL,,,,,,,,,,,,,,,,,,,,,,,,"Northanger Road, Streatham, London, SW16 5SL"
367,14,St Patrick's Catholic Primary School,Camden,100045,3 to 11,16,121.0,69.0,Roman Catholic,True,,7.65,15.816993464052286,False,72.82160194174757,69.0,13.0,111.0,109.0,112.0,110.66666666666667,NW5 3AH,,,,,,,,,,,,,,,,,,,,,,,,"Holmes Road, London, NW5 3AH"
368,14,Halstow Primary School,Greenwich,143597,5 to 11,53,407.0,30.0,Does not apply,False,225,19.0,21.42105263157895,False,72.80946601941748,75.0,28.0,108.0,109.0,109.0,108.66666666666667,SE10 0LD,,,,,,,,,,,,,,,,,,,,,,,,"Halstow Road, Greenwich, London, SE10 0LD"
369,14,St George's Catholic Primary School,Enfield,102038,3 to 11,84,535.0,15.0,Roman Catholic,True,,22.58,23.693534100974315,False,72.77912621359224,81.0,14.0,108.0,108.0,112.0,109.33333333333333,EN2 0QA,,,,,,,,,,,,,,,,,,,,,,,,"Gordon Road, Enfield, EN2 0QA"
370,8,St Thomas More Catholic Primary School,Bexley,149373,4 to 11,62,424.0,11.0,Roman Catholic,True,,18.6,22.79569892473118,False,72.59101941747574,84.0,15.0,109.0,108.0,109.0,108.66666666666667,DA7 4PH,,,,,,,,,,,,,,,,,,,,,,,,"Sheldon Road, Bexleyheath, DA7 4PH"
371,14,St Mary's Catholic Primary School,Merton,102670,3 to 11,57,427.0,11.0,Roman Catholic,True,,21.0,20.333333333333332,False,72.55461165048544,75.0,14.0,111.0,109.0,109.0,109.66666666666667,SW19 1QL,,,,,,,,,,,,,,,,,,,,,,,,"Russell Road, Wimbledon, London, SW19 1QL"
372,28,Sacks Morasha Jewish Primary School,Barnet,146662,4 to 11,31,201.0,0.0,Jewish,True,,13.84,14.523121387283236,True,72.50606796116504,77.0,19.0,111.0,109.0,107.0,109.0,N12 9DX,,,,,,,,,,,,,,,,,,,,,,,,"31 Stanhope Road, Barnet, London, N12 9DX"
373,15,SS Peter and Paul's Catholic Primary School,Redbridge,147340,4 to 11,40,348.0,45.0,Roman Catholic,True,,18.8,18.51063829787234,False,72.41504854368932,80.0,18.0,108.0,109.0,109.0,108.66666666666667,IG1 1SA,,,,,,,,,,,,,,,,,,,,,,,,"Gordon Road, Ilford, IG1 1SA"
374,8,The Breakspear School,Hillingdon,102369,3 to 11,90,672.0,9.0,Does not apply,False,226,26.2,25.64885496183206,False,72.40291262135923,77.0,17.0,109.0,108.0,110.0,109.0,UB10 8JA,,,,,,,,,,,,,,,,,,,,,,,,"Bushey Road, Ickenham, UB10 8JA"
375,21,The Russell Primary School,Richmond upon Thames,102896,3 to 11,30,202.0,23.0,Does not apply,False,227,11.17,18.084153983885408,False,72.40291262135923,77.0,17.0,109.0,108.0,110.0,109.0,TW10 7AH,,,,,,,,,,,,,,,,,,,,,,,,"The Russell School, Petersham Road, Petersham, Richmond, TW10 7AH"
376,8,Brindishe Manor School,Lewisham,100693,3 to 11,55,432.0,29.0,Does not apply,False,228,15.8,27.341772151898734,False,72.3483009708738,75.0,13.0,110.0,109.0,110.0,109.66666666666667,SE13 5LS,,,,,,,,,,,,,,,,,,,,,,,,"Leahurst Road, Lewisham, London, SE13 5LS"
377,29,Whitings Hill Primary School,Barnet,101304,3 to 11,60,471.0,23.0,Does not apply,False,229,19.84,23.739919354838708,False,72.33616504854369,77.0,22.0,108.0,108.0,110.0,108.66666666666667,EN5 2QY,,,,,,,,,,,,,,,,,,,,,,,,"Whitings Road, Barnet, EN5 2QY"
378,11,St Bernadette's Catholic Primary School,Harrow,142558,3 to 11,52,450.0,19.0,Roman Catholic,True,,20.15,22.332506203473947,False,72.33616504854369,85.0,12.0,109.0,108.0,110.0,109.0,HA3 9NS,,,,,,,,,,,,,,,,,,,,,,,,"Clifton Road, Kenton, Harrow, HA3 9NS"
379,10,Canonbury Primary School,Islington,131773,3 to 11,60,438.0,52.0,Does not apply,False,230,22.19,19.738621000450653,False,72.3240291262136,78.0,13.0,109.0,109.0,110.0,109.33333333333333,N1 2UT,,,,,,,,,,,,,,,,,,,,,,,,"Canonbury Road, London, N1 2UT"
380,9,Culloden Primary - A Paradigm Academy,Tower Hamlets,140064,3 to 11,81,626.0,56.0,Does not apply,False,231,33.0,18.96969696969697,False,72.3118932038835,74.0,20.0,109.0,109.0,109.0,109.0,E14 0PT,,,,,,,,,,,,,,,,,,,,,,,,"Dee Street, Poplar, London, E14 0PT"
381,14,St Andrew's Church of England Primary School,Lambeth,100613,4 to 11,23,156.0,61.0,Church of England,True,,9.62,16.216216216216218,False,72.3118932038835,70.0,13.0,111.0,109.0,111.0,110.33333333333333,SW9 9DE,,,,,,,,,,,,,,,,,,,,,,,,"Kay Road, Stockwell, London, SW9 9DE"
382,10,Brookfield Primary Academy,Sutton,143628,2 to 11,64,443.0,17.0,Does not apply,False,232,19.92,22.23895582329317,False,72.2633495145631,79.0,25.0,108.0,109.0,108.0,108.33333333333333,SM3 9LY,,,,,,,,,,,,,,,,,,,,,,,,"Ridge Road, North Cheam, Sutton, SM3 9LY"
383,8,Our Lady and St John's Catholic Primary School,Hounslow,102526,3 to 11,30,217.0,10.0,Roman Catholic,True,,9.8,22.142857142857142,False,72.20873786407768,90.0,13.0,110.0,107.0,109.0,108.66666666666667,TW8 9JF,,,,,,,,,,,,,,,,,,,,,,,,"Boston Park Road, Brentford, TW8 9JF"
384,9,Spring Grove Primary School,Hounslow,102500,3 to 11,30,245.0,17.0,Does not apply,False,233,9.6,25.520833333333336,False,72.16626213592234,73.0,17.0,109.0,109.0,110.0,109.33333333333333,TW7 4HB,,,,,,,,,,,,,,,,,,,,,,,,"Star Road, Isleworth, TW7 4HB"
385,12,Whitchurch Primary School & Nursery,Harrow,131316,3 to 11,109,845.0,11.0,Does not apply,False,234,37.4,22.593582887700535,False,72.12985436893204,86.0,4.0,109.0,110.0,112.0,110.33333333333333,HA7 2EQ,,,,,,,,,,,,,,,,,,,,,,,,"Wemborough Road, Stanmore, HA7 2EQ"
386,22,New City Primary School,Newham,145367,3 to 11,82,631.0,48.0,Does not apply,False,235,32.6,19.355828220858896,False,72.12378640776699,84.0,11.0,110.0,107.0,111.0,109.33333333333333,E13 9NE,,,,,,,,,,,,,,,,,,,,,,,,"Tunmarsh Lane, Plaistow, London, E13 9NE"
387,10,Strand-on-the-Green Junior School,Hounslow,102503,7 to 11,75,346.0,32.0,Does not apply,False,236,19.2,18.020833333333336,False,71.93567961165049,83.0,27.0,107.0,108.0,109.0,108.0,W4 3NX,,,,,,,,,,,,,,,,,,,,,,,,"Thames Road, Chiswick, London, W4 3NX"
388,11,All Saints Carshalton Church of England Primary School,Sutton,144941,3 to 11,60,441.0,12.0,Church of England,True,,18.49,23.850730124391564,False,71.91747572815534,78.0,20.0,110.0,107.0,109.0,108.66666666666667,SM5 3DW,,,,,,,,,,,,,,,,,,,,,,,,"Rotherfield Road, Carshalton, SM5 3DW"
389,16,Gearies Primary School,Redbridge,133934,3 to 11,115,888.0,15.0,Does not apply,False,237,44.98,19.74210760337928,False,71.80218446601941,78.0,27.0,107.0,109.0,109.0,108.33333333333333,IG2 6TF,,,,,,,,,,,,,,,,,,,,,,,,"Waremead Road, Gants Hill, Ilford, IG2 6TF"
390,22,Hampton Hill Junior School,Richmond upon Thames,102886,7 to 11,88,333.0,25.0,Does not apply,False,238,16.01,20.799500312304808,False,71.80218446601941,81.0,13.0,109.0,109.0,109.0,109.0,TW12 1HW,,,,,,,,,,,,,,,,,,,,,,,,"St James's Avenue, Hampton Hill, Hampton, TW12 1HW"
391,23,Meadlands Primary School,Richmond upon Thames,102893,3 to 11,31,225.0,29.0,Does not apply,False,239,12.0,18.75,False,71.74150485436893,87.0,16.0,108.0,109.0,108.0,108.33333333333333,TW10 7TS,,,,,,,,,,,,,,,,,,,,,,,,"Broughton Avenue, Ham, Richmond, TW10 7TS"
392,23,St Francis' Catholic Primary School,Newham,147336,3 to 11,43,295.0,44.0,Roman Catholic,True,,14.0,21.071428571428573,False,71.72330097087378,77.0,23.0,108.0,107.0,111.0,108.66666666666667,E15 1HD,,,,,,,,,,,,,,,,,,,,,,,,"Maryland Park, Stratford, Main Entrance in Bow Street, London, E15 1HD"
393,24,Orleans Primary School,Richmond upon Thames,102895,3 to 11,58,442.0,5.0,Does not apply,False,240,18.2,24.28571428571429,False,71.70509708737865,74.0,17.0,111.0,108.0,109.0,109.33333333333333,TW1 3EN,,,,,,,,,,,,,,,,,,,,,,,,"Hartington Road, Twickenham, TW1 3EN"
394,14,Pickhurst Academy,Bromley,137070,7 to 11,130,512.0,11.0,Does not apply,False,241,21.8,23.48623853211009,False,71.69296116504854,74.0,25.0,109.0,108.0,109.0,108.66666666666667,BR4 0HL,,,,,,,,,,,,,,,,,,,,,,,,"Pickhurst Lane, West Wickham, BR4 0HL"
395,15,St Josephs Catholic Primary School,Camden,100041,3 to 11,22,148.0,45.0,Catholic,True,,7.0,21.142857142857142,False,71.62014563106796,77.0,9.0,110.0,110.0,110.0,110.0,WC2B 5NA,,,,,,,,,,,,,,,,,,,,,,,,"Macklin Street, Covent Garden, London, WC2B 5NA"
396,15,St Peter's Catholic Primary School,Greenwich,100175,5 to 11,30,205.0,27.0,Roman Catholic,True,,10.4,19.71153846153846,False,71.51092233009709,73.0,17.0,109.0,108.0,111.0,109.33333333333333,SE18 7BN,,,,,,,,,,,,,,,,,,,,,,,,"Crescent Road, London, SE18 7BN"
397,25,Holy Trinity Church of England Primary School,Richmond upon Thames,102908,3 to 11,45,334.0,22.0,Church of England,True,,17.64,18.934240362811792,False,71.45631067961165,71.0,18.0,109.0,109.0,110.0,109.33333333333333,TW10 5AA,,,,,,,,,,,,,,,,,,,,,,,,"Carrington Road, Richmond, TW10 5AA"
398,17,Al-Noor Voluntary Aided Muslim Primary School,Redbridge,142455,4 to 11,58,421.0,29.0,Muslim,True,,22.78,18.4811237928007,False,71.41990291262135,79.0,14.0,109.0,108.0,110.0,109.0,IG3 9RP,,,,,,,,,,,,,,,,,,,,,,,,"619-629 Green Lane, Goodmayes, Ilford, IG3 9RP"
399,10,Gayhurst Community School,Hackney,130303,3 to 11,74,535.0,32.0,Does not apply,False,242,25.97,20.600693107431653,False,71.37135922330097,88.0,26.0,108.0,107.0,108.0,107.66666666666667,E8 3EN,,,,,,,,,,,,,,,,,,,,,,,,"Gayhurst Road, Hackney, London, E8 3EN"
400,30,Rosh Pinah Primary School,Barnet,101340,3 to 11,59,393.0,3.0,Jewish,True,,17.5,22.457142857142856,False,71.35315533980582,75.0,12.0,110.0,109.0,110.0,109.66666666666667,HA8 8TE,,,,,,,,,,,,,,,,,,,,,,,,"Glengall Road, Edgware, HA8 8TE"
401,15,St John's CofE Primary School,Enfield,102027,4 to 11,14,104.0,14.0,Church of England,True,,6.0,17.333333333333332,False,71.33495145631068,93.0,7.0,110.0,110.0,108.0,109.33333333333333,EN2 9BD,,,,,,,,,,,,,,,,,,,,,,,,"St Johns Ce Primary School, Theobalds Park Road, Enfield, EN2 9BD"
402,9,Upton Primary School,Bexley,101413,3 to 11,60,452.0,7.0,Does not apply,False,243,21.45,21.072261072261075,False,71.31674757281553,83.0,23.0,108.0,108.0,108.0,108.0,DA5 1HH,,,,,,,,,,,,,,,,,,,,,,,,"Iris Avenue, Bexley, DA5 1HH"
403,12,St Anselm's Catholic Primary School,Wandsworth,101052,4 to 11,26,204.0,0.0,Roman Catholic,True,,8.8,23.18181818181818,False,71.31067961165049,81.0,19.0,109.0,108.0,108.0,108.33333333333333,SW17 8RW,,,,,,,,,,,,,,,,,,,987,2026,Wandsworth Council reception allocations,https://www.wandsworth.gov.uk/media/4q2f3jqt/how_places_were_allocated_for_primary_schools_2026.pdf,Furthest distance offered in the listed Catholic category,"Louisville Road, London, SW17 8RW"
404,8,Princess Frederica CofE Primary School,Brent,101535,3 to 11,58,439.0,12.0,Church of England,True,,18.2,24.12087912087912,False,71.21359223300972,84.0,17.0,109.0,107.0,109.0,108.33333333333333,NW10 5TP,,,,,,,,,,,,,,,,,,,,,,,,"College Road, London, NW10 5TP"
405,31,Holy Trinity CofE Primary School,Barnet,101317,2 to 11,29,201.0,28.0,Church of England,True,,10.15,19.80295566502463,False,71.19538834951456,76.0,21.0,108.0,108.0,110.0,108.66666666666667,N2 8GA,,,,,,,,,,,,,,,,,,,,,,,,"Eagans Close, East Finchley, London, N2 8GA"
406,10,The Clara Grant Primary School,Tower Hamlets,144699,3 to 11,56,427.0,59.0,Does not apply,False,244,19.43,21.97632527020072,False,71.15291262135922,80.0,16.0,108.0,109.0,109.0,108.66666666666667,E3 4BU,,,,,,,,,,,,,,,,,,,,,,,,"Knapp Road, Bow, London, E3 4BU"
407,24,Southern Road Primary School,Newham,102755,2 to 11,54,592.0,44.0,Does not apply,False,245,25.22,23.473433782712135,False,71.14077669902913,81.0,11.0,108.0,109.0,111.0,109.33333333333333,E13 9JH,,,,,,,,,,,,,,,,,,,,,,,,"Southern Road, Plaistow, E13 9JH"
408,12,Bevington Primary School,Kensington and Chelsea,100479,2 to 11,30,264.0,50.0,Does not apply,False,246,16.8,15.714285714285714,False,71.03762135922331,77.0,33.0,107.0,107.0,111.0,108.33333333333333,W10 5TW,,,,,,,,,,,,,,,,,,,,,,,,"Bevington Road, London, W10 5TW"
409,15,Harris Primary Academy Beckenham,Bromley,140934,4 to 11,58,417.0,17.0,None,False,247,18.0,23.166666666666668,False,71.00728155339806,83.0,17.0,109.0,109.0,107.0,108.33333333333333,BR3 3SJ,,,,,,,,,,,,,,,,,,,,,,,,"Manor Way, Beckenham, BR3 3SJ"
410,12,St Mary's Bryanston Square CofE School,Westminster,101136,2 to 11,15,157.0,33.0,Church of England,True,,8.92,17.60089686098655,False,70.95266990291262,87.0,13.0,108.0,110.0,108.0,108.66666666666667,W1H 1DL,,,,,,,,,,,,,,,,,,,,,,,,"Enford Street, London, W1H 1DL"
411,11,St Peter's Primary School,Croydon,144065,4 to 11,60,417.0,18.0,Does not apply,False,248,18.32,22.762008733624455,False,70.93446601941747,77.0,13.0,110.0,110.0,108.0,109.33333333333333,CR2 7AR,,,,,,,,,,,,,,,,,,,,,,,,"Normanton Road, South Croydon, CR2 7AR"
412,13,Pinner Wood School,Harrow,131577,3 to 11,88,670.0,17.0,Does not apply,False,249,29.9,22.408026755852845,False,70.87985436893204,86.0,6.0,109.0,109.0,111.0,109.66666666666667,HA5 3RA,,,,,,,,,,,,,,,,,,,,,,,,"Latimer Gardens, Pinner, HA5 3RA"
413,32,Rimon Jewish Primary School,Barnet,138272,5 to 11,30,209.0,7.0,Jewish,True,,13.1,15.954198473282442,False,70.52791262135922,80.0,7.0,111.0,110.0,109.0,110.0,NW11 8AE,,,,,,,,,,,,,,,,,,,,,,,,"41a Dunstan Road, Golders Green, London, NW11 8AE"
414,25,St Luke's Primary School,Newham,102766,3 to 11,24,216.0,50.0,Church of England/Christian,True,,9.4,22.97872340425532,False,70.46723300970874,83.0,33.0,108.0,106.0,109.0,107.66666666666667,E16 1JB,,,,,,,,,,,,,,,,,,,,,,,,"Ruscoe Road, West Ham, London, E16 1JB"
415,20,Greenleaf Primary School,Waltham Forest,103054,3 to 11,55,455.0,25.0,Does not apply,False,250,19.8,22.97979797979798,False,70.41868932038835,71.0,31.0,109.0,107.0,110.0,108.66666666666667,E17 6QW,,,,,,,,,,,,,,,,,,,,,,,,"80 Greenleaf Road, Walthamstow, London, E17 6QW"
416,10,Little Ealing Primary School,Ealing,101904,3 to 11,89,674.0,13.0,Does not apply,False,251,30.4,22.17105263157895,False,70.40655339805826,79.0,13.0,110.0,109.0,108.0,109.0,W5 4EA,,,,,,,,,,,,,,,,,,,,,,,,"Weymouth Avenue, Ealing, London, W5 4EA"
417,11,Lionel Primary School,Hounslow,102493,3 to 11,76,604.0,26.0,Does not apply,False,252,24.6,24.552845528455283,False,70.40655339805825,78.0,21.0,108.0,108.0,109.0,108.33333333333333,TW8 9QT,,,,,,,,,,,,,,,,,,,,,,,,"Lionel Road North, Brentford, TW8 9QT"
418,11,Grazebrook Primary School,Hackney,100258,3 to 11,54,471.0,39.0,Does not apply,False,253,18.0,26.166666666666668,False,70.31553398058253,85.0,26.0,108.0,107.0,108.0,107.66666666666667,N16 0QP,,,,,,,,,,,,,,,,,,,,,,,,"Grazebrook Primary School, Lordship Road, Stoke Newington, London, N16 0QP"
419,11,Hermitage Primary School,Tower Hamlets,151013,3 to 11,35,272.0,46.0,Does not apply,False,254,17.9,15.195530726256985,True,70.21844660194175,77.0,14.0,110.0,108.0,109.0,109.0,E1W 2PT,,,,,,,,,,,,,,,,,,,,,,,,"Vaughan Way, London, E1W 2PT"
420,10,Dulverton Primary School,Bexley,101434,3 to 11,60,442.0,3.0,Does not apply,False,255,18.48,23.917748917748916,False,70.20631067961165,77.0,22.0,108.0,108.0,109.0,108.33333333333333,SE9 3RH,,,,,,,,,,,,,,,,,,,,,,,,"Dulverton Road, New Eltham, London, SE9 3RH"
421,14,Avonmore Primary School,Hammersmith and Fulham,100322,3 to 11,25,184.0,36.0,Does not apply,False,256,11.7,15.726495726495727,False,70.19417475728156,76.0,16.0,108.0,108.0,111.0,109.0,W14 9LY,,,,,,,,,,,,,,,,,,,,,,,,"11 Mund Street, London, W14 9LY"
422,16,Alexander McLeod Primary School,Greenwich,131841,5 to 11,85,543.0,42.0,Does not apply,False,257,27.4,19.817518248175183,False,70.10922330097087,72.0,13.0,109.0,109.0,111.0,109.66666666666667,SE2 0QS,,,,,,,,,,,,,,,,,,,,,,,,"Fuchsia Street, London, SE2 0QS"
423,13,St Edward's Catholic Primary School,Westminster,101128,3 to 11,28,199.0,57.0,Roman Catholic,True,,11.8,16.864406779661017,False,70.09708737864078,71.0,4.0,111.0,112.0,115.0,112.66666666666667,NW1 6LH,,,,,,,,,,,,,,,,,,,,,,,,"Lisson Grove, London, NW1 6LH"
424,16,St Peter and St Paul Catholic Primary School,Bromley,141158,3 to 11,28,231.0,18.0,Roman Catholic,True,,9.4,24.574468085106382,False,70.04247572815534,82.0,21.0,108.0,108.0,108.0,108.0,BR5 2SR,,,,,,,,,,,,,,,,,,,,,,,,"St Paul's Wood Hill, Orpington, BR5 2SR"
425,15,St Peter and Paul Catholic Primary School,Merton,102667,3 to 11,33,245.0,33.0,Roman Catholic,True,,12.3,19.91869918699187,False,69.9878640776699,76.0,12.0,109.0,109.0,110.0,109.33333333333333,CR4 4LA,,,,,,,,,,,,,,,,,,,,,,,,"Cricket Green, MITCHAM, CR4 4LA"
426,17,North Harringay Primary School,Haringey,134681,3 to 11,53,412.0,32.0,Does not apply,False,258,23.0,17.91304347826087,False,69.9635922330097,81.0,23.0,107.0,108.0,109.0,108.0,N8 0NU,,,,,,,,,,,,,,,,,,,,,,,,"Falkland Road, Hornsey, London, N8 0NU"
427,12,Winterbourne Junior Girls' School,Croydon,101745,7 to 11,55,255.0,45.0,Does not apply,False,259,11.4,22.36842105263158,False,69.9635922330097,89.0,13.0,108.0,108.0,109.0,108.33333333333333,CR7 7QT,,,,,,,,,,,,,,,,,,,,,,,,"Winterbourne Road, Thornton Heath, CR7 7QT"
428,12,Old Palace Primary School,Tower Hamlets,100892,4 to 11,56,394.0,46.0,Does not apply,False,260,24.7,15.951417004048583,False,69.90291262135922,75.0,25.0,109.0,108.0,108.0,108.33333333333333,E3 3BT,,,,,,,,,,,,,,,,,,,,,,,,"St Leonard's Street, Bow, London, E3 3BT"
429,12,Rushmore Primary School,Hackney,130302,3 to 11,56,452.0,30.0,Does not apply,False,261,22.4,20.17857142857143,False,69.87864077669903,79.0,25.0,108.0,108.0,108.0,108.0,E5 0LE,,,,,,,,,,,,,,,,,,,,,,,,"Elderfield Road, Hackney, London, E5 0LE"
430,13,Margaret Roper Catholic Primary School,Croydon,101797,4 to 11,33,214.0,18.0,Roman Catholic,True,,8.8,24.318181818181817,False,69.87257281553399,70.0,12.0,110.0,110.0,110.0,110.0,CR8 2XP,,,,,,,,,,,,,,,,,,,,,,,,"Russell Hill Road, Purley, CR8 2XP"
431,33,Independent Jewish Day School,Barnet,137303,4 to 11,24,222.0,0.0,Jewish,True,,11.9,18.655462184873947,False,69.76334951456312,83.0,13.0,109.0,107.0,110.0,108.66666666666667,NW4 2AH,,,,,,,,,,,,,,,,,,,,,,,,"46 Green Lane, Hendon, LONDON, NW4 2AH"
432,16,One Degree Academy,Enfield,142874,2 to 11,30,385.0,60.0,None,False,262,18.62,20.676691729323306,False,69.73300970873785,90.0,10.0,108.0,109.0,109.0,108.66666666666667,EN2 8GH,,,,,,,,,,,,,,,,,,,,,,,,"1 Chace Village Road, Enfield, EN2 8GH"
433,14,Priestmead Primary School and Nursery,Harrow,146750,3 to 11,108,880.0,16.0,Does not apply,False,263,38.4,22.916666666666668,False,69.66019417475728,80.0,14.0,108.0,109.0,109.0,108.66666666666667,HA3 8SZ,,,,,,,,,,,,,,,,,,,,,,,,"Hartford Avenue, Kenton, Harrow, HA3 8SZ"
434,6,Ardleigh Green Junior School,Havering,149451,7 to 11,89,359.0,15.0,Does not apply,False,264,19.6,18.316326530612244,False,69.62985436893204,75.0,13.0,109.0,108.0,111.0,109.33333333333333,RM11 2SP,,,,,,,,,,,,,,,,,,,,,,,,"Ardleigh Green Road, Hornchurch, RM11 2SP"
435,5,Malden Parochial CofE Primary School,Kingston upon Thames,102587,3 to 11,30,228.0,7.0,Church of England,True,,9.9,23.03030303030303,False,69.61771844660194,80.0,7.0,110.0,109.0,110.0,109.66666666666667,KT4 7LW,,,,,,,,,,,,,,,,,,,,,,,,"The Manor Drive, Worcester Park, KT4 7LW"
436,11,Fielding Primary School,Ealing,101897,3 to 11,128,1018.0,13.0,Does not apply,False,265,39.0,26.102564102564102,False,69.60558252427185,80.0,17.0,109.0,108.0,108.0,108.33333333333333,W13 9TE,,,,,,,,,,,,,,,,,,,,,,,,"Wyndham Road, Ealing, London, W13 9TE"
437,15,Avanti House Primary School,Harrow,145142,4 to 11,60,419.0,5.0,Hindu,True,,20.15,20.794044665012407,False,69.59344660194175,87.0,7.0,108.0,110.0,110.0,109.33333333333333,HA7 3JB,,,,,,,,,,,,,,,,,,,,,,,,"Common Road, Stanmore, HA7 3JB"
438,12,Harris Primary Academy East Dulwich,Southwark,140937,4 to 11,37,357.0,24.0,None,False,266,15.0,23.8,False,69.58737864077669,89.0,16.0,110.0,107.0,107.0,108.0,SE22 8HA,,,,,,,,,,,,,,,,,,,,,,,,"173 Lordship Lane, London, SE22 8HA"
439,12,St Gregory's Catholic Primary School,Ealing,101923,3 to 11,55,367.0,40.0,Roman Catholic,True,,14.51,25.29290144727774,False,69.57524271844659,82.0,20.0,108.0,109.0,107.0,108.0,W5 1SL,,,,,,,,,,,,,,,,,,,,,,,,"Woodfield Road, Ealing, London, W5 1SL"
440,13,Ben Jonson Primary School,Tower Hamlets,100890,3 to 11,83,631.0,58.0,Does not apply,False,267,30.9,20.420711974110034,False,69.50849514563106,72.0,18.0,108.0,109.0,110.0,109.0,E1 4PZ,,,,,,,,,,,,,,,,,,,,,,,,"Harford Street, Stepney, London, E1 4PZ"
441,17,Horn Park Primary School,Greenwich,143598,3 to 11,41,301.0,59.0,Does not apply,False,268,21.1,14.265402843601894,True,69.42961165048544,80.0,22.0,109.0,107.0,108.0,108.0,SE12 9BT,,,,,,,,,,,,,,,,,,,,,,,,"Alnwick Road, Lee, London, SE12 9BT"
442,15,Granton Primary School,Lambeth,100564,3 to 11,80,652.0,61.0,Does not apply,False,269,34.14,19.09783245459871,False,69.40533980582524,80.0,14.0,108.0,108.0,110.0,108.66666666666667,SW16 5AN,,,,,,,,,,,,,,,,,,,,,,,,"Granton Road, Streatham, London, SW16 5AN"
443,13,Angel Oak Academy,Southwark,141666,4 to 11,59,407.0,59.0,Does not apply,False,270,19.0,21.42105263157895,False,69.40533980582524,90.0,8.0,108.0,108.0,111.0,109.0,SE15 6FL,,,,,,,,,,,,,,,,,,,,,,,,"Burcher Gale Grove, Peckham, London, SE15 6FL"
444,13,Rutherford House School,Wandsworth,139775,4 to 11,41,368.0,20.0,None,False,271,22.65,16.247240618101547,False,69.32645631067962,73.0,17.0,109.0,110.0,108.0,109.0,SW17 7BS,,,,,,,,,,,,,,,,,,,,,,,,"217 Balham High Road, Balham, Wandsworth, London, SW17 7BS"
445,34,Livingstone Primary and Nursery School,Barnet,101289,3 to 11,29,249.0,48.0,Does not apply,False,272,15.05,16.54485049833887,False,69.32038834951456,69.0,21.0,109.0,108.0,110.0,109.0,EN4 9BU,,,,,,,,,,,,,,,,,,,,,,,,"Baring Road, New Barnet, Barnet, EN4 9BU"
446,35,Goldbeaters Primary School,Barnet,101283,3 to 11,62,469.0,55.0,Does not apply,False,273,20.6,22.766990291262136,False,69.21723300970874,81.0,13.0,108.0,109.0,109.0,108.66666666666667,HA8 0HA,,,,,,,,,,,,,,,,,,,,,,,,"Thirleby Road, Burnt Oak, Edgware, HA8 0HA"
447,14,Brandlehow Primary School,Wandsworth,101001,3 to 11,27,365.0,4.0,Does not apply,False,274,17.6,20.738636363636363,False,69.07766990291262,74.0,11.0,111.0,109.0,109.0,109.66666666666667,SW15 2ED,,,,,,,,,,,,,,,,,,,645,2026,Wandsworth Council reception allocations,https://www.wandsworth.gov.uk/media/4q2f3jqt/how_places_were_allocated_for_primary_schools_2026.pdf,Furthest distance offered under proximity criterion,"Brandlehow Road, Putney, London, SW15 2ED"
448,18,Harris Primary Academy Philip Lane,Haringey,138447,3 to 11,46,428.0,33.0,None,False,275,22.4,19.107142857142858,False,68.99878640776699,83.0,35.0,108.0,108.0,106.0,107.33333333333333,N15 4AB,,,,,,,,,,,,,,,,,,,,,,,,"Philip Lane, Tottenham, London, N15 4AB"
449,18,Gordon Primary School,Greenwich,100127,3 to 11,55,430.0,11.0,Does not apply,False,276,17.6,24.43181818181818,False,68.99271844660194,82.0,15.0,108.0,108.0,109.0,108.33333333333333,SE9 1QG,,,,,,,,,,,,,,,,,,,,,,,,"Grangehill Road, Eltham, London, SE9 1QG"
450,18,Parkhill Junior School,Redbridge,133939,7 to 11,112,457.0,24.0,Does not apply,False,277,22.4,20.401785714285715,False,68.84101941747572,82.0,10.0,108.0,109.0,110.0,109.0,IG5 0DB,,,,,,,,,,,,,,,,,,,,,,,,"Lord Avenue, Clayhall, Ig13se, Ilford, IG5 0DB"
451,11,Yerbury Primary School,Islington,100429,3 to 11,58,455.0,17.0,Does not apply,False,278,20.04,22.704590818363275,False,68.73179611650485,74.0,24.0,109.0,107.0,109.0,108.33333333333333,N19 4RR,,,,,,,,,,,,,,,,,,,,,,,,"Foxham Road, Yerbury Road, London, N19 4RR"
452,19,Conway Primary School,Greenwich,132800,3 to 11,48,429.0,46.0,Does not apply,False,279,15.8,27.151898734177212,False,68.72572815533981,73.0,29.0,107.0,108.0,110.0,108.33333333333333,SE18 1QY,,,,,,,,,,,,,,,,,,,,,,,,"Gallosson Road, Plumstead, London, SE18 1QY"
453,20,Boxgrove Primary School,Greenwich,149684,3 to 11,59,404.0,41.0,Does not apply,False,280,20.9,19.33014354066986,False,68.64684466019418,78.0,24.0,107.0,108.0,109.0,108.0,SE2 9JP,,,,,,,,,,,,,,,,,,,,,,,,"Boxgrove Road, Abbey Wood, Greenwich, SE2 9JP"
454,13,St Mary Abbots CofE Primary School,Kensington and Chelsea,100497,4 to 11,25,180.0,20.0,Church of England,True,,8.8,20.454545454545453,False,68.61043689320388,72.0,16.0,109.0,107.0,112.0,109.33333333333333,W8 4SP,,,,,,,,,,,,,,,,,,,,,,,,"2 Kensington Church Court, Kensington, London, W8 4SP"
455,19,Grove Primary School,Redbridge,102835,3 to 11,90,674.0,27.0,Does not apply,False,281,28.9,23.32179930795848,False,68.61043689320388,79.0,12.0,108.0,108.0,111.0,109.0,RM6 4XS,,,,,,,,,,,,,,,,,,,,,,,,"Chadwell Heath Lane, Chadwell Heath, Romford, RM6 4XS"
456,14,Wilberforce Primary,Westminster,139824,3 to 11,13,141.0,54.0,Does not apply,False,282,10.4,13.557692307692307,True,68.55582524271846,85.0,8.0,110.0,108.0,109.0,109.0,W10 4LB,,,,,,,,,,,,,,,,,,,,,,,,"Beethoven Street, London, W10 4LB"
457,21,Millennium Primary School,Greenwich,143211,3 to 11,48,403.0,38.0,Does not apply,False,283,19.2,20.989583333333336,False,68.48300970873787,77.0,10.0,110.0,108.0,110.0,109.33333333333333,SE10 0BG,,,,,,,,,,,,,,,,,,,,,,,,"50 John Harrison Way, Greenwich, London, SE10 0BG"
458,14,Servite RC Primary School,Kensington and Chelsea,100500,3 to 11,29,198.0,45.0,Roman Catholic,True,,10.6,18.67924528301887,False,68.44660194174757,90.0,14.0,109.0,106.0,109.0,108.0,SW10 9NA,,,,,,,,,,,,,,,,,,,,,,,,"252 Fulham Road, London, SW10 9NA"
459,17,Burnt Ash Primary School,Bromley,142584,5 to 11,62,430.0,40.0,Does not apply,False,284,21.16,20.321361058601134,False,68.3616504854369,76.0,19.0,109.0,108.0,108.0,108.33333333333333,BR1 4QX,,,,,,,,,,,,,,,,,,,,,,,,"Rangefield Road, Bromley, BR1 4QX"
460,16,Beecholme Primary School,Merton,143133,3 to 11,25,170.0,40.0,Does not apply,False,285,8.78,19.362186788154897,False,68.19174757281553,72.0,12.0,108.0,110.0,111.0,109.66666666666667,CR4 2HZ,,,,,,,,,,,,,,,,,,,,,,,,"Edgehill Road, Mitcham, CR4 2HZ"
461,22,St Margaret Clitherow Catholic Primary School,Greenwich,100180,3 to 11,24,183.0,38.0,Roman Catholic,True,,6.8,26.911764705882355,False,68.1735436893204,75.0,13.0,108.0,108.0,112.0,109.33333333333333,SE28 8GB,,,,,,,,,,,,,,,,,,,,,,,,"Cole Close, Thamesmead, London, SE28 8GB"
462,7,Suttons Primary School,Havering,102283,2 to 11,59,466.0,12.0,Does not apply,False,286,18.13,25.70325427468285,False,68.09466019417476,75.0,22.0,107.0,108.0,110.0,108.33333333333333,RM12 6RP,,,,,,,,,,,,,,,,,,,,,,,,"Suttons Lane, Hornchurch, RM12 6RP"
463,13,Brentside Primary School,Ealing,139488,3 to 11,46,394.0,39.0,None,False,287,21.5,18.325581395348838,False,68.05218446601941,85.0,13.0,108.0,107.0,110.0,108.33333333333333,W7 1JL,,,,,,,,,,,,,,,,,,,,,,,,"Kennedy Road, Hanwell, London, W7 1JL"
464,13,St Monica's Catholic Primary School,Hackney,150550,2 to 11,23,197.0,48.0,Roman Catholic,True,,10.0,19.7,False,68.05218446601941,83.0,13.0,106.0,108.0,114.0,109.33333333333333,N1 6QN,,,,,,,,,,,,,,,,,,,,,,,,"43 Hoxton Street, London, N1 6QN"
465,16,Christopher Hatton Primary School,Camden,130342,3 to 11,21,224.0,71.0,Does not apply,False,288,11.25,19.91111111111111,False,68.02184466019418,81.0,19.0,110.0,106.0,108.0,108.0,EC1R 4PQ,,,,,,,,,,,,,,,,,,,,,,,,"38 Laystall Street, London, EC1R 4PQ"
466,26,St Mary Magdalen's Catholic Primary School,Richmond upon Thames,102909,4 to 11,25,166.0,8.0,Roman Catholic,True,,9.4,17.659574468085104,False,68.00970873786407,84.0,28.0,108.0,107.0,107.0,107.33333333333333,SW14 8HE,,,,,,,,,,,,,,,,,,,,,,,,"Worple Street, London, SW14 8HE"
467,14,Durdans Park Primary School,Ealing,101896,3 to 11,46,407.0,20.0,Does not apply,False,289,22.3,18.251121076233183,False,67.9368932038835,83.0,11.0,108.0,108.0,110.0,108.66666666666667,UB1 2PQ,,,,,,,,,,,,,,,,,,,,,,,,"King George's Drive, Off Lady Margaret Road, Southall, UB1 2PQ"
468,26,Grange Primary School,Newham,102723,2 to 11,27,195.0,59.0,Does not apply,False,290,11.8,16.525423728813557,False,67.9368932038835,78.0,11.0,110.0,108.0,109.0,109.0,E13 0HE,,,,,,,,,,,,,,,,,,,,,,,,"Suffolk Road, Plaistow, London, E13 0HE"
469,9,Rosedale Primary School,Hillingdon,141561,3 to 11,57,405.0,19.0,None,False,291,16.0,25.3125,False,67.91262135922331,82.0,2.0,109.0,110.0,111.0,110.0,UB3 2SE,,,,,,,,,,,,,,,,,,,,,,,,"Wood End Green Road, Hayes, UB3 2SE"
470,11,Days Lane Primary School,Bexley,140710,3 to 11,90,661.0,13.0,Does not apply,False,292,25.6,25.8203125,False,67.83373786407768,70.0,17.0,109.0,108.0,110.0,109.0,DA15 8JU,,,,,,,,,,,,,,,,,,,,,,,,"Days Lane, Sidcup, DA15 8JU"
471,12,Birkbeck Primary School,Bexley,101426,3 to 11,60,625.0,10.0,Does not apply,False,293,26.0,24.03846153846154,False,67.71844660194175,85.0,10.0,111.0,111.0,105.0,109.0,DA14 4ED,,,,,,,,,,,,,,,,,,,,,,,,"Alma Road, Sidcup, DA14 4ED"
472,15,Ark Priory Primary Academy,Ealing,139699,3 to 11,56,457.0,61.0,Does not apply,False,294,23.8,19.201680672268907,False,67.62742718446601,88.0,11.0,109.0,107.0,109.0,108.33333333333333,W3 8NR,,,,,,,,,,,,,,,,,,,,,,,,"Acton Lane, London, W3 8NR"
473,9,Mount Stewart Junior School,Brent,101500,7 to 11,89,358.0,9.0,Does not apply,False,295,15.4,23.246753246753247,False,67.60922330097088,71.0,16.0,108.0,109.0,110.0,109.0,HA3 0JX,,,,,,,,,,,,,,,,,,,,,,,,"Carlisle Gardens, Mount Stewart Avenue, Kenton, Harrow, HA3 0JX"
474,15,Christ Church CofE Primary School,Kensington and Chelsea,100489,4 to 11,27,202.0,19.0,Church of England,True,,12.75,15.843137254901961,False,67.56067961165049,74.0,22.0,109.0,106.0,110.0,108.33333333333333,SW3 4AA,,,,,,,,,,,,,,,,,,,,,,,,"1 Robinson Street, London, SW3 4AA"
475,16,Clapham Manor Primary School,Lambeth,100560,3 to 11,55,376.0,55.0,Does not apply,False,296,19.17,19.613980177360457,False,67.5364077669903,71.0,11.0,109.0,109.0,111.0,109.66666666666667,SW4 0BZ,,,,,,,,,,,,,,,,,,,,,,,,"Belmont Road, Clapham, London, SW4 0BZ"
476,19,Stroud Green Primary School,Haringey,131096,1 to 11,36,461.0,36.0,Does not apply,False,297,19.19,24.022928608650336,False,67.42718446601941,81.0,17.0,109.0,107.0,108.0,108.0,N4 3EX,,,,,,,,,,,,,,,,,,,,,,,,"Woodstock Road, London, N4 3EX"
477,6,Coombe Hill Junior School,Kingston upon Thames,102576,7 to 11,90,358.0,18.0,Does not apply,False,298,16.04,22.31920199501247,False,67.34223300970874,74.0,20.0,108.0,108.0,109.0,108.33333333333333,KT2 7DD,,,,,,,,,,,,,,,,,,,,,,,,"Coombe Lane West, Kingston upon Thames, KT2 7DD"
478,23,Plumcroft Primary School,Greenwich,100140,3 to 11,127,1019.0,39.0,Does not apply,False,299,52.7,19.33586337760911,False,67.33616504854369,79.0,12.0,109.0,108.0,109.0,108.66666666666667,SE18 3HW,,,,,,,,,,,,,,,,,,,,,,,,"Plum Lane, Plumstead, Plumcroft Primary School, London, SE18 3HW"
479,9,Haberdashers' Hatcham Primary,Lewisham,147355,3 to 11,60,406.0,38.0,None,False,300,21.4,18.97196261682243,False,67.30582524271844,75.0,8.0,109.0,109.0,111.0,109.66666666666667,SE14 5RD,,,,,,,,,,,,,,,,,,,,,,,,"Hunsdon Road, London, SE14 5RD"
480,7,St Peter's Catholic Primary School,Barking and Dagenham,101237,3 to 11,52,374.0,38.0,Roman Catholic,True,,20.71,18.058908739739255,False,67.28155339805826,79.0,4.0,109.0,109.0,112.0,110.0,RM9 6UU,,,,,,,,,,,,,,,,,,,,,,,,"Goresbrook Road, St. Peters Rc School, Dagenham, RM9 6UU"
481,21,Barclay Primary School,Waltham Forest,138690,3 to 11,156,1265.0,37.0,Does not apply,False,301,57.8,21.885813148788927,False,67.2754854368932,87.0,22.0,107.0,108.0,107.0,107.33333333333333,E10 6EJ,,,,,,,,,,,,,,,,,,,,,,,,"155 Canterbury Road, Leyton, London, E10 6EJ"
482,18,Harris Primary Academy Shortlands,Bromley,140936,4 to 11,50,391.0,18.0,None,False,302,15.59,25.080179602309173,False,67.24514563106796,78.0,16.0,107.0,109.0,109.0,108.33333333333333,BR2 0HG,,,,,,,,,,,,,,,,,,,,,,,,"Kingswood Road, Bromley, BR2 0HG"
483,7,Christ Church New Malden CofE Primary School,Kingston upon Thames,102585,3 to 11,59,380.0,8.0,Church of England,True,,19.97,19.028542814221332,False,67.11771844660194,78.0,19.0,108.0,108.0,108.0,108.0,KT3 3HN,,,,,,,,,,,,,,,,,,,,,,,,"Elm Road, New Malden, KT3 3HN"
484,27,St Osmund's Catholic Primary School,Richmond upon Thames,102919,4 to 11,12,147.0,33.0,Roman Catholic,True,,,,False,67.11771844660194,83.0,8.0,110.0,107.0,110.0,109.0,SW13 9HQ,,,,,,,,,,,,,,,,,,,,,,,,"Church Road, Barnes, London, SW13 9HQ"
485,24,St Thomas A Becket Roman Catholic Primary School,Greenwich,100177,3 to 11,52,402.0,33.0,Roman Catholic,True,,19.4,20.721649484536083,False,67.0752427184466,75.0,15.0,108.0,108.0,110.0,108.66666666666667,SE2 9LY,,,,,,,,,,,,,,,,,,,,,,,,"Mottisfont Road, Abbey Wood, London, SE2 9LY"
486,15,Roehampton Church Forest Primary School,Wandsworth,101038,3 to 11,21,128.0,33.0,Church of England,True,,5.9,21.694915254237287,False,67.06917475728156,86.0,10.0,107.0,108.0,111.0,108.66666666666667,SW15 4AA,,,,,,,,,,,,,,,,,,,,2026,Wandsworth Council reception allocations,https://www.wandsworth.gov.uk/media/4q2f3jqt/how_places_were_allocated_for_primary_schools_2026.pdf,All applicants offered,"245 Roehampton Lane, Roehampton, London, SW15 4AA"
487,10,Sudbury Primary School,Brent,138608,3 to 11,110,924.0,36.0,None,False,303,43.2,21.388888888888886,False,67.01456310679612,76.0,14.0,107.0,108.0,112.0,109.0,HA0 3EY,,,,,,,,,,,,,,,,,,,,,,,,"Watford Road, Wembley, HA0 3EY"
488,14,St Aidan's Catholic Primary School,Croydon,142729,4 to 11,30,216.0,10.0,Catholic,True,,5.7,37.89473684210526,False,66.99635922330097,77.0,30.0,107.0,108.0,108.0,107.66666666666667,CR5 3DE,,,,,,,,,,,,,,,,,,,,,,,,"Portnalls Road, St Aidans Catholic Primary School, Coulsdon, CR5 3DE"
489,16,Ronald Ross Primary School,Wandsworth,101031,3 to 11,30,242.0,47.0,Does not apply,False,304,11.8,20.508474576271187,False,66.97208737864078,83.0,20.0,107.0,107.0,109.0,107.66666666666667,SW19 6RY,,,,,,,,,,,,,,,,,,,301,2026,Wandsworth Council reception allocations,https://www.wandsworth.gov.uk/media/4q2f3jqt/how_places_were_allocated_for_primary_schools_2026.pdf,Furthest distance offered under proximity criterion,"145 Beaumont Road, SW19 6RY"
490,15,Wendell Park Primary School,Hammersmith and Fulham,100340,3 to 11,49,396.0,37.0,Does not apply,False,305,18.76,21.10874200426439,False,66.97208737864078,76.0,20.0,107.0,107.0,111.0,108.33333333333333,W12 9LB,,,,,,,,,,,,,,,,,,,,,,,,"Cobbold Road, London, W12 9LB"
491,10,Sacred Heart Catholic Primary School,Hillingdon,102426,3 to 11,88,656.0,9.0,Roman Catholic,True,,29.62,22.14719783929777,False,66.96601941747574,80.0,11.0,109.0,108.0,109.0,108.66666666666667,HA4 6EZ,,,,,,,,,,,,,,,,,,,,,,,,"Herlwyn Avenue, Ruislip, HA4 6EZ"
492,36,The Annunciation RC Junior School,Barnet,101342,7 to 11,28,176.0,14.0,Roman Catholic,True,,9.16,19.213973799126638,False,66.94174757281553,71.0,18.0,109.0,108.0,109.0,108.66666666666667,HA8 9HQ,,,,,,,,,,,,,,,,,,,,,,,,"The Meads, Burnt Oak, Edgware, HA8 9HQ"
493,12,Marlborough Primary School,Hounslow,102494,3 to 11,68,568.0,31.0,Does not apply,False,306,26.6,21.353383458646615,False,66.79611650485437,78.0,19.0,108.0,107.0,109.0,108.0,TW7 5XA,,,,,,,,,,,,,,,,,,,,,,,,"London Road, Isleworth, TW7 5XA"
494,14,"Canary Wharf College, East Ferry",Tower Hamlets,137016,4 to 11,33,306.0,18.0,Christian,True,,18.0,17.0,False,66.77184466019416,79.0,15.0,108.0,110.0,107.0,108.33333333333333,E14 3BA,,,,,,,,,,,,,,,,,,,,,,,,"197 East Ferry Road, Isle of Dogs, London, E14 3BA"
495,17,Fleet Primary School,Camden,100014,3 to 11,27,215.0,48.0,Does not apply,False,307,13.5,15.925925925925926,False,66.77184466019416,70.0,15.0,109.0,109.0,109.0,109.0,NW3 2QT,,,,,,,,,,,,,,,,,,,,,,,,"Fleet Road, London, NW3 2QT"
496,20,St Antony's Catholic Primary School,Redbridge,102844,3 to 11,58,435.0,9.0,Roman Catholic,True,,18.9,23.01587301587302,False,66.71116504854369,72.0,19.0,108.0,107.0,111.0,108.66666666666667,IG8 0TX,,,,,,,,,,,,,,,,,,,,,,,,"Mornington Road, Woodford Green, IG8 0TX"
497,15,Virginia Primary School,Tower Hamlets,100926,3 to 11,29,216.0,24.0,Does not apply,False,308,11.0,19.636363636363637,False,66.70509708737865,79.0,14.0,108.0,108.0,109.0,108.33333333333333,E2 7NQ,,,,,,,,,,,,,,,,,,,,,,,,"Virginia Road, Bethnal Green, London, E2 7NQ"
498,14,"The Olive School, Hackney",Hackney,139814,4 to 11,87,624.0,47.0,Muslim,True,,27.28,22.87390029325513,False,66.69902912621359,87.0,25.0,108.0,108.0,105.0,107.0,E9 6EJ,,,,,,,,,,,,,,,,,,,,,,,,"32 St Johns Church Road, Hackney, London, E9 6EJ"
499,8,St Agatha's Catholic Primary School,Kingston upon Thames,137856,3 to 11,57,346.0,18.0,Roman Catholic,True,,15.8,21.89873417721519,False,66.60194174757281,68.0,12.0,109.0,109.0,111.0,109.66666666666667,KT2 5TY,,,,,,,,,,,,,,,,,,,,,,,,"St Agatha's Drive, Kingston upon Thames, KT2 5TY"
500,17,The Raglan Junior School,Enfield,102003,7 to 11,121,481.0,21.0,Does not apply,False,309,30.11,15.974759216207241,False,66.58373786407768,76.0,21.0,109.0,107.0,108.0,108.0,EN1 2RG,,,,,,,,,,,,,,,,,,,,,,,,"Raglan Road, Bush Hill Park, Enfield, EN1 2RG"
501,17,Archbishop Sumner Church of England Primary School,Lambeth,100609,4 to 11,46,258.0,48.0,Church of England,True,,15.76,16.370558375634516,False,66.49271844660194,74.0,15.0,108.0,108.0,110.0,108.66666666666667,SE11 4PH,,,,,,,,,,,,,,,,,,,,,,,,"Reedworth Street, Lambeth, Kennington, London, SE11 4PH"
502,18,Forty Hill CofE Primary School,Enfield,102028,3 to 11,28,221.0,32.0,Church of England,True,,10.4,21.25,False,66.4866504854369,71.0,18.0,108.0,108.0,110.0,108.66666666666667,EN2 9EY,,,,,,,,,,,,,,,,,,,,,,,,"Forty Hill, Enfield, EN2 9EY"
503,12,Stanley Park Junior School,Sutton,103005,7 to 11,93,365.0,20.0,None,False,310,15.92,22.92713567839196,False,66.4866504854369,70.0,13.0,109.0,108.0,111.0,109.33333333333333,SM5 3JL,,,,,,,,,,,,,,,,,,,,,,,,"Stanley Park Road, Carshalton, SM5 3JL"
504,16,St John's Primary School,Ealing,101873,3 to 11,56,476.0,50.0,Does not apply,False,311,21.6,22.037037037037035,False,66.46237864077669,82.0,11.0,108.0,107.0,111.0,108.66666666666667,W13 0SE,,,,,,,,,,,,,,,,,,,,,,,,"St John's Primary School, Green Man Gardens, West Ealing, London, W13 0SE"
505,21,Snaresbrook Primary School,Redbridge,102832,3 to 11,52,451.0,19.0,Does not apply,False,312,17.4,25.919540229885058,False,66.4502427184466,75.0,17.0,109.0,109.0,107.0,108.33333333333333,E18 2EN,,,,,,,,,,,,,,,,,,,,,,,,"Meadow Walk, South Woodford, London, E18 2EN"
506,11,Heathrow Primary School,Hillingdon,102385,3 to 11,57,412.0,26.0,Does not apply,False,313,20.99,19.62839447355884,False,66.39563106796118,79.0,11.0,109.0,108.0,109.0,108.66666666666667,UB7 0JQ,,,,,,,,,,,,,,,,,,,,,,,,"Harmondsworth Lane, Sipson, West Drayton, UB7 0JQ"
507,19,Tubbenden Primary School,Bromley,137930,3 to 11,101,667.0,9.0,Does not apply,False,314,29.6,22.533783783783782,False,66.37742718446601,78.0,9.0,109.0,109.0,109.0,109.0,BR6 9SD,,,,,,,,,,,,,,,,,,,,,,,,"Sandy Bury, Orpington, BR6 9SD"
508,13,Cranford Primary School,Hounslow,136809,3 to 11,79,683.0,23.0,Does not apply,False,315,29.03,23.527385463313813,False,66.15898058252428,71.0,14.0,107.0,109.0,112.0,109.33333333333333,TW4 6LB,,,,,,,,,,,,,,,,,,,,,,,,"Berkeley Avenue, Cranford, Hounslow, TW4 6LB"
509,14,The Belham Primary School,Southwark,142090,4 to 11,55,388.0,18.0,None,False,316,16.7,23.233532934131738,False,66.05582524271844,80.0,24.0,109.0,108.0,105.0,107.33333333333333,SE15 4DG,,,,,,,,,,,,,,,,,,,,,,,,"165 Bellenden Road, London, SE15 4DG"
510,14,Westbrook Primary School,Hounslow,139889,3 to 11,71,545.0,39.0,Does not apply,False,317,28.57,19.075953797689884,False,66.00121359223301,80.0,3.0,108.0,111.0,111.0,110.0,TW5 0NB,,,,,,,,,,,,,,,,,,,,,,,,"Westbrook Road, Heston, Hounslow, TW5 0NB"
511,16,Pinner Park Primary School,Harrow,102207,3 to 11,116,875.0,14.0,Does not apply,False,318,40.42,21.64769915883226,False,65.99514563106797,72.0,13.0,109.0,108.0,110.0,109.0,HA5 5TL,,,,,,,,,,,,,,,,,,,,,,,,"Melbourne Avenue, Pinner, HA5 5TL"
512,25,Nightingale Primary School,Greenwich,145215,3 to 11,30,219.0,53.0,Does not apply,False,319,9.91,22.098890010090816,False,65.87985436893204,83.0,10.0,107.0,108.0,111.0,108.66666666666667,SE18 7JJ,,,,,,,,,,,,,,,,,,,,,,,,"Bloomfield Road, Woolwich, London, SE18 7JJ"
513,12,West Drayton Academy,Hillingdon,145041,3 to 11,83,662.0,28.0,Does not apply,False,320,28.25,23.43362831858407,False,65.87985436893203,73.0,15.0,108.0,108.0,110.0,108.66666666666667,UB7 9EA,,,,,,,,,,,,,,,,,,,,,,,,"Kingston Lane, West Drayton, UB7 9EA"
514,19,St Mary's Catholic Primary School,Enfield,102036,3 to 11,46,346.0,33.0,Roman Catholic,True,,15.88,21.788413098236774,False,65.79490291262135,72.0,13.0,108.0,109.0,110.0,109.0,EN3 7DE,,,,,,,,,,,,,,,,,,,,,,,,"Durants Road, Ponders End, Enfield, EN3 7DE"
515,17,Oaklands Primary School,Ealing,101905,3 to 11,58,449.0,26.0,Does not apply,False,321,19.62,22.884811416921508,False,65.75849514563107,76.0,26.0,109.0,107.0,107.0,107.66666666666667,W7 2DP,,,,,,,,,,,,,,,,,,,,,,,,"Oaklands Road, Hanwell, London, W7 2DP"
516,22,Barn Croft Primary School,Waltham Forest,131057,4 to 11,19,183.0,37.0,Does not apply,False,322,9.37,19.53041622198506,False,65.74635922330097,68.0,26.0,109.0,108.0,108.0,108.33333333333333,E17 8SB,,,,,,,,,,,,,,,,,,,,,,,,"2 Brunel Road, Walthamstow, London, E17 8SB"
517,10,Stillness Junior School,Lewisham,100704,7 to 11,64,273.0,11.0,Does not apply,False,323,12.55,21.752988047808763,False,65.67961165048544,83.0,17.0,109.0,106.0,108.0,107.66666666666667,SE23 1NH,,,,,,,,,,,,,,,,,,,,,,,,"Brockley Rise, Forest Hill, London, SE23 1NH"
518,20,Highfield Primary School,Enfield,132203,3 to 11,90,672.0,27.0,Does not apply,False,324,28.74,23.38204592901879,False,65.58252427184466,76.0,26.0,108.0,107.0,108.0,107.66666666666667,N21 3HE,,,,,,,,,,,,,,,,,,,,,,,,"Highfield Road, Highfield Primary School, London, N21 3HE"
519,37,Trent CofE Primary School,Barnet,101328,5 to 11,29,208.0,14.0,Church of England,True,,10.5,19.80952380952381,False,65.55218446601941,69.0,24.0,109.0,107.0,109.0,108.33333333333333,EN4 9JH,,,,,,,,,,,,,,,,,,,,,,,,"Church Way, Off Chalk Lane, Cockfosters, Barnet, EN4 9JH"
520,15,St Anthony's Catholic Primary School,Southwark,150551,3 to 11,58,426.0,24.0,Roman Catholic,True,,20.59,20.689655172413794,False,65.54611650485437,72.0,19.0,108.0,108.0,109.0,108.33333333333333,SE22 0LA,,,,,,,,,,,,,,,,,,,,,,,,"Etherow Street, Dulwich, London, SE22 0LA"
521,18,Ravenor Primary School,Ealing,101885,3 to 11,82,654.0,43.0,Does not apply,False,325,23.6,27.71186440677966,False,65.49757281553397,78.0,17.0,107.0,109.0,108.0,108.0,UB6 9TT,,,,,,,,,,,,,,,,,,,,,,,,"Greenway Gardens, Greenford, UB6 9TT"
522,13,John Locke Academy,Hillingdon,140387,3 to 11,88,674.0,17.0,None,False,326,28.8,23.40277777777778,False,65.46116504854369,77.0,14.0,109.0,107.0,109.0,108.33333333333333,UB10 0FW,,,,,,,,,,,,,,,,,,,,,,,,"Bader Way, Uxbridge, UB10 0FW"
523,16,Osmani Primary School,Tower Hamlets,100934,3 to 11,55,419.0,38.0,Does not apply,False,327,20.6,20.339805825242717,False,65.46116504854369,78.0,11.0,107.0,108.0,112.0,109.0,E1 5AD,,,,,,,,,,,,,,,,,,,,,,,,"Vallance Road, Whitechapel, London, E1 5AD"
524,26,Fossdene Primary School,Greenwich,100125,4 to 11,25,210.0,40.0,Does not apply,False,328,13.58,15.463917525773196,False,65.37621359223301,80.0,20.0,106.0,108.0,109.0,107.66666666666667,SE7 7NQ,,,,,,,,,,,,,,,,,,,,,,,,"Victoria Way, Charlton, London, SE7 7NQ"
525,13,Bishop Ridley Church of England VA Primary School,Bexley,134780,3 to 11,60,371.0,15.0,Church of England,True,,16.89,21.96566015393724,False,65.31553398058253,72.0,15.0,110.0,108.0,108.0,108.66666666666667,DA16 2QE,,,,,,,,,,,,,,,,,,,,,,,,"Northumberland Avenue, Welling, DA16 2QE"
526,9,"St Paul's CofE Primary School, Kingston Hill",Kingston upon Thames,102591,4 to 11,60,371.0,8.0,Church of England,True,,16.04,23.129675810473817,False,65.27912621359224,73.0,17.0,109.0,108.0,108.0,108.33333333333333,KT2 6AZ,,,,,,,,,,,,,,,,,,,,,,,,"St Paul's C of E Primary School, Princes Road, Kingston upon Thames, KT2 6AZ"
527,27,Essex Primary School,Newham,102763,3 to 11,111,887.0,44.0,Does not apply,False,329,39.41,22.506977924384675,False,65.27305825242719,81.0,12.0,108.0,107.0,110.0,108.33333333333333,E12 6QX,,,,,,,,,,,,,,,,,,,,,,,,"Sheridan Road, Manor Park, London, E12 6QX"
528,17,Globe Primary School,Tower Hamlets,100902,3 to 11,45,363.0,51.0,Does not apply,False,330,22.0,16.5,False,65.16990291262135,80.0,7.0,109.0,108.0,110.0,109.0,E2 0JH,,,,,,,,,,,,,,,,,,,,,,,,"Gawber Street, Bethnal Green, London, E2 0JH"
529,17,Pelham Primary School,Merton,102642,3 to 11,42,398.0,19.0,Does not apply,False,331,21.5,18.511627906976745,False,65.16383495145631,76.0,12.0,110.0,108.0,108.0,108.66666666666667,SW19 1NU,,,,,,,,,,,,,,,,,,,,,,,,"Southey Road, Wimbledon, London, SW19 1NU"
530,20,Marian Vian Primary School,Bromley,142299,4 to 11,83,623.0,13.0,Does not apply,False,332,27.8,22.41007194244604,False,65.0485436893204,83.0,13.0,108.0,107.0,109.0,108.0,BR3 4AZ,,,,,,,,,,,,,,,,,,,,,,,,"Shirley Crescent, Elmers End, Beckenham, BR3 4AZ"
531,23,Hillyfield Primary Academy,Waltham Forest,136413,3 to 11,170,1194.0,30.0,Does not apply,False,333,58.0,20.586206896551722,False,64.95145631067962,75.0,16.0,107.0,108.0,110.0,108.33333333333333,E17 6ED,,,,,,,,,,,,,,,,,,,,,,,,"Higham Hill Road, London, E17 6ED"
532,22,Glade Primary School,Redbridge,102806,3 to 11,57,434.0,21.0,Does not apply,False,334,19.4,22.37113402061856,False,64.89077669902913,79.0,21.0,107.0,106.0,110.0,107.66666666666667,IG5 0PF,,,,,,,,,,,,,,,,,,,,,,,,"Atherton Road, Clayhall, Ilford, IG5 0PF"
533,18,Bygrove Primary School,Tower Hamlets,144236,3 to 11,29,249.0,62.0,Does not apply,False,335,13.6,18.308823529411764,False,64.85436893203882,79.0,7.0,109.0,109.0,109.0,109.0,E14 6DN,,,,,,,,,,,,,,,,,,,,,,,,"Bygrove Street, Poplar, London, E14 6DN"
534,18,The Orchard School,Lambeth,134507,4 to 11,30,206.0,47.0,Muslim,True,,8.0,25.75,False,64.8118932038835,73.0,3.0,109.0,112.0,111.0,110.66666666666667,SW2 3ES,,,,,,,,,,,,,,,,,,,,,,,,"Christchurch Road, London, SW2 3ES"
535,17,Gatton (VA) Primary School,Wandsworth,134041,4 to 11,90,631.0,23.0,Muslim,True,,29.4,21.462585034013607,False,64.80582524271846,77.0,11.0,108.0,108.0,110.0,108.66666666666667,SW17 0DS,,,,,,,,,,,,,,,,,,,,,,,,"13e Broadwater Rd, Tooting, London, SW17 0DS"
536,19,Ark Byron Primary Academy,Ealing,142110,4 to 11,57,414.0,30.0,None,False,336,18.6,22.258064516129032,False,64.75728155339806,75.0,19.0,108.0,107.0,109.0,108.0,W3 7JT,,,,,,,,,,,,,,,,,,,,,,,,"The Vale, Acton, London, W3 7JT"
537,20,Weston Park Primary School,Haringey,102130,3 to 11,24,218.0,29.0,Does not apply,False,337,10.4,20.96153846153846,False,64.55097087378641,75.0,25.0,109.0,106.0,108.0,107.66666666666667,N8 9WP,,,,,,,,,,,,,,,,,,,,,,,,"Denton Road, Hornsey, London, N8 9WP"
538,38,Garden Suburb Junior School,Barnet,101281,7 to 11,84,346.0,38.0,Does not apply,False,338,20.2,17.128712871287128,False,64.54490291262135,75.0,5.0,108.0,111.0,111.0,110.0,NW11 6XU,,,,,,,,,,,,,,,,,,,,,,,,"Childs Way, Garden Suburb Junior School, Childs Way, London, NW11 6XU"
539,28,Dersingham Primary School,Newham,102716,3 to 11,75,621.0,52.0,Does not apply,False,339,24.6,25.24390243902439,False,64.38106796116504,80.0,11.0,108.0,108.0,109.0,108.33333333333333,E12 5QJ,,,,,,,,,,,,,,,,,,,,,,,,"Dersingham Avenue, Manor Park, London, Manor Park, Dersingham Avenue, London, E12 5QJ"
540,8,John Perry Primary School,Barking and Dagenham,101232,3 to 11,65,618.0,35.0,Does not apply,False,340,29.18,21.178889650445512,False,64.36893203883494,72.0,14.0,108.0,108.0,110.0,108.66666666666667,RM10 8UR,,,,,,,,,,,,,,,,,,,,,,,,"Charles Road, Dagenham, RM10 8UR"
541,21,St Michael's CofE Primary School,Enfield,102034,3 to 11,54,436.0,24.0,Church of England,True,,18.8,23.19148936170213,False,64.3628640776699,83.0,15.0,109.0,106.0,108.0,107.66666666666667,EN2 0NB,,,,,,,,,,,,,,,,,,,,,,,,"Brigadier Hill, Enfield, EN2 0NB"
542,11,Brindishe Lee School,Lewisham,100717,4 to 11,28,199.0,18.0,Does not apply,False,341,9.4,21.170212765957444,False,64.35679611650485,79.0,4.0,110.0,109.0,109.0,109.33333333333333,SE12 8NA,,,,,,,,,,,,,,,,,,,,,,,,"Wantage Road, Lee Green, London, SE12 8NA"
543,8,Squirrels Heath Primary School,Havering,102303,4 to 11,80,345.0,30.0,Does not apply,False,342,17.82,19.36026936026936,False,64.21723300970874,76.0,18.0,107.0,107.0,110.0,108.0,RM2 5TP,,,,,,,,,,,,,,,,,,,,,,,,"Salisbury Road, Gidea Park, Romford, RM2 5TP"
544,9,St Joseph's Catholic Primary School,Havering,102334,4 to 11,59,411.0,8.0,Roman Catholic,True,,17.0,24.176470588235293,False,64.21116504854369,75.0,12.0,109.0,107.0,110.0,108.66666666666667,RM14 2QB,,,,,,,,,,,,,,,,,,,,,,,,"115 St Mary's Lane, Upminster, RM14 2QB"
545,15,St Lawrence Catholic Primary School,Hounslow,102527,3 to 11,61,467.0,16.0,Catholic,True,,19.0,24.57894736842105,False,64.20509708737863,69.0,23.0,106.0,109.0,110.0,108.33333333333333,TW13 4FH,,,,,,,,,,,,,,,,,,,,,,,,"High Street, Feltham, TW13 4FH"
546,14,Danson Primary School,Bexley,101403,4 to 11,88,604.0,15.0,Does not apply,False,343,28.6,21.118881118881117,False,64.09587378640776,81.0,20.0,108.0,107.0,107.0,107.33333333333333,DA16 2BH,,,,,,,,,,,,,,,,,,,,,,,,"Danson Lane, Welling, DA16 2BH"
547,16,Crane Park Primary School,Hounslow,132263,2 to 11,56,454.0,38.0,Does not apply,False,344,20.6,22.03883495145631,False,64.07766990291262,76.0,11.0,108.0,108.0,110.0,108.66666666666667,TW13 5LN,,,,,,,,,,,,,,,,,,,,,,,,"Norman Avenue, Hanworth, Feltham, TW13 5LN"
548,21,Raglan Primary School,Bromley,140088,2 to 11,61,456.0,13.0,None,False,345,19.44,23.456790123456788,False,64.07160194174757,69.0,13.0,110.0,108.0,109.0,109.0,BR2 9NL,,,,,,,,,,,,,,,,,,,,,,,,"Raglan Road, Bromley, BR2 9NL"
549,15,Heathfield Academy,Croydon,140435,4 to 11,58,416.0,55.0,Does not apply,False,346,18.0,23.11111111111111,False,64.07160194174757,90.0,12.0,107.0,108.0,108.0,107.66666666666667,CR0 1EQ,,,,,,,,,,,,,,,,,,,,,,,,"7 Aberdeen Road, Croydon, CR0 1EQ"
550,10,Christ Church CofE Primary School,Kingston upon Thames,102586,5 to 11,51,421.0,16.0,Church of England,True,,18.08,23.285398230088497,False,63.98665048543689,71.0,14.0,108.0,109.0,109.0,108.66666666666667,KT5 8LJ,,,,,,,,,,,,,,,,,,,,,,,,"Pine Gardens, Surbiton, KT5 8LJ"
551,18,Chesterton Primary School,Wandsworth,145280,3 to 11,52,424.0,54.0,Does not apply,False,347,26.5,16.0,False,63.92597087378641,77.0,13.0,107.0,108.0,110.0,108.33333333333333,SW11 5DT,,,,,,,,,,,,,,,,,,,,,,,,"Dagnall Street, Battersea, London, SW11 5DT"
552,13,Culvers House Primary School,Sutton,131103,3 to 11,59,410.0,41.0,Does not apply,False,348,19.2,21.354166666666668,False,63.88956310679612,75.0,17.0,108.0,108.0,108.0,108.0,CR4 4JH,,,,,,,,,,,,,,,,,,,,,,,,"Orchard Avenue, Mitcham, CR4 4JH"
553,27,Cardwell Primary School,Greenwich,100155,3 to 11,56,437.0,48.0,Does not apply,False,349,20.75,21.06024096385542,False,63.88956310679612,79.0,14.0,107.0,108.0,109.0,108.0,SE18 5LP,,,,,,,,,,,,,,,,,,,,,,,,"118 Frances Street, Woolwich, London, SE18 5LP"
554,23,Fairlop Primary School,Redbridge,102802,3 to 11,88,677.0,28.0,Does not apply,False,350,25.86,26.179427687548337,False,63.865291262135926,72.0,13.0,109.0,108.0,109.0,108.66666666666667,IG6 2LH,,,,,,,,,,,,,,,,,,,,,,,,"Colvin Gardens, Hainault, Ilford, IG6 2LH"
555,17,Worple Primary School,Hounslow,102506,3 to 11,26,204.0,27.0,Does not apply,False,351,8.8,23.18181818181818,False,63.77427184466019,73.0,19.0,109.0,107.0,108.0,108.0,TW7 7DB,,,,,,,,,,,,,,,,,,,,,,,,"Queens Terrace, Isleworth, TW7 7DB"
556,28,Henwick Primary School,Greenwich,100131,3 to 11,47,352.0,40.0,Does not apply,False,352,19.5,18.05128205128205,False,63.689320388349515,77.0,19.0,107.0,108.0,108.0,107.66666666666667,SE9 6NZ,,,,,,,,,,,,,,,,,,,,,,,,"Henwick Road, Eltham, London, SE9 6NZ"
557,29,Timbercroft Primary School,Greenwich,143209,3 to 11,51,390.0,31.0,Does not apply,False,353,18.4,21.195652173913047,False,63.62864077669903,80.0,8.0,109.0,107.0,110.0,108.66666666666667,SE18 2SG,,,,,,,,,,,,,,,,,,,,,,,,"Timbercroft Lane, Plumstead, London, SE18 2SG"
558,39,Saracens Broadfields,Barnet,140236,2 to 11,91,704.0,46.0,Does not apply,False,354,42.25,16.662721893491124,False,63.53155339805825,76.0,16.0,107.0,109.0,108.0,108.0,HA8 8JP,,,,,,,,,,,,,,,,,,,,,,,,"Roseberry Drive, Edgware, HA8 8JP"
559,16,St John's and St Clement's Church of England Primary School,Southwark,100830,5 to 11,48,376.0,33.0,Church of England,True,,23.6,15.932203389830507,False,63.48907766990292,73.0,19.0,109.0,106.0,109.0,108.0,SE15 4DY,,,,,,,,,,,,,,,,,,,,,,,,"Adys Road, Peckham, London, SE15 4DY"
560,29,Selwyn Primary School,Newham,142726,3 to 11,58,462.0,50.0,Does not apply,False,355,23.45,19.701492537313435,False,63.36771844660194,76.0,19.0,108.0,108.0,107.0,107.66666666666667,E13 0ES,,,,,,,,,,,,,,,,,,,,,,,,"Selwyn Road, London, E13 0ES"
561,18,Singlegate Primary School,Merton,102647,3 to 11,86,648.0,30.0,Does not apply,False,356,24.7,26.234817813765183,False,63.30097087378641,74.0,9.0,108.0,109.0,110.0,109.0,SW19 2NT,,,,,,,,,,,,,,,,,,,,,,,,"South Gardens, Colliers Wood, London, SW19 2NT"
562,20,St Mary's Church of England Primary Norwood Green,Ealing,140963,3 to 11,18,149.0,39.0,Church of England,True,,7.47,19.946452476572958,False,63.27669902912621,67.0,44.0,106.0,108.0,110.0,108.0,UB2 4LE,,,,,,,,,,,,,,,,,,,,,,,,"26 Tentelow Lane, Norwood Green, Southall, UB2 4LE"
563,40,Manorside Primary School,Barnet,101290,3 to 11,30,236.0,30.0,Does not apply,False,357,11.3,20.884955752212388,False,63.228155339805824,73.0,7.0,109.0,109.0,110.0,109.33333333333333,N3 2AB,,,,,,,,,,,,,,,,,,,,,,,,"Squires Lane, Finchley, London, N3 2AB"
564,30,Monega Primary School,Newham,145235,3 to 11,78,584.0,41.0,Does not apply,False,358,27.95,20.894454382826478,False,63.22208737864078,83.0,17.0,107.0,108.0,107.0,107.33333333333333,E12 6TT,,,,,,,,,,,,,,,,,,,,,,,,"Monega Road, Manor Park, London, E12 6TT"
565,19,Sudbourne Primary School,Lambeth,100584,3 to 11,36,302.0,47.0,Does not apply,False,359,16.45,18.358662613981764,False,63.015776699029125,72.0,8.0,109.0,108.0,111.0,109.33333333333333,SW2 5EF,,,,,,,,,,,,,,,,,,,,,,,,"Mandrell Road, Brixton, London, SW2 5EF"
566,15,Benthal Primary School,Hackney,100260,3 to 11,26,261.0,69.0,Does not apply,False,360,15.9,16.41509433962264,False,62.99150485436893,77.0,15.0,107.0,107.0,110.0,108.0,N16 7AU,,,,,,,,,,,,,,,,,,,,,,,,"Benthal Road, Hackney, London, N16 7AU"
567,28,Hampton Junior School,Richmond upon Thames,102887,7 to 11,117,471.0,21.0,Does not apply,False,361,23.2,20.301724137931036,False,62.973300970873794,77.0,18.0,108.0,106.0,109.0,107.66666666666667,TW12 2LA,,,,,,,,,,,,,,,,,,,,,,,,"Percy Road, Hampton, TW12 2LA"
568,9,Monteagle Primary School,Barking and Dagenham,130340,3 to 11,91,666.0,38.0,Does not apply,False,362,34.06,19.553728714034055,False,62.93082524271845,76.0,10.0,110.0,107.0,109.0,108.66666666666667,RM9 4RB,,,,,,,,,,,,,,,,,,,,,,,,"Burnham Road, Dagenham, RM9 4RB"
569,16,Ark Conway Primary Academy,Hammersmith and Fulham,137331,3 to 11,29,207.0,41.0,None,False,363,12.0,17.25,False,62.851941747572816,86.0,38.0,108.0,107.0,103.0,106.0,W12 0QT,,,,,,,,,,,,,,,,,,,,,,,,"60 Hemlock Road, Hammersmith, London, W12 0QT"
570,17,Roxbourne Primary School,Harrow,102213,3 to 11,58,474.0,24.0,Does not apply,False,364,23.6,20.08474576271186,False,62.76092233009709,83.0,5.0,109.0,108.0,109.0,108.66666666666667,HA2 9QF,,,,,,,,,,,,,,,,,,,,,,,,"Torbay Road, Harrow, HA2 9QF"
571,17,Lyndhurst Primary School,Southwark,148574,3 to 11,55,444.0,29.0,Does not apply,False,365,19.0,23.36842105263158,False,62.706310679611654,71.0,25.0,109.0,108.0,106.0,107.66666666666667,SE5 8SN,,,,,,,,,,,,,,,,,,,,,,,,"Grove Lane, London, SE5 8SN"
572,16,St Chad's Catholic Primary School,Croydon,142731,3 to 11,40,346.0,30.0,Roman Catholic,True,,14.1,24.53900709219858,False,62.53033980582524,78.0,13.0,108.0,107.0,109.0,108.0,SE25 6LR,,,,,,,,,,,,,,,,,,,,,,,,"Alverston Gardens, South Norwood, London, SE25 6LR"
573,14,Warrender Primary School,Hillingdon,102409,3 to 11,59,434.0,8.0,Does not apply,False,366,19.39,22.382671480144403,False,62.46966019417476,76.0,14.0,108.0,108.0,108.0,108.0,HA4 8QG,,,,,,,,,,,,,,,,,,,,,,,,"Old Hatch Manor, Ruislip, HA4 8QG"
574,18,St Joseph's Catholic Primary School,Southwark,149346,3 to 11,45,295.0,42.0,Roman Catholic,True,,16.2,18.209876543209877,False,62.445388349514566,67.0,27.0,108.0,107.0,109.0,108.0,SE16 4UP,,,,,,,,,,,,,,,,,,,,,,,,"George Row, Bermondsey, London, SE16 4UP"
575,10,"Thomas Arnold Primary School, Rowdowns Road",Barking and Dagenham,101220,3 to 11,51,451.0,43.0,Does not apply,False,367,26.2,17.213740458015266,False,62.251213592233015,73.0,8.0,109.0,109.0,109.0,109.0,RM9 6NH,,,,,,,,,,,,,,,,,,,,,,,,"Thomas Arnold Primary School, Rowdowns Road, Rowdowns Road, Dagenham, RM9 6NH"
576,19,Hotham Primary School,Wandsworth,101013,3 to 11,46,362.0,24.0,Does not apply,False,368,21.2,17.07547169811321,False,62.23907766990291,78.0,20.0,108.0,106.0,108.0,107.33333333333333,SW15 1PN,,,,,,,,,,,,,,,,,,,,,,,,"Charlwood Road, Putney, London, SW15 1PN"
577,41,Shalom Noam Primary School,Barnet,146803,4 to 11,31,231.0,6.0,Jewish,True,,11.68,19.777397260273972,False,62.226941747572816,74.0,16.0,110.0,107.0,107.0,108.0,HA8 0AJ,,,,,,,,,,,,,,,,,,,,,,,,"East Road, Edgware, HA8 0AJ"
578,31,Colegrave Primary School,Newham,102752,4 to 11,80,566.0,54.0,Does not apply,False,369,32.2,17.577639751552795,False,62.20873786407767,80.0,14.0,108.0,107.0,108.0,107.66666666666667,E15 1JY,,,,,,,,,,,,,,,,,,,,,,,,"Henniker Road, London, E15 1JY"
579,12,St Joan of Arc RC Primary School,Islington,100449,3 to 11,48,433.0,38.0,Roman Catholic,True,,19.96,21.693386773547093,False,62.10558252427184,71.0,19.0,107.0,109.0,108.0,108.0,N5 2UX,,,,,,,,,,,,,,,,,,,,,,,,"Northolme Road, Highbury Park, London, N5 2UX"
580,22,West Grove Primary,Enfield,131657,3 to 11,52,404.0,35.0,Does not apply,False,370,17.39,23.23174238067855,False,62.05703883495146,79.0,12.0,108.0,107.0,109.0,108.0,N14 4LR,,,,,,,,,,,,,,,,,,,,,,,,"218a Chase Road, Southgate, London, N14 4LR"
581,15,Lake Farm Park Academy,Hillingdon,140391,3 to 11,83,667.0,24.0,Does not apply,False,371,26.0,25.653846153846153,False,62.03276699029126,77.0,8.0,108.0,108.0,110.0,108.66666666666667,UB3 1JA,,,,,,,,,,,,,,,,,,,,,,,,"Botwell Common Road, Hayes, UB3 1JA"
582,11,Uxendon Manor Primary School,Brent,101502,3 to 11,89,674.0,19.0,Does not apply,False,372,28.32,23.79943502824859,False,62.01456310679612,79.0,7.0,108.0,108.0,110.0,108.66666666666667,HA3 0UX,,,,,,,,,,,,,,,,,,,,,,,,"Vista Way, Kenton, Harrow, HA3 0UX"
583,15,St Fidelis Catholic Primary School,Bexley,101458,3 to 11,62,457.0,34.0,Roman Catholic,True,,24.41,18.72183531339615,False,61.95388349514563,68.0,15.0,110.0,106.0,110.0,108.66666666666667,DA8 3HQ,,,,,,,,,,,,,,,,,,,,,,,,"Bexley Road, Erith, DA8 3HQ"
584,42,All Saints' CofE Nursery and Primary School N20,Barnet,101329,3 to 11,31,238.0,23.0,Church of England,True,,10.79,22.05746061167748,False,61.91747572815534,77.0,13.0,108.0,107.0,109.0,108.0,N20 9EZ,,,,,,,,,,,,,,,,,,,,,,,,"116 Oakleigh Road North, Whetstone, 116 Oakleigh Road North, London, N20 9EZ"
585,16,Bursted Wood Primary School,Bexley,140443,4 to 11,89,625.0,4.0,Does not apply,False,373,27.2,22.97794117647059,False,61.541262135922324,73.0,20.0,107.0,108.0,108.0,107.66666666666667,DA7 5BS,,,,,,,,,,,,,,,,,,,,,,,,"Swanbridge Road, Bexleyheath, DA7 5BS"
586,17,Aerodrome Primary Academy,Croydon,139094,3 to 11,61,466.0,51.0,Does not apply,False,374,23.73,19.637589549093974,False,61.52305825242719,66.0,18.0,109.0,109.0,107.0,108.33333333333333,CR0 4EJ,,,,,,,,,,,,,,,,,,,,,,,,"Goodwin Road, Croydon, CR0 4EJ"
587,18,Paxton Academy Sports And Science,Croydon,140967,2 to 11,31,275.0,68.0,None,False,375,15.58,17.65083440308087,False,61.51699029126214,87.0,13.0,109.0,105.0,108.0,107.33333333333333,CR7 6AW,,,,,,,,,,,,,,,,,,,,,,,,"843 London Road, Thornton Heath, CR7 6AW"
588,12,Ashmead Primary School,Lewisham,100716,3 to 11,44,388.0,34.0,Does not apply,False,376,19.92,19.477911646586342,False,61.4502427184466,75.0,14.0,108.0,107.0,109.0,108.0,SE8 4DX,,,,,,,,,,,,,,,,,,,,,,,,"Ashmead Road, Deptford, London, SE8 4DX"
589,18,Primrose Hill School,Camden,100020,2 to 11,55,429.0,44.0,Does not apply,False,377,20.95,20.47732696897375,False,61.44417475728156,76.0,16.0,109.0,107.0,107.0,107.66666666666667,NW1 8JL,,,,,,,,,,,,,,,,,,,,,,,,"Princess Road, London, NW1 8JL"
590,16,Glebe Primary School,Hillingdon,102380,3 to 11,85,620.0,18.0,Does not apply,False,378,27.98,22.15868477483917,False,61.43810679611651,79.0,11.0,108.0,108.0,108.0,108.0,UB10 8PH,,,,,,,,,,,,,,,,,,,,,,,,"Sussex Road, Ickenham, Uxbridge, UB10 8PH"
591,19,St Anne's and Guardian Angels Catholic Primary School,Tower Hamlets,100950,2 to 11,26,185.0,50.0,Roman Catholic,True,,12.7,14.566929133858268,True,61.41990291262136,77.0,12.0,109.0,108.0,107.0,108.0,E1 5AW,,,,,,,,,,,,,,,,,,,,,,,,"Underwood Road, Whitechapel, London, E1 5AW"
592,20,Allfarthing Primary School,Wandsworth,100996,3 to 11,39,384.0,23.0,Does not apply,False,379,21.0,18.285714285714285,False,61.310679611650485,69.0,28.0,108.0,106.0,109.0,107.66666666666667,SW18 2LR,,,,,,,,,,,,,,,,,,,,,,,,"St Ann's Crescent, Wandsworth, London, SW18 2LR"
593,32,Star Primary School,Newham,102746,3 to 11,86,584.0,50.0,Does not apply,False,380,37.18,15.7073695535234,False,61.29247572815534,70.0,3.0,109.0,110.0,111.0,110.0,E16 4NH,,,,,,,,,,,,,,,,,,,,,,,,"Star Lane, Canning Town, London, E16 4NH"
594,24,Wohl Ilford Jewish Primary School,Redbridge,102847,3 to 11,27,235.0,7.0,Jewish,True,,10.92,21.520146520146522,False,61.195388349514566,70.0,22.0,109.0,108.0,106.0,107.66666666666667,IG6 3HB,,,,,,,,,,,,,,,,,,,,,,,,"Forest Road, Ilford, IG6 3HB"
595,20,Stebon Primary School,Tower Hamlets,144235,3 to 11,87,703.0,57.0,Does not apply,False,381,36.46,19.281404278661547,False,61.12864077669903,77.0,14.0,109.0,108.0,106.0,107.66666666666667,E14 7AD,,,,,,,,,,,,,,,,,,,,,,,,"Burdett Estate, Wallwood Street, Poplar, London, E14 7AD"
596,13,St Peter and St Paul Catholic Primary School,Islington,100447,2 to 11,32,220.0,56.0,Roman Catholic,True,,9.8,22.448979591836732,False,61.07402912621359,88.0,9.0,108.0,108.0,107.0,107.66666666666667,EC1V 0EU,,,,,,,,,,,,,,,,,,,,,,,,"Compton Street, Goswell Road, Islington, London, EC1V 0EU"
597,15,St Luke's CofE Primary School,Westminster,101134,4 to 11,17,180.0,71.0,Church of England,True,,8.0,22.5,False,61.0254854368932,82.0,12.0,107.0,109.0,107.0,107.66666666666667,W9 3EJ,,,,,,,,,,,,,,,,,,,,,,,,"Fernhead Road, London, W9 3EJ"
598,21,Hambrough Primary School,Ealing,101887,3 to 11,49,460.0,31.0,Does not apply,False,382,19.8,23.232323232323232,False,60.93446601941748,84.0,6.0,107.0,109.0,109.0,108.33333333333333,UB1 1SF,,,,,,,,,,,,,,,,,,,,,,,,"South Road, Southall, Middlesex, UB1 1SF"
599,21,Blue Gate Fields Junior School,Tower Hamlets,100895,7 to 11,90,352.0,44.0,Does not apply,False,383,20.43,17.229564366128244,False,60.928398058252434,76.0,26.0,108.0,107.0,106.0,107.0,E1 0EH,,,,,,,,,,,,,,,,,,,,,,,,"King David Lane, Wapping, London, E1 0EH"
600,21,St Paul's Catholic Primary School,Haringey,102146,4 to 11,27,161.0,30.0,Roman Catholic,True,,6.0,26.833333333333332,False,60.928398058252434,70.0,19.0,107.0,107.0,110.0,108.0,N22 7SZ,,,,,,,,,,,,,,,,,,,,,,,,"Bradley Road, Wood Green, London, N22 7SZ"
601,16,Edward Wilson Primary School,Westminster,101110,3 to 11,45,280.0,76.0,Does not apply,False,384,19.08,14.675052410901468,True,60.8252427184466,76.0,16.0,107.0,107.0,109.0,107.66666666666667,W2 5TL,,,,,,,,,,,,,,,,,,,,,,,,"Senior Street, London, W2 5TL"
602,17,Normand Croft Community School for Early Years and Primary Education,Hammersmith and Fulham,134273,2 to 11,22,214.0,64.0,Does not apply,False,385,12.6,16.984126984126984,False,60.69781553398058,77.0,5.0,111.0,108.0,108.0,109.0,W14 9PA,,,,,,,,,,,,,,,,,,,,,,,,"Bramber Road, London, W14 9PA"
603,16,London Fields Primary School,Hackney,100230,3 to 11,53,424.0,30.0,Does not apply,False,386,23.04,18.40277777777778,False,60.67961165048544,79.0,13.0,108.0,107.0,108.0,107.66666666666667,E8 3RL,,,,,,,,,,,,,,,,,,,,,,,,"Westgate Street, Hackney, London, E8 3RL"
604,19,West Hampstead Primary School,Camden,100009,3 to 11,48,409.0,58.0,Does not apply,False,387,20.4,20.04901960784314,False,60.64320388349515,75.0,21.0,108.0,106.0,108.0,107.33333333333333,NW6 1QL,,,,,,,,,,,,,,,,,,,,,,,,"Dornfell Street, West Hampstead, London, NW6 1QL"
605,24,Walthamstow Primary Academy,Waltham Forest,141748,4 to 11,30,171.0,37.0,None,False,388,5.77,29.63604852686309,False,60.612864077669904,87.0,7.0,107.0,109.0,108.0,108.0,E17 5DP,,,,,,,,,,,,,,,,,,,,,,,,"Billet Road, Waltham Forest, Walthamstow, London, E17 5DP"
606,22,St Vincent's Catholic Primary School,Bromley,141481,4 to 11,32,209.0,6.0,Roman Catholic,True,,9.1,22.967032967032967,False,60.588592233009706,81.0,13.0,106.0,107.0,110.0,107.66666666666667,SE9 4JR,,,,,,,,,,,,,,,,,,,,,,,,"Harting Road, Mottingham, London, SE9 4JR"
607,33,Avenue Primary School,Newham,102710,3 to 11,85,556.0,52.0,Does not apply,False,389,34.2,16.257309941520468,False,60.515776699029125,78.0,8.0,108.0,108.0,109.0,108.33333333333333,E12 6AR,,,,,,,,,,,,,,,,,,,,,,,,"Meanley Road, Manor Park, London, E12 6AR"
608,18,Greenside Primary School,Hammersmith and Fulham,141902,3 to 11,30,218.0,40.0,Does not apply,False,390,13.6,16.029411764705884,False,60.50364077669903,87.0,17.0,109.0,106.0,105.0,106.66666666666667,W12 9PT,,,,,,,,,,,,,,,,,,,,,,,,"Westville Road, Hammersmith, London, W12 9PT"
609,34,Stratford Manor Primary School & Nursery,Newham,102729,3 to 11,22,228.0,50.0,Does not apply,False,391,14.8,15.405405405405405,False,60.400485436893206,73.0,9.0,106.0,110.0,111.0,109.0,E15 3BA,,,,,,,,,,,,,,,,,,,,,,,,"Richardson Road, London, E15 3BA"
610,14,Abbey Primary School,Sutton,146160,3 to 11,72,484.0,22.0,Does not apply,False,392,20.6,23.49514563106796,False,60.31553398058252,74.0,22.0,107.0,107.0,108.0,107.33333333333333,SM4 6NY,,,,,,,,,,,,,,,,,,,,,,,,"Glastonbury Road, Morden, SM4 6NY"
611,12,Kingsbury Green Primary School,Brent,101503,3 to 11,59,573.0,36.0,Does not apply,False,393,31.0,18.483870967741936,False,60.30946601941748,69.0,19.0,107.0,107.0,110.0,108.0,NW9 9ND,,,,,,,,,,,,,,,,,,,,,,,,"Old Kenton Lane, Kingsbury, London, NW9 9ND"
612,21,Our Lady Queen of Heaven RC School,Wandsworth,101051,3 to 11,27,224.0,22.0,Roman Catholic,True,,11.51,19.46133796698523,False,60.2366504854369,70.0,11.0,108.0,108.0,110.0,108.66666666666667,SW19 6AD,,,,,,,,,,,,,,,,,,,,,,,,"Victoria Drive, Southfields, London, SW19 6AD"
613,17,Dr Triplett's CofE Primary School,Hillingdon,102420,3 to 11,58,451.0,26.0,Church of England,True,,19.8,22.77777777777778,False,60.19417475728155,72.0,19.0,108.0,106.0,109.0,107.66666666666667,UB3 2JQ,,,,,,,,,,,,,,,,,,,,,,,,"Hemmen Lane, Hayes, UB3 2JQ"
614,43,Etz Chaim Jewish Primary School,Barnet,136938,3 to 11,24,176.0,0.0,Jewish,True,,11.13,15.813117699910151,False,60.182038834951456,88.0,8.0,108.0,108.0,107.0,107.66666666666667,NW7 4SL,,,,,,,,,,,,,,,,,,,,,,,,"20 Daws Lane, London, NW7 4SL"
615,18,Cranford Park Academy,Hillingdon,138613,3 to 11,109,871.0,29.0,Does not apply,False,394,36.24,24.034216335540837,False,60.16990291262137,73.0,13.0,106.0,108.0,111.0,108.33333333333333,UB3 4LQ,,,,,,,,,,,,,,,,,,,,,,,,"Phelps Way, Harlington, Hayes, UB3 4LQ"
616,19,Queen's Manor School and Special Needs Unit,Hammersmith and Fulham,143212,3 to 11,23,147.0,43.0,Does not apply,False,395,14.0,10.5,True,60.157766990291265,78.0,13.0,108.0,107.0,108.0,107.66666666666667,SW6 6ND,,,,,,,,,,,,,,,,,,,,,,,,"Lysia Street, London, SW6 6ND"
617,35,Nelson Primary School,Newham,145364,3 to 11,107,730.0,56.0,Does not apply,False,396,34.9,20.916905444126076,False,60.11529126213592,72.0,13.0,106.0,109.0,110.0,108.33333333333333,E6 2SE,,,,,,,,,,,,,,,,,,,,,,,,"Napier Road, East Ham, London, E6 2SE"
618,17,St Vincent De Paul Catholic Primary School,Westminster,101144,3 to 11,29,201.0,31.0,Roman Catholic,True,,9.6,20.9375,False,60.06067961165049,76.0,14.0,108.0,108.0,107.0,107.66666666666667,SW1P 1EP,,,,,,,,,,,,,,,,,,,,,,,,"Morpeth Terrace, LONDON, SW1P 1EP"
619,11,Parsloes Primary School,Barking and Dagenham,101227,3 to 11,40,408.0,38.0,Does not apply,False,397,19.2,21.25,False,60.042475728155345,70.0,13.0,108.0,108.0,109.0,108.33333333333333,RM9 5RH,,,,,,,,,,,,,,,,,,,,,,,,"Spurling Road, Dagenham, RM9 5RH"
620,19,Heber Primary School,Southwark,100793,3 to 11,50,434.0,20.0,Does not apply,False,398,19.63,22.109016811003567,False,59.98179611650486,70.0,8.0,110.0,108.0,109.0,109.0,SE22 9LA,,,,,,,,,,,,,,,,,,,,,,,,"Heber Road, East Dulwich, London, SE22 9LA"
621,18,St George's Primary Catholic Voluntary Academy,Harrow,146176,2 to 11,54,409.0,19.0,Roman Catholic,True,,14.81,27.61647535449021,False,59.90898058252427,80.0,15.0,107.0,106.0,109.0,107.33333333333333,HA1 3SB,,,,,,,,,,,,,,,,,,,,,,,,"Sudbury Hill, Harrow, HA1 3SB"
622,20,St Helen's Catholic Primary School,Lambeth,100623,3 to 11,30,257.0,40.0,Roman Catholic,True,,12.0,21.416666666666668,False,59.890776699029125,97.0,7.0,110.0,106.0,107.0,107.66666666666667,SW9 0TQ,,,,,,,,,,,,,,,,,,,,,,,,"Knowle Close, Brixton, London, SW9 0TQ"
623,18,St George's Hanover Square CofE Primary School,Westminster,101130,3 to 11,16,95.0,19.0,Church of England,True,,4.8,19.791666666666668,False,59.85436893203884,75.0,19.0,107.0,108.0,107.0,107.33333333333333,W1K 2XH,,,,,,,,,,,,,,,,,,,,,,,,"South Street, London, W1K 2XH"
624,19,Downsview Primary and Nursery School,Croydon,101778,3 to 11,80,632.0,21.0,Does not apply,False,399,24.4,25.901639344262296,False,59.84223300970874,81.0,6.0,109.0,107.0,109.0,108.33333333333333,SE19 3XE,,,,,,,,,,,,,,,,,,,,,,,,"Biggin Way, Upper Norwood, London, SE19 3XE"
625,20,St Mary's Kilburn Church of England Primary School,Camden,100042,3 to 11,28,229.0,64.0,Church of England,True,,12.0,19.083333333333332,False,59.787621359223294,82.0,11.0,107.0,107.0,109.0,107.66666666666667,NW6 4PG,,,,,,,,,,,,,,,,,,,,,,,,"Quex Road, Kilburn, London, NW6 4PG"
626,12,Manor Junior School,Barking and Dagenham,101192,7 to 11,149,591.0,21.0,Does not apply,False,400,24.8,23.83064516129032,False,59.75728155339806,78.0,9.0,107.0,107.0,111.0,108.33333333333333,IG11 9AG,,,,,,,,,,,,,,,,,,,,,,,,"Sandringham Road, Barking, IG11 9AG"
627,22,Earlsfield Primary School,Wandsworth,101005,3 to 11,52,447.0,21.0,Does not apply,False,401,20.4,21.911764705882355,False,59.72087378640777,79.0,19.0,107.0,107.0,107.0,107.0,SW18 3QQ,,,,,,,,,,,,,,,,,,,,,,,,"Tranmere Road, London, SW18 3QQ"
628,18,Heston Primary School,Hounslow,136191,3 to 11,55,414.0,40.0,Does not apply,False,402,18.2,22.747252747252748,False,59.71480582524272,78.0,13.0,107.0,107.0,109.0,107.66666666666667,TW5 0QR,,,,,,,,,,,,,,,,,,,,,,,,"Heston Road, Heston, Hounslow, TW5 0QR"
629,14,Hugh Myddelton Primary School,Islington,131842,2 to 11,53,487.0,75.0,Does not apply,False,403,27.25,17.871559633027523,False,59.672330097087375,89.0,13.0,107.0,107.0,107.0,107.0,EC1R 1YJ,,,,,,,,,,,,,,,,,,,,,,,,"Myddelton Street, London, EC1R 1YJ"
630,13,St Margarets CofE Primary School,Barking and Dagenham,144035,3 to 11,46,387.0,39.0,Church of England,True,,16.4,23.59756097560976,False,59.672330097087375,89.0,13.0,107.0,107.0,107.0,107.0,IG11 8AS,,,,,,,,,,,,,,,,,,,,,,,,"15-19 North Street, Barking, IG11 8AS"
631,23,Oak Lodge Primary School,Bromley,142298,2 to 11,64,541.0,13.0,Does not apply,False,404,23.75,22.778947368421054,False,59.66019417475729,73.0,16.0,108.0,108.0,107.0,107.66666666666667,BR4 0LJ,,,,,,,,,,,,,,,,,,,,,,,,"Chamberlain Crescent, West Wickham, BR4 0LJ"
632,17,Daubeney Primary School,Hackney,100223,2 to 11,52,367.0,46.0,Does not apply,False,405,23.8,15.420168067226891,False,59.66019417475729,83.0,15.0,107.0,108.0,106.0,107.0,E5 0EG,,,,,,,,,,,,,,,,,,,,,,,,"Daubeney Road, Clapton, London, E5 0EG"
633,44,Martin Primary School,Barnet,135226,3 to 11,86,657.0,33.0,Does not apply,False,406,31.24,21.030729833546737,False,59.557038834951456,73.0,8.0,110.0,108.0,108.0,108.66666666666667,N2 9JP,,,,,,,,,,,,,,,,,,,,,,,,"Plane Tree Walk, East Finchley, London, N2 9JP"
634,19,Wood End Park Academy,Hillingdon,138621,3 to 11,132,907.0,32.0,Does not apply,False,407,40.4,22.45049504950495,False,59.45995145631068,74.0,20.0,107.0,107.0,108.0,107.33333333333333,UB3 2PD,,,,,,,,,,,,,,,,,,,,,,,,"Judge Heath Lane, Hayes, UB3 2PD"
635,20,Riverside Primary School,Southwark,100808,3 to 11,34,247.0,62.0,Does not apply,False,408,19.1,12.931937172774868,True,59.3992718446602,76.0,15.0,106.0,107.0,110.0,107.66666666666667,SE16 4PS,,,,,,,,,,,,,,,,,,,,,,,,"Janeway Street, London, SE16 4PS"
636,20,St Mary's Catholic Primary School,Hammersmith and Fulham,100350,3 to 11,21,177.0,62.0,Roman Catholic,True,,10.01,17.682317682317684,False,59.39320388349515,90.0,5.0,106.0,109.0,109.0,108.0,W14 0LT,,,,,,,,,,,,,,,,,,,,,,,,"Masbro Road, London, W14 0LT"
637,1,The Aldgate School,City of London,100000,3 to 11,30,249.0,17.0,Church of England,True,,13.82,18.01736613603473,False,59.332524271844655,77.0,10.0,108.0,108.0,108.0,108.0,EC3A 5DE,,,,,,,,,,,,,,,,,,,,,,,,"St James's Passage, Duke's Place, London, EC3A 5DE"
638,13,Horniman Primary School,Lewisham,100714,5 to 11,26,204.0,23.0,Does not apply,False,409,10.03,20.33898305084746,False,59.29611650485437,73.0,12.0,111.0,106.0,108.0,108.33333333333333,SE23 3BP,,,,,,,,,,,,,,,,,,,,,,,,"Horniman Drive, London, SE23 3BP"
639,22,English Martyrs Roman Catholic Primary School,Tower Hamlets,100962,3 to 11,19,173.0,21.0,Roman Catholic,True,,10.7,16.16822429906542,False,59.24757281553398,63.0,16.0,106.0,109.0,111.0,108.66666666666667,E1 8DJ,,,,,,,,,,,,,,,,,,,,,,,,"St Mark Street, Wapping, London, E1 8DJ"
640,19,Aylward Primary School,Harrow,140657,3 to 11,46,537.0,33.0,Does not apply,False,410,28.79,18.652309829802014,False,59.150485436893206,74.0,4.0,109.0,109.0,109.0,109.0,HA7 4RE,,,,,,,,,,,,,,,,,,,,,,,,"Pangbourne Drive, Stanmore, HA7 4RE"
641,20,Coulsdon CofE Primary School,Croydon,101792,4 to 11,27,197.0,15.0,Church of England,True,,9.3,21.18279569892473,False,59.13228155339806,85.0,11.0,109.0,106.0,107.0,107.33333333333333,CR5 1ED,,,,,,,,,,,,,,,,,,,,,,,,"Bradmore Green, Old Coulsdon, CR5 1ED"
642,36,St Edward's Catholic Primary School,Newham,147335,3 to 11,55,416.0,53.0,Roman Catholic,True,,20.86,19.9424736337488,False,59.02912621359223,80.0,11.0,108.0,106.0,109.0,107.66666666666667,E13 9AX,,,,,,,,,,,,,,,,,,,,,,,,"Green Street, Upton Park, London, E13 9AX"
643,17,Hillsgrove Primary School,Bexley,142295,3 to 11,47,311.0,21.0,Does not apply,False,411,13.82,22.503617945007235,False,58.962378640776706,68.0,11.0,108.0,108.0,110.0,108.66666666666667,DA16 1DR,,,,,,,,,,,,,,,,,,,,,,,,"Sidmouth Road, Welling, DA16 1DR"
644,24,Alexandra Junior School,Bromley,140080,7 to 11,47,232.0,15.0,Does not apply,False,412,9.0,25.77777777777778,False,58.91990291262136,79.0,11.0,109.0,107.0,107.0,107.66666666666667,SE26 5DS,,,,,,,,,,,,,,,,,,,,,,,,"Cator Road, Sydenham, London, SE26 5DS"
645,21,Rosendale Primary School,Lambeth,144308,3 to 11,85,622.0,26.0,Does not apply,False,413,26.4,23.560606060606062,False,58.859223300970875,88.0,13.0,109.0,107.0,104.0,106.66666666666667,SE21 8LR,,,,,,,,,,,,,,,,,,,,,,,,"Rosendale Road, West Dulwich, London, SE21 8LR"
646,15,Nonsuch Primary School,Sutton,102985,3 to 11,30,204.0,7.0,Does not apply,False,414,8.44,24.170616113744078,False,58.82888349514563,63.0,13.0,109.0,109.0,108.0,108.66666666666667,KT17 2HQ,,,,,,,,,,,,,,,,,,,,,,,,"Chadacre Road, Stoneleigh, Epsom, KT17 2HQ"
647,29,Stanley Primary School,Richmond upon Thames,102898,3 to 11,80,447.0,24.0,Does not apply,False,415,24.81,18.016928657799276,False,58.810679611650485,69.0,15.0,108.0,108.0,108.0,108.0,TW11 8UH,,,,,,,,,,,,,,,,,,,,,,,,"Strathmore Road, Teddington, TW11 8UH"
648,13,Islamia Primary School,Brent,101574,4 to 11,60,418.0,35.0,Muslim,True,,20.96,19.942748091603054,False,58.810679611650485,75.0,12.0,107.0,107.0,110.0,108.0,NW6 6PE,,,,,,,,,,,,,,,,,,,,,,,,"129 Salusbury Road, London, NW6 6PE"
649,22,The Edward Betham Church of England Primary School,Ealing,101927,3 to 11,60,410.0,22.0,Church of England,True,,16.21,25.29302899444787,False,58.7742718446602,77.0,15.0,107.0,108.0,107.0,107.33333333333333,UB6 9JU,,,,,,,,,,,,,,,,,,,,,,,,"Oldfield Lane South, Greenford, UB6 9JU"
650,37,Kaizen Primary School,Newham,143277,3 to 11,52,420.0,48.0,Does not apply,False,416,20.69,20.29966167230546,False,58.695388349514566,83.0,27.0,108.0,106.0,104.0,106.0,E13 8LF,,,,,,,,,,,,,,,,,,,,,,,,"Elkington Road, London, E13 8LF"
651,30,Alderwood Primary School,Greenwich,143601,3 to 11,30,199.0,67.0,Does not apply,False,417,10.6,18.77358490566038,False,58.65291262135922,87.0,13.0,105.0,109.0,107.0,107.0,SE9 2JH,,,,,,,,,,,,,,,,,,,,,,,,"Rainham Close, Eltham, London, SE9 2JH"
652,38,Plaistow Primary School,Newham,132812,3 to 11,42,362.0,38.0,Does not apply,False,418,20.8,17.403846153846153,False,58.646844660194176,69.0,10.0,108.0,108.0,110.0,108.66666666666667,E13 9DQ,,,,,,,,,,,,,,,,,,,,,,,,"Junction Road, Plaistow, London, E13 9DQ"
653,19,St Matthew's CofE Primary School,Merton,102664,3 to 11,19,201.0,5.0,Church of England,True,,11.02,18.23956442831216,False,58.57402912621359,63.0,16.0,109.0,107.0,109.0,108.33333333333333,SW20 0SX,,,,,,,,,,,,,,,,,,,,,,,,"Cottenham Park Road, London, SW20 0SX"
654,21,Harris Primary Academy Haling Park,Croydon,140208,3 to 11,48,423.0,23.0,None,False,419,17.59,24.04775440591245,False,58.53155339805826,79.0,17.0,107.0,107.0,107.0,107.0,CR2 6HS,,,,,,,,,,,,,,,,,,,,,,,,"50-58 Haling Road, Croydon, CR2 6HS"
655,21,St James the Great Roman Catholic Primary School,Southwark,100825,3 to 11,28,223.0,36.0,Roman Catholic,True,,10.4,21.44230769230769,False,58.52548543689321,75.0,18.0,106.0,107.0,109.0,107.33333333333333,SE15 5LP,,,,,,,,,,,,,,,,,,,,,,,,"Peckham Road, St James the Great Catholic Pr, London, SE15 5LP"
656,23,Greenwood Primary School,Ealing,101899,4 to 11,71,645.0,32.0,Does not apply,False,420,28.42,22.695285010555946,False,58.470873786407765,68.0,23.0,106.0,107.0,110.0,107.66666666666667,UB5 4QG,,,,,,,,,,,,,,,,,,,,,,,,"Wood End Way, Northolt, UB5 4QG"
657,22,St Michael's CofE Primary School,Haringey,139175,3 to 11,28,146.0,64.0,Church of England,True,,8.8,16.59090909090909,False,58.385922330097095,89.0,14.0,107.0,107.0,106.0,106.66666666666667,N22 8HE,,,,,,,,,,,,,,,,,,,,,,,,"Bounds Green Road, Wood Green, London, N22 8HE"
658,10,Brady Primary School,Havering,102314,3 to 11,29,399.0,21.0,Does not apply,False,421,14.9,26.778523489932887,False,58.161407766990294,76.0,10.0,107.0,108.0,109.0,108.0,RM13 9XA,,,,,,,,,,,,,,,,,,,,,,,,"Wennington Road, Rainham, RM13 9XA"
659,24,Lady Margaret Primary School,Ealing,101903,4 to 11,79,481.0,41.0,Does not apply,False,422,24.0,20.041666666666668,False,58.1492718446602,80.0,13.0,107.0,106.0,109.0,107.33333333333333,UB1 2NH,,,,,,,,,,,,,,,,,,,,,,,,"Lady Margaret Road, Southall, UB1 2NH"
660,11,Alexandra Primary School,Kingston upon Thames,102578,3 to 11,55,460.0,13.0,Does not apply,False,423,21.03,21.873514027579645,False,58.10679611650485,65.0,18.0,107.0,108.0,109.0,108.0,KT2 6SE,,,,,,,,,,,,,,,,,,,,,,,,"Alexandra Road, Kingston upon Thames, KT2 6SE"
661,21,Kentish Town Church of England Primary School,Camden,100034,3 to 11,30,226.0,53.0,Church of England,True,,14.2,15.91549295774648,False,58.05218446601942,70.0,17.0,108.0,107.0,108.0,107.66666666666667,NW5 2TU,,,,,,,,,,,,,,,,,,,,,,,,"Islip Street, London, NW5 2TU"
662,18,Kingsmead Primary School,Hackney,100250,3 to 11,27,226.0,56.0,Does not apply,False,424,15.01,15.056628914057296,True,57.997572815533985,85.0,15.0,108.0,106.0,106.0,106.66666666666667,E9 5PP,,,,,,,,,,,,,,,,,,,,,,,,"Kingsmead Way, London, E9 5PP"
663,22,St. Mary's Catholic Junior School,Croydon,142226,7 to 11,53,231.0,32.0,Roman Catholic,True,,10.2,22.647058823529413,False,57.97936893203883,77.0,9.0,107.0,108.0,109.0,108.0,CR0 2EW,,,,,,,,,,,,,,,,,,,,,,,,"Sydenham Road, Croydon, CR0 2EW"
664,23,Alderbrook Primary School,Wandsworth,100995,3 to 11,27,231.0,44.0,Does not apply,False,425,11.6,19.913793103448278,False,57.90655339805826,74.0,22.0,107.0,107.0,107.0,107.0,SW12 8PP,,,,,,,,,,,,,,,,,,,,,,,,"Oldridge Road, Balham, London, SW12 8PP"
665,11,La Salette Catholic Primary School,Havering,102330,4 to 11,30,211.0,30.0,Roman Catholic,True,,8.0,26.375,False,57.9004854368932,80.0,20.0,106.0,107.0,107.0,106.66666666666667,RM13 8SP,,,,,,,,,,,,,,,,,,,,,,,,"Dunedin Road, Rainham, RM13 8SP"
666,14,Tidemill Academy,Lewisham,137441,3 to 11,59,448.0,44.0,Does not apply,False,426,23.95,18.70563674321503,False,57.85800970873787,76.0,19.0,107.0,107.0,107.0,107.0,SE8 4RJ,,,,,,,,,,,,,,,,,,,,,,,,"11 Giffin Street, London, SE8 4RJ"
667,15,Newington Green Primary School,Islington,131325,2 to 11,60,459.0,72.0,Does not apply,False,427,18.82,24.38894792773645,False,57.85194174757281,72.0,20.0,107.0,106.0,109.0,107.33333333333333,N1 4ND,,,,,,,,,,,,,,,,,,,,,,,,"Auriga Mews, London, N1 4ND"
668,25,Bickley Primary School,Bromley,145585,5 to 11,56,412.0,5.0,Does not apply,False,428,16.8,24.523809523809522,False,57.821601941747566,73.0,18.0,107.0,107.0,108.0,107.33333333333333,BR1 2SQ,,,,,,,,,,,,,,,,,,,,,,,,"Nightingale Lane, Bromley, BR1 2SQ"
669,25,Newport School,Waltham Forest,103048,3 to 11,90,828.0,30.0,Does not apply,False,429,36.0,23.0,False,57.821601941747566,73.0,18.0,107.0,107.0,108.0,107.33333333333333,E10 6PJ,,,,,,,,,,,,,,,,,,,,,,,,"Newport Road, London, E10 6PJ"
670,26,Balgowan Primary School,Bromley,137216,4 to 11,77,618.0,8.0,Does not apply,False,430,24.6,25.121951219512194,False,57.67597087378641,70.0,21.0,109.0,106.0,107.0,107.33333333333333,BR3 4HJ,,,,,,,,,,,,,,,,,,,,,,,,"Balgowan Road, Beckenham, BR3 4HJ"
671,23,Lansbury Lawrence Primary School,Tower Hamlets,133574,3 to 11,59,452.0,64.0,Does not apply,False,431,22.97,19.677840661732695,False,57.62135922330097,71.0,15.0,108.0,108.0,107.0,107.66666666666667,E14 6DZ,,,,,,,,,,,,,,,,,,,,,,,,"Cordelia Street, Poplar, London, E14 6DZ"
672,23,Kingfisher Hall Primary Academy,Enfield,138203,3 to 11,51,444.0,49.0,None,False,432,16.92,26.241134751773046,False,57.54247572815534,78.0,16.0,108.0,106.0,107.0,107.0,EN3 7GB,,,,,,,,,,,,,,,,,,,,,,,,"40 The Ride, Enfield, EN3 7GB"
673,19,Jubilee Primary School,Hackney,100253,3 to 11,60,445.0,30.0,Does not apply,False,433,20.69,21.507974867085547,False,57.51820388349515,72.0,18.0,108.0,107.0,107.0,107.33333333333333,N16 6NR,,,,,,,,,,,,,,,,,,,,,,,,"Filey Avenue, London, N16 6NR"
674,24,St Agnes RC Primary School,Tower Hamlets,100949,3 to 11,22,207.0,55.0,Roman Catholic,True,,11.8,17.54237288135593,False,57.47572815533981,73.0,23.0,106.0,108.0,107.0,107.0,E3 3ER,,,,,,,,,,,,,,,,,,,,,,,,"Rainhill Way, Bow, London, E3 3ER"
675,27,Churchfields Primary School,Bromley,145204,3 to 11,56,489.0,20.0,Does not apply,False,434,26.6,18.38345864661654,False,57.415048543689316,68.0,18.0,108.0,107.0,108.0,107.66666666666667,BR3 4QY,,,,,,,,,,,,,,,,,,,,,,,,"Churchfields Road, Beckenham, BR3 4QY"
676,23,Coleridge Primary School,Haringey,102121,3 to 11,113,865.0,23.0,Does not apply,False,435,41.32,20.934172313649565,False,57.28762135922331,70.0,8.0,110.0,107.0,109.0,108.66666666666667,N8 8DN,,,,,,,,,,,,,,,,,,,,,,,,"Crouch End Hill, Hornsey, London, N8 8DN"
677,45,Alma Primary,Barnet,139562,4 to 11,27,185.0,19.0,Jewish,True,,12.42,14.895330112721417,True,57.26334951456311,78.0,15.0,108.0,107.0,106.0,107.0,N20 0LP,,,,,,,,,,,,,,,,,,,,,,,,"Friern Barnet Lane, Whetstone, London, N20 0LP"
678,22,Albion Primary School,Southwark,100774,3 to 11,54,434.0,57.0,Does not apply,False,436,20.6,21.06796116504854,False,57.25728155339805,69.0,6.0,109.0,108.0,110.0,109.0,SE16 7JD,,,,,,,,,,,,,,,,,,,,,,,,"Albion Street, Rotherhithe, London, SE16 7JD"
679,28,The Highway Primary School,Bromley,142743,4 to 11,33,212.0,27.0,Does not apply,False,437,10.4,20.384615384615383,False,57.19660194174757,67.0,15.0,108.0,107.0,109.0,108.0,BR6 9DJ,,,,,,,,,,,,,,,,,,,,,,,,"The Highway, Orpington, BR6 9DJ"
680,16,Dorchester Primary School,Sutton,102982,3 to 11,91,527.0,22.0,Does not apply,False,438,25.0,21.08,False,57.0752427184466,67.0,15.0,107.0,108.0,109.0,108.0,KT4 8PG,,,,,,,,,,,,,,,,,,,,,,,,"Dorchester Road, Worcester Park, KT4 8PG"
681,23,Snowsfields Primary School,Southwark,100811,3 to 11,23,183.0,39.0,Does not apply,False,439,11.4,16.052631578947366,False,56.94174757281554,61.0,26.0,109.0,106.0,108.0,107.66666666666667,SE1 3TD,,,,,,,,,,,,,,,,,,,,,,,,"Kirby Grove, London, SE1 3TD"
682,24,Rotherhithe Primary School,Southwark,149605,3 to 11,48,341.0,52.0,Does not apply,False,440,15.4,22.142857142857142,False,56.94174757281554,77.0,17.0,106.0,107.0,108.0,107.0,SE16 2PE,,,,,,,,,,,,,,,,,,,,,,,,"61 Hawkstone Road, London, SE16 2PE"
683,39,Sir John Heron Primary School,Newham,132789,2 to 11,59,443.0,37.0,Does not apply,False,441,20.8,21.298076923076923,False,56.93567961165049,81.0,8.0,107.0,108.0,108.0,107.66666666666667,E12 5PY,,,,,,,,,,,,,,,,,,,,,,,,"School Road, Manor Park, London, E12 5PY"
684,23,Greenvale Primary School,Croydon,101781,4 to 11,32,214.0,16.0,Does not apply,False,442,8.89,24.071991001124857,False,56.911407766990294,75.0,19.0,107.0,106.0,108.0,107.0,CR2 8PR,,,,,,,,,,,,,,,,,,,,,,,,"Sandpiper Road, Selsdon Vale, South Croydon, CR2 8PR"
685,30,Lowther Primary School,Richmond upon Thames,102892,3 to 11,28,246.0,29.0,Does not apply,False,443,12.2,20.16393442622951,False,56.911407766990294,79.0,14.0,109.0,106.0,106.0,107.0,SW13 9AE,,,,,,,,,,,,,,,,,,,,,,,,"Stillingfleet Road, Barnes, London, SW13 9AE"
686,26,Longshaw Primary Academy,Waltham Forest,147179,3 to 11,19,217.0,32.0,None,False,444,7.2,30.13888888888889,False,56.83252427184466,68.0,11.0,108.0,108.0,109.0,108.33333333333333,E4 6LH,,,,,,,,,,,,,,,,,,,,,,,,"Longshaw Road, Chingford, London, E4 6LH"
687,25,Manorfield Primary School,Tower Hamlets,100920,2 to 11,87,691.0,63.0,Does not apply,False,445,43.2,15.995370370370368,False,56.77184466019417,77.0,16.0,107.0,107.0,107.0,107.0,E14 6QD,,,,,,,,,,,,,,,,,,,,,,,,"Wyvis Street, Poplar, London, E14 6QD"
688,26,Hague Primary School,Tower Hamlets,100903,3 to 11,29,213.0,41.0,Does not apply,False,446,9.4,22.659574468085104,False,56.717233009708735,79.0,3.0,109.0,108.0,108.0,108.33333333333333,E2 0BP,,,,,,,,,,,,,,,,,,,,,,,,"Wilmot Street, London, E2 0BP"
689,17,Muschamp Primary School and Language Opportunity Base,Sutton,130934,3 to 11,78,614.0,23.0,Does not apply,False,447,28.84,21.28987517337032,False,56.57766990291262,79.0,9.0,108.0,106.0,109.0,107.66666666666667,SM5 2SE,,,,,,,,,,,,,,,,,,,,,,,,"Muschamp Road, Carshalton, SM5 2SE"
690,22,Reay Primary School,Lambeth,100634,3 to 11,30,224.0,53.0,None,False,448,9.0,24.88888888888889,False,56.55339805825243,77.0,7.0,109.0,108.0,107.0,108.0,SW9 0EN,,,,,,,,,,,,,,,,,,,,,,,,"Hackford Road, Stockwell, LONDON, SW9 0EN"
691,22,Argyle Primary School,Camden,100008,3 to 11,27,278.0,59.0,Does not apply,False,449,16.6,16.746987951807228,False,56.523058252427184,81.0,11.0,106.0,107.0,109.0,107.33333333333333,WC1H 9EG,,,,,,,,,,,,,,,,,,,,,,,,"Tonbridge Street, London, WC1H 9EG"
692,25,North Ealing Primary School,Ealing,101870,3 to 11,84,653.0,15.0,Does not apply,False,450,25.0,26.12,False,56.46844660194175,75.0,11.0,108.0,108.0,107.0,107.66666666666667,W5 1RP,,,,,,,,,,,,,,,,,,,,,,,,"Pitshanger Lane, Ealing, London, W5 1RP"
693,18,St Mary's RC Junior School,Sutton,102994,7 to 11,89,362.0,8.0,Roman Catholic,True,,15.44,23.44559585492228,False,56.34101941747572,71.0,24.0,107.0,106.0,108.0,107.0,SM5 2PB,,,,,,,,,,,,,,,,,,,,,,,,"Shorts Road, Carshalton, SM5 2PB"
694,46,Woodcroft Primary School,Barnet,134677,3 to 11,53,414.0,38.0,Does not apply,False,451,21.3,19.43661971830986,False,56.310679611650485,85.0,8.0,107.0,108.0,107.0,107.33333333333333,HA8 0QF,,,,,,,,,,,,,,,,,,,,,,,,"Goldbeaters Grove, EDGWARE, HA8 0QF"
695,23,Netley Primary School,Camden,100018,2 to 11,27,388.0,56.0,Does not apply,False,452,29.2,13.287671232876713,True,56.310679611650485,74.0,7.0,107.0,109.0,109.0,108.33333333333333,NW1 3EX,,,,,,,,,,,,,,,,,,,,,,,,"74 Stanhope Street, Camden, London, NW1 3EX"
696,15,Dalmain Primary School,Lewisham,100677,3 to 11,48,364.0,25.0,Does not apply,False,453,21.71,16.766467065868262,False,56.29854368932039,71.0,23.0,107.0,107.0,107.0,107.0,SE23 1AS,,,,,,,,,,,,,,,,,,,,,,,,"Grove Close, Brockley Rise, London, SE23 1AS"
697,14,The Leys Primary School,Barking and Dagenham,101216,3 to 11,47,409.0,45.0,Does not apply,False,454,17.6,23.238636363636363,False,56.292475728155345,70.0,15.0,107.0,107.0,109.0,107.66666666666667,RM10 9YR,,,,,,,,,,,,,,,,,,,,,,,,"Leys Avenue, Dagenham, RM10 9YR"
698,20,Weald Rise Primary School,Harrow,102215,2 to 11,45,380.0,40.0,Does not apply,False,455,18.0,21.11111111111111,False,56.28640776699029,76.0,13.0,107.0,108.0,107.0,107.33333333333333,HA3 7DH,,,,,,,,,,,,,,,,,,,,,,,,"Robin Hood Drive, Harrow Weald, Harrow, HA3 7DH"
699,24,Eversley Primary School,Enfield,102025,4 to 11,92,639.0,12.0,Does not apply,False,456,20.32,31.446850393700785,False,56.2257281553398,68.0,21.0,108.0,106.0,108.0,107.33333333333333,N21 1PD,,,,,,,,,,,,,,,,,,,,,,,,"Chaseville Park Road, London, N21 1PD"
700,47,Northside Primary School,Barnet,101296,2 to 11,30,263.0,17.0,Does not apply,False,457,11.58,22.711571675302245,False,56.20145631067961,57.0,13.0,108.0,108.0,110.0,108.66666666666667,N12 8JP,,,,,,,,,,,,,,,,,,,,,,,,"2 Albert Street, North Finchley, London, N12 8JP"
701,24,Furzedown Primary School,Wandsworth,101009,3 to 11,38,344.0,11.0,Does not apply,False,458,19.2,17.916666666666668,False,56.08009708737865,68.0,16.0,109.0,106.0,108.0,107.66666666666667,SW17 9TJ,,,,,,,,,,,,,,,,,,,,,,,,"Beclands Road, Tooting, London, SW17 9TJ"
702,29,Green Street Green Primary School,Bromley,144504,2 to 11,63,402.0,17.0,None,False,459,21.28,18.89097744360902,False,56.049757281553404,75.0,13.0,109.0,107.0,106.0,107.33333333333333,BR6 6DT,,,,,,,,,,,,,,,,,,,,,,,,"Vine Road, Orpington, BR6 6DT"
703,31,Twickenham Primary Academy,Richmond upon Thames,142122,4 to 11,60,388.0,22.0,None,False,460,17.2,22.558139534883722,False,56.03155339805825,68.0,20.0,108.0,107.0,107.0,107.33333333333333,TW2 6QF,,,,,,,,,,,,,,,,,,,,,,,,"57 Colne Road, Twickenham, TW2 6QF"
704,19,All Saints Benhilton CofE Primary School,Sutton,102990,3 to 11,62,461.0,15.0,Church of England,True,,21.99,20.964074579354254,False,55.92233009708738,76.0,15.0,108.0,107.0,106.0,107.0,SM1 3DA,,,,,,,,,,,,,,,,,,,,,,,,"All Saints Road, Sutton, SM1 3DA"
705,24,St John's CofE Primary School,Croydon,101788,4 to 11,58,419.0,10.0,Church of England,True,,20.23,20.711814137419672,False,55.90412621359223,81.0,7.0,108.0,107.0,108.0,107.66666666666667,CR0 5EL,,,,,,,,,,,,,,,,,,,,,,,,"Spring Park Road, Shirley, Croydon, CR0 5EL"
706,27,John Scurr Primary School,Tower Hamlets,100906,2 to 11,53,493.0,53.0,Does not apply,False,461,22.65,21.76600441501104,False,55.88592233009708,72.0,8.0,107.0,108.0,110.0,108.33333333333333,E1 4AX,,,,,,,,,,,,,,,,,,,,,,,,"Cephas Street, Stepney Green, London, E1 4AX"
707,14,St Robert Southwell Catholic Primary School,Brent,101543,3 to 11,60,452.0,20.0,Roman Catholic,True,,21.2,21.32075471698113,False,55.83131067961165,77.0,15.0,107.0,106.0,108.0,107.0,NW9 8YD,,,,,,,,,,,,,,,,,,,,,,,,"Slough Lane, Kingsbury, London, NW9 8YD"
708,25,Goodmayes Primary School,Redbridge,102807,3 to 11,87,661.0,37.0,Does not apply,False,462,29.9,22.107023411371237,False,55.81917475728155,75.0,9.0,106.0,108.0,110.0,108.0,IG3 9RW,,,,,,,,,,,,,,,,,,,,,,,,"Castleton Road, Goodmayes, Ilford, IG3 9RW"
709,20,St Dunstan's Cheam CofE Primary School,Sutton,102992,3 to 11,64,399.0,14.0,Church of England,True,,17.1,23.333333333333332,False,55.81310679611651,73.0,14.0,109.0,107.0,106.0,107.33333333333333,SM3 8DF,,,,,,,,,,,,,,,,,,,,,,,,"Anne Boleyn's Walk, Cheam, Sutton, SM3 8DF"
710,25,Monks Orchard Primary School,Croydon,146225,3 to 11,33,201.0,42.0,Does not apply,False,463,9.33,21.543408360128616,False,55.800970873786405,73.0,9.0,108.0,108.0,108.0,108.0,CR0 7UF,,,,,,,,,,,,,,,,,,,,,,,,"The Glade, Shirley, The Glade, Croydon, CR0 7UF"
711,20,Poplar Primary School,Merton,102644,3 to 11,83,626.0,34.0,Does not apply,False,464,27.2,23.014705882352942,False,55.78883495145631,70.0,14.0,107.0,109.0,107.0,107.66666666666667,SW19 3JZ,,,,,,,,,,,,,,,,,,,,,,,,"Poplar Road South, Merton Park, London, SW19 3JZ"
712,28,St Luke's Church of England Primary School,Tower Hamlets,100954,3 to 11,33,397.0,42.0,Church of England,True,,18.74,21.184631803628605,False,55.78883495145631,64.0,12.0,108.0,108.0,109.0,108.33333333333333,E14 3EB,,,,,,,,,,,,,,,,,,,,,,,,"Saunders Ness Road, Isle of Dogs, London, E14 3EB"
713,21,Brackenbury Primary School,Hammersmith and Fulham,100324,3 to 11,43,318.0,44.0,Does not apply,False,465,21.2,15.0,True,55.71601941747573,77.0,19.0,107.0,105.0,108.0,106.66666666666667,W6 0BA,,,,,,,,,,,,,,,,,,,,,,,,"Dalling Road, Hammersmith, London, W6 0BA"
714,12,Burlington Junior School,Kingston upon Thames,102564,7 to 11,120,477.0,21.0,Does not apply,False,466,24.8,19.233870967741936,False,55.56432038834951,72.0,15.0,108.0,107.0,107.0,107.33333333333333,KT3 4LT,,,,,,,,,,,,,,,,,,,,,,,,"Burlington Road, New Malden, KT3 4LT"
715,20,Hewens Primary School,Hillingdon,139909,4 to 11,57,429.0,21.0,None,False,467,17.0,25.235294117647058,False,55.50970873786408,74.0,14.0,106.0,108.0,108.0,107.33333333333333,UB4 8JP,,,,,,,,,,,,,,,,,,,,,,,,"Hewens Road, Hayes, UB4 8JP"
716,25,St Boniface RC Primary School,Wandsworth,101042,3 to 11,45,271.0,13.0,Roman Catholic,True,,14.7,18.435374149659864,False,55.491504854368934,71.0,22.0,106.0,107.0,108.0,107.0,SW17 8PP,,,,,,,,,,,,,,,,,,,,,,,,"Undine Street, Tooting, London, SW17 8PP"
717,26,Woodcote Primary School,Croydon,148223,3 to 11,113,858.0,26.0,Does not apply,False,468,41.06,20.896249391134923,False,55.467233009708735,70.0,22.0,109.0,105.0,107.0,107.0,CR5 2ED,,,,,,,,,,,,,,,,,,,,,,,,"Dunsfold Rise, Coulsdon, CR5 2ED"
718,15,Park Lane Primary School,Brent,101509,3 to 11,54,456.0,22.0,Does not apply,False,469,19.19,23.762376237623762,False,55.46116504854369,81.0,7.0,107.0,107.0,109.0,107.66666666666667,HA9 7RY,,,,,,,,,,,,,,,,,,,,,,,,"Park Lane, Wembley, HA9 7RY"
719,19,The William Hogarth Primary School,Hounslow,133486,3 to 11,12,119.0,67.0,Does not apply,False,470,8.6,13.837209302325581,True,55.35800970873787,75.0,17.0,107.0,104.0,110.0,107.0,W4 2JR,,,,,,,,,,,,,,,,,,,,,,,,"Duke Road, Chiswick, London, W4 2JR"
720,31,Cherry Orchard Primary School,Greenwich,100115,4 to 11,30,180.0,33.0,Does not apply,False,471,11.9,15.126050420168067,True,55.28519417475728,80.0,13.0,106.0,106.0,109.0,107.0,SE7 7DG,,,,,,,,,,,,,,,,,,,,,,,,"Rectory Field Crescent, Marlborough Lane, London, SE7 7DG"
721,20,Grasmere Primary School,Hackney,100252,3 to 11,21,211.0,38.0,Does not apply,False,472,11.89,17.74600504625736,False,55.21844660194175,90.0,19.0,108.0,104.0,105.0,105.66666666666667,N16 9PD,,,,,,,,,,,,,,,,,,,,,,,,"92 Albion Road, London, N16 9PD"
722,19,St Gabriel's CofE Primary School,Westminster,101129,4 to 11,15,178.0,33.0,Church of England,True,,10.0,17.8,False,55.21844660194175,87.0,0.0,107.0,107.0,110.0,108.0,SW1V 3AG,,,,,,,,,,,,,,,,,,,,,,,,"Churchill Gardens Road, London, SW1V 3AG"
723,16,Wembley Primary School,Brent,130095,3 to 11,108,829.0,38.0,Does not apply,False,473,39.8,20.82914572864322,False,55.157766990291265,71.0,11.0,106.0,108.0,110.0,108.0,HA9 7NW,,,,,,,,,,,,,,,,,,,,,,,,"East Lane, Wembley, HA9 7NW"
724,25,Hazelwood Junior School,Enfield,101996,7 to 11,85,356.0,24.0,Does not apply,False,474,9.6,37.083333333333336,False,55.07888349514564,71.0,21.0,106.0,107.0,108.0,107.0,N13 5HE,,,,,,,,,,,,,,,,,,,,,,,,"Hazelwood Lane, London, N13 5HE"
725,15,Thames View Junior School,Barking and Dagenham,141651,7 to 11,83,371.0,35.0,Does not apply,False,475,14.0,26.5,False,55.03033980582524,67.0,11.0,106.0,109.0,110.0,108.33333333333333,IG11 0LG,,,,,,,,,,,,,,,,,,,,,,,,"Samuel Ferguson Place, Bastable Avenue, Barking, IG11 0LG"
726,13,St John's C of E Primary School,Kingston upon Thames,102589,3 to 11,30,232.0,23.0,Church of England,True,,10.44,22.222222222222225,False,54.95145631067962,73.0,20.0,108.0,107.0,105.0,106.66666666666667,KT1 2SG,,,,,,,,,,,,,,,,,,,,,,,,"Portland Road, Kingston upon Thames, KT1 2SG"
727,20,St Saviour's CofE Primary School,Westminster,101141,3 to 11,29,226.0,31.0,Church of England,True,,10.6,21.32075471698113,False,54.95145631067962,69.0,17.0,109.0,106.0,107.0,107.33333333333333,W9 2JD,,,,,,,,,,,,,,,,,,,,,,,,"Shirland Road, Maida Vale, London, W9 2JD"
728,14,Tolworth Junior School,Kingston upon Thames,102574,7 to 11,110,404.0,24.0,Does not apply,False,476,18.62,21.697099892588614,False,54.92718446601942,66.0,10.0,109.0,108.0,108.0,108.33333333333333,KT6 7SA,,,,,,,,,,,,,,,,,,,,,,,,"Douglas Road, Surbiton, KT6 7SA"
729,27,George Tomlinson Primary School,Waltham Forest,103075,3 to 11,40,537.0,25.0,Does not apply,False,477,23.0,23.347826086956523,False,54.76334951456311,70.0,10.0,108.0,108.0,108.0,108.0,E11 4QN,,,,,,,,,,,,,,,,,,,,,,,,"Harrington Road, Leytonstone, London, E11 4QN"
730,40,Ellen Wilkinson Primary School,Newham,102759,3 to 11,46,445.0,50.0,Does not apply,False,478,20.27,21.95362604834731,False,54.745145631067956,70.0,17.0,106.0,107.0,109.0,107.33333333333333,E6 5UP,,,,,,,,,,,,,,,,,,,,,,,,"Tollgate Road, Beckton, Ellen Wilkinson Primary School, London, E6 5UP"
731,29,Bangabandhu Primary School,Tower Hamlets,100937,3 to 11,56,335.0,64.0,Does not apply,False,479,20.9,16.028708133971293,False,54.672330097087375,77.0,5.0,108.0,108.0,108.0,108.0,E2 0LB,,,,,,,,,,,,,,,,,,,,,,,,"Wessex Street, Bethnal Green, London, E2 0LB"
732,41,St James' CofE Junior School,Newham,102764,7 to 11,43,208.0,56.0,Church of England,True,,11.0,18.90909090909091,False,54.5752427184466,67.0,14.0,106.0,107.0,111.0,108.0,E7 9DA,,,,,,,,,,,,,,,,,,,,,,,,"Tower Hamlets Road, Forest Gate, London, E7 9DA"
733,21,Halley House School,Hackney,141750,4 to 11,37,188.0,78.0,None,False,480,11.6,16.20689655172414,False,54.490291262135926,78.0,19.0,108.0,105.0,106.0,106.33333333333333,E8 2DJ,,,,,,,,,,,,,,,,,,,,,,,,"52-58 Arcola Street, Hackney, London, E8 2DJ"
734,22,Hackney New Primary School,Hackney,142112,4 to 11,48,337.0,48.0,None,False,481,21.0,16.047619047619047,False,54.39927184466019,81.0,8.0,108.0,106.0,108.0,107.33333333333333,N1 5FR,,,,,,,,,,,,,,,,,,,,,,,,"2 Downham Road, London, N1 5FR"
735,16,Haseltine Primary School,Lewisham,100686,3 to 11,40,402.0,50.0,Does not apply,False,482,18.51,21.71799027552674,False,54.39320388349515,65.0,13.0,107.0,108.0,109.0,108.0,SE26 5AD,,,,,,,,,,,,,,,,,,,,,,,,"Haseltine Road, Bell Green, Lower Sydenham, London, SE26 5AD"
736,42,Sandringham Primary School,Newham,130381,2 to 11,115,990.0,43.0,Does not apply,False,483,49.4,20.040485829959515,False,54.39320388349515,77.0,8.0,107.0,107.0,109.0,107.66666666666667,E7 8ED,,,,,,,,,,,,,,,,,,,,,,,,"Sandringham Road, London, E7 8ED"
737,21,Longfield Primary School,Harrow,102199,3 to 11,83,670.0,14.0,Does not apply,False,484,33.8,19.822485207100595,False,54.35679611650486,72.0,14.0,107.0,107.0,108.0,107.33333333333333,HA2 7NZ,,,,,,,,,,,,,,,,,,,,,,,,"Duke's Avenue, North Harrow, Harrow, HA2 7NZ"
738,17,Fairlawn Primary School,Lewisham,100710,3 to 11,50,374.0,28.0,Does not apply,False,485,17.52,21.34703196347032,False,54.32645631067962,80.0,14.0,107.0,106.0,107.0,106.66666666666667,SE23 3SB,,,,,,,,,,,,,,,,,,,,,,,,"Honor Oak Road, London, SE23 3SB"
739,26,Ray Lodge Primary School,Redbridge,145045,4 to 11,89,683.0,28.0,Does not apply,False,486,29.4,23.231292517006803,False,54.10800970873787,73.0,13.0,107.0,107.0,108.0,107.33333333333333,IG8 7JQ,,,,,,,,,,,,,,,,,,,,,,,,"Snakes Lane East, Woodford Green, IG8 7JQ"
740,20,"St Mary's Catholic Primary School, Isleworth",Hounslow,102528,3 to 11,55,393.0,15.0,Roman Catholic,True,,17.89,21.967579653437674,False,54.06553398058252,76.0,11.0,107.0,107.0,108.0,107.33333333333333,TW7 7EE,,,,,,,,,,,,,,,,,,,,,,,,"South Street, Isleworth, TW7 7EE"
741,32,Mulgrave Primary School,Greenwich,100163,3 to 11,46,351.0,28.0,Does not apply,False,487,15.8,22.21518987341772,False,53.90169902912621,74.0,17.0,108.0,107.0,105.0,106.66666666666667,SE18 5DL,,,,,,,,,,,,,,,,,,,,,,,,"Rectory Place, Woolwich, London, SE18 5DL"
742,18,Burnt Oak Junior School,Bexley,141976,7 to 11,62,245.0,13.0,Does not apply,False,488,10.5,23.333333333333332,False,53.87135922330097,76.0,21.0,107.0,106.0,106.0,106.33333333333333,DA15 9DA,,,,,,,,,,,,,,,,,,,,,,,,"Burnt Oak Lane, Sidcup, DA15 9DA"
743,28,St Mary's Catholic Primary School,Waltham Forest,103085,4 to 11,28,209.0,7.0,Roman Catholic,True,,8.9,23.483146067415728,False,53.622572815533985,82.0,4.0,107.0,108.0,108.0,107.66666666666667,E4 7BJ,,,,,,,,,,,,,,,,,,,,,,,,"Station Road, Chingford, London, E4 7BJ"
744,27,Ridgeway Primary School,Croydon,130915,3 to 11,82,642.0,11.0,Does not apply,False,489,29.41,21.829309758585516,False,53.53155339805825,70.0,9.0,108.0,107.0,109.0,108.0,CR2 0EQ,,,,,,,,,,,,,,,,,,,,,,,,"Southcote Road, South Croydon, CR2 0EQ"
745,27,Gilbert Colvin Primary School,Redbridge,102805,3 to 11,36,363.0,17.0,Does not apply,False,490,17.6,20.625,False,53.48907766990292,75.0,6.0,107.0,108.0,109.0,108.0,IG5 0TL,,,,,,,,,,,,,,,,,,,,,,,,"Strafford Avenue, Ilford, IG5 0TL"
746,48,St John's CofE Junior Mixed and Infant School,Barnet,101319,3 to 11,30,232.0,10.0,Church of England,True,,8.42,27.553444180522565,False,53.46480582524272,63.0,13.0,109.0,106.0,109.0,108.0,N11 3LB,,,,,,,,,,,,,,,,,,,,,,,,"Crescent Road, Friern Barnet, London, N11 3LB"
747,26,St Michael at Bowes CofE Junior School,Enfield,102026,7 to 11,70,272.0,29.0,Church of England,True,,16.77,16.21943947525343,False,53.434466019417485,71.0,14.0,107.0,106.0,109.0,107.33333333333333,N13 6JB,,,,,,,,,,,,,,,,,,,,,,,,"Tottenhall Road, London, N13 6JB"
748,19,Crook Log Primary School,Bexley,101402,3 to 11,59,440.0,7.0,Does not apply,False,491,21.7,20.276497695852534,False,53.41019417475729,75.0,8.0,108.0,107.0,108.0,107.66666666666667,DA6 8EQ,,,,,,,,,,,,,,,,,,,,,,,,"Crook Log, Bexleyheath, DA6 8EQ"
749,28,Mossford Green Primary School,Redbridge,102811,3 to 11,60,450.0,25.0,Does not apply,False,492,20.0,22.5,False,53.398058252427184,77.0,20.0,105.0,106.0,108.0,106.33333333333333,IG6 2EW,,,,,,,,,,,,,,,,,,,,,,,,"Fairlop Road, Barkingside, Ilford, IG6 2EW"
750,21,Joseph Hood Primary School,Merton,102634,3 to 11,51,352.0,24.0,Does not apply,False,493,19.0,18.526315789473685,False,53.325242718446596,63.0,10.0,108.0,108.0,109.0,108.33333333333333,SW20 9NS,,,,,,,,,,,,,,,,,,,,,,,,"Whatley Avenue, Raynes Park, London, SW20 9NS"
751,17,St Margaret Clitherow RC Primary School,Brent,146179,3 to 11,28,222.0,32.0,Roman Catholic,True,,10.2,21.764705882352942,False,53.27669902912622,75.0,11.0,108.0,105.0,109.0,107.33333333333333,NW10 0BG,,,,,,,,,,,,,,,,,,,,,,,,"Quainton Street, London, NW10 0BG"
752,18,Downderry Primary School,Lewisham,100679,3 to 11,60,455.0,47.0,Does not apply,False,494,22.59,20.14165559982293,False,53.1614077669903,80.0,13.0,106.0,107.0,107.0,106.66666666666667,BR1 5QL,,,,,,,,,,,,,,,,,,,,,,,,"Downderry Road, Downham, Bromley, BR1 5QL"
753,23,Morningside Primary School,Hackney,100232,2 to 11,50,437.0,68.0,Does not apply,False,495,19.65,22.239185750636135,False,53.15533980582524,70.0,26.0,106.0,105.0,109.0,106.66666666666667,E9 6LL,,,,,,,,,,,,,,,,,,,,,,,,"Chatham Place, Hackney, Morningside Primary School, London, E9 6LL"
754,12,Scargill Junior School,Havering,144590,7 to 11,90,359.0,33.0,Does not apply,False,496,13.5,26.59259259259259,False,53.064320388349515,76.0,14.0,108.0,107.0,105.0,106.66666666666667,RM13 7PL,,,,,,,,,,,,,,,,,,,,,,,,"Mungo Park Road, Rainham, RM13 7PL"
755,32,Sacred Heart Catholic Primary School,Richmond upon Thames,102916,3 to 11,26,171.0,19.0,Roman Catholic,True,,10.95,15.616438356164384,False,53.02791262135922,69.0,27.0,106.0,106.0,108.0,106.66666666666667,TW11 9DD,,,,,,,,,,,,,,,,,,,,,,,,"St Mark's Road, Teddington, TW11 9DD"
756,49,Hollickwood Primary School,Barnet,101285,2 to 11,29,196.0,59.0,None,False,497,11.6,16.896551724137932,False,53.021844660194176,72.0,10.0,108.0,106.0,109.0,107.66666666666667,N10 2NL,,,,,,,,,,,,,,,,,,,,,,,,"Sydney Road, Muswell Hill, London, N10 2NL"
757,26,St Joseph's Catholic Primary and Nursery School,Wandsworth,101045,3 to 11,19,156.0,68.0,Roman Catholic,True,,8.0,19.5,False,53.015776699029125,84.0,11.0,105.0,107.0,108.0,106.66666666666667,SW15 2QD,,,,,,,,,,,,,,,,,,,,,,,,"90 Oakhill Road, London, SW15 2QD"
758,19,St William of York Catholic Primary School,Lewisham,100737,3 to 11,29,205.0,14.0,Roman Catholic,True,,9.02,22.727272727272727,False,52.98543689320388,72.0,10.0,109.0,105.0,109.0,107.66666666666667,SE23 1PS,,,,,,,,,,,,,,,,,,,,,,,,"Brockley Park, Forest Hill, St. William of York School, London, SE23 1PS"
759,21,Avenue Primary Academy,Sutton,142177,3 to 11,131,1034.0,10.0,Does not apply,False,498,56.6,18.268551236749115,False,52.94902912621359,63.0,27.0,107.0,107.0,107.0,107.0,SM2 6JE,,,,,,,,,,,,,,,,,,,,,,,,"Avenue Road, Belmont, Sutton, SM2 6JE"
760,22,Harris Junior Academy Carshalton,Sutton,139965,7 to 11,90,354.0,27.0,Does not apply,False,499,14.2,24.929577464788732,False,52.84587378640777,69.0,18.0,107.0,107.0,107.0,107.0,SM5 2NS,,,,,,,,,,,,,,,,,,,,,,,,"Harris Junior Academy Carshalton Camden Road, Carshalton, SM5 2NS"
761,28,Forestdale Primary School,Croydon,101773,4 to 11,58,418.0,26.0,Does not apply,False,500,19.88,21.0261569416499,False,52.827669902912625,69.0,21.0,108.0,107.0,105.0,106.66666666666667,CR0 9JE,,,,,,,,,,,,,,,,,,,,,,,,"Pixton Way, Croydon, CR0 9JE"
762,16,Park Walk Primary School,Kensington and Chelsea,100486,3 to 11,27,186.0,41.0,Does not apply,False,501,11.11,16.741674167416743,False,52.815533980582515,67.0,11.0,107.0,107.0,110.0,108.0,SW10 0AY,,,,,,,,,,,,,,,,,,,,,,,,"Park Walk, King's Road, Chelsea, London, SW10 0AY"
763,18,Barham Primary School,Brent,101515,3 to 11,119,926.0,21.0,Does not apply,False,502,42.23,21.927539663746153,False,52.80946601941747,76.0,10.0,107.0,106.0,109.0,107.33333333333333,HA0 4RQ,,,,,,,,,,,,,,,,,,,,,,,,"Danethorpe Road, Wembley, HA0 4RQ"
764,26,Clifton Primary School,Ealing,101893,3 to 11,53,425.0,47.0,Does not apply,False,503,23.0,18.47826086956522,False,52.77912621359223,81.0,6.0,106.0,106.0,111.0,107.66666666666667,UB2 5QP,,,,,,,,,,,,,,,,,,,,,,,,"Clifton Road, Southall, UB2 5QP"
765,27,Fircroft Primary School,Wandsworth,101007,3 to 11,39,281.0,23.0,Does not apply,False,504,13.8,20.36231884057971,False,52.73058252427184,82.0,8.0,109.0,106.0,106.0,107.0,SW17 7PP,,,,,,,,,,,,,,,,,,,,,,,,"Fircroft Road, Tooting Bec, London, SW17 7PP"
766,29,Lime Academy Larkswood,Waltham Forest,141734,2 to 11,70,585.0,36.0,Does not apply,False,505,24.4,23.975409836065577,False,52.68203883495146,80.0,4.0,107.0,109.0,107.0,107.66666666666667,E4 8ET,,,,,,,,,,,,,,,,,,,,,,,,"New Road, London, E4 8ET"
767,28,Penwortham Primary School,Wandsworth,101016,3 to 11,83,669.0,34.0,Does not apply,False,506,31.15,21.476725521669344,False,52.63349514563107,72.0,23.0,107.0,107.0,105.0,106.33333333333333,SW16 6RJ,,,,,,,,,,,,,,,,,,,,,,,,"Penwortham Road, Streatham, London, SW16 6RJ"
768,15,Corpus Christi Catholic Primary School,Kingston upon Thames,102594,3 to 11,61,430.0,20.0,Roman Catholic,True,,21.88,19.652650822669106,False,52.61529126213592,64.0,18.0,107.0,107.0,108.0,107.33333333333333,KT3 3JU,,,,,,,,,,,,,,,,,,,,,,,,"Chestnut Grove, New Malden, KT3 3JU"
769,21,Chatsworth Primary School,Hounslow,135880,3 to 11,80,631.0,28.0,Does not apply,False,507,26.31,23.983276320790576,False,52.61529126213592,74.0,11.0,106.0,108.0,108.0,107.33333333333333,TW3 2NW,,,,,,,,,,,,,,,,,,,,,,,,"Heath Road, Hounslow, TW3 2NW"
770,16,Richard Alibon Primary School with ARP for Cognitive and Learning Difficulties : SEN Base,Barking and Dagenham,130357,3 to 11,57,607.0,49.0,Does not apply,False,508,30.4,19.967105263157897,False,52.60315533980583,72.0,7.0,107.0,108.0,109.0,108.0,RM10 8DF,,,,,,,,,,,,,,,,,,,,,,,,"Alibon Road, Dagenham, RM10 8DF"
771,30,Red Hill Primary School,Bromley,143110,4 to 11,90,649.0,24.0,Does not apply,False,509,31.85,20.376766091051806,False,52.40898058252428,73.0,14.0,107.0,106.0,108.0,107.0,BR7 6DA,,,,,,,,,,,,,,,,,,,,,,,,"Red Hill, Chislehurst, BR7 6DA"
772,29,Gresham Primary School,Croydon,101758,4 to 11,28,238.0,18.0,Does not apply,False,510,11.4,20.87719298245614,False,52.32402912621359,86.0,7.0,106.0,107.0,108.0,107.0,CR2 9EA,,,,,,,,,,,,,,,,,,,,,,,,"Limpsfield Road, Sanderstead, South Croydon, CR2 9EA"
773,29,Uphall Primary School,Redbridge,102819,3 to 11,104,874.0,30.0,Does not apply,False,511,34.4,25.406976744186046,False,52.30582524271845,76.0,14.0,107.0,107.0,106.0,106.66666666666667,IG1 2JD,,,,,,,,,,,,,,,,,,,,,,,,"Uphall Road, Ilford, IG1 2JD"
774,20,Holy Cross Catholic Primary School,Lewisham,100739,3 to 11,29,238.0,41.0,Roman Catholic,True,,12.14,19.604612850082372,False,52.299757281553404,83.0,10.0,107.0,107.0,106.0,106.66666666666667,SE6 2LD,,,,,,,,,,,,,,,,,,,,,,,,"Culverley Road, Catford, London, SE6 2LD"
775,33,St Edmund's Catholic Primary School,Richmond upon Thames,102912,3 to 11,57,448.0,14.0,Roman Catholic,True,,17.8,25.168539325842694,False,52.25728155339806,75.0,7.0,108.0,107.0,108.0,107.66666666666667,TW2 7BB,,,,,,,,,,,,,,,,,,,,,,,,"Nelson Road, Whitton, Twickenham, TW2 7BB"
776,24,"Holy Trinity CofE Primary School, NW3",Camden,100032,4 to 11,26,171.0,81.0,Church of England,True,,11.6,14.741379310344827,True,52.22087378640777,85.0,12.0,106.0,107.0,106.0,106.33333333333333,NW3 5SQ,,,,,,,,,,,,,,,,,,,,,,,,"Trinity Walk, Maresfield Gardens, London, NW3 5SQ"
777,21,St Bernadette Catholic Primary School,Hillingdon,102423,3 to 11,58,428.0,22.0,Roman Catholic,True,,20.13,21.26179831097864,False,52.09344660194175,71.0,0.0,108.0,108.0,110.0,108.66666666666667,UB10 0EH,,,,,,,,,,,,,,,,,,,,,,,,"160 Long Lane, Hillingdon, Uxbridge, UB10 0EH"
778,50,Frith Manor Primary School,Barnet,101280,1 to 11,53,509.0,25.0,Does not apply,False,512,19.04,26.733193277310924,False,52.050970873786405,68.0,11.0,108.0,108.0,107.0,107.66666666666667,N12 7BN,,,,,,,,,,,,,,,,,,,,,,,,"Lullington Garth, Woodside Park, London, N12 7BN"
779,25,St Paul's Church of England Primary School,Camden,100046,4 to 11,29,187.0,38.0,Church of England,True,,10.8,17.314814814814813,False,52.01456310679612,90.0,7.0,106.0,109.0,105.0,106.66666666666667,NW3 3DS,,,,,,,,,,,,,,,,,,,,,,,,"Elsworthy Road, Primrose Hill, London, NW3 3DS"
780,51,Woodridge Primary School,Barnet,101298,4 to 11,28,210.0,4.0,Does not apply,False,513,10.19,20.608439646712466,False,52.002427184466015,79.0,7.0,107.0,107.0,108.0,107.33333333333333,N12 7HE,,,,,,,,,,,,,,,,,,,,,,,,"Southover, London, N12 7HE"
781,52,Beis Yaakov Primary School,Barnet,133365,3 to 11,73,456.0,4.0,Jewish,True,,25.22,18.080888183980967,False,51.97208737864077,74.0,10.0,108.0,106.0,108.0,107.33333333333333,NW9 6NQ,,,,,,,,,,,,,,,,,,,,,,,,"373 Edgware Road, London, NW9 6NQ"
782,27,Khalsa Primary School,Ealing,135482,3 to 11,57,416.0,35.0,Sikh,True,,18.73,22.21035771489589,False,51.92961165048544,77.0,11.0,106.0,107.0,108.0,107.0,UB2 4LA,,,,,,,,,,,,,,,,,,,,,,,,"Norwood Green Road, Southall, UB2 4LA"
783,22,Hounslow Heath School,Hounslow,150224,3 to 11,167,1226.0,24.0,Does not apply,False,514,58.6,20.92150170648464,False,51.90533980582524,66.0,17.0,105.0,107.0,110.0,107.33333333333333,TW4 7HE,,,,,,,,,,,,,,,,,,,,,,,,"Martindale Road, Hounslow, TW4 7HE"
784,13,Gidea Park Primary School,Havering,102308,4 to 11,59,458.0,15.0,Does not apply,False,515,19.71,23.236935565702687,False,51.8992718446602,75.0,20.0,106.0,105.0,108.0,106.33333333333333,RM2 5AJ,,,,,,,,,,,,,,,,,,,,,,,,"Lodge Avenue, Gidea Park, Romford, RM2 5AJ"
785,33,Hawksmoor School,Greenwich,148614,3 to 11,53,326.0,43.0,None,False,516,15.8,20.632911392405063,False,51.85679611650485,74.0,13.0,106.0,107.0,108.0,107.0,SE28 8AS,,,,,,,,,,,,,,,,,,,,,,,,"Bentham Road, Thamesmead, London, SE28 8AS"
786,22,Saint Jerome Church of England Bilingual School,Harrow,142904,4 to 11,53,414.0,23.0,Church of England,True,,19.46,21.274409044193217,False,51.790048543689316,72.0,8.0,108.0,108.0,107.0,107.66666666666667,HA1 2DJ,,,,,,,,,,,,,,,,,,,,,,,,"120 138 Station Road, Harrow, HA1 2DJ"
787,30,Old Ford Primary - A Paradigm Academy,Tower Hamlets,140096,3 to 11,85,647.0,64.0,Does not apply,False,517,31.6,20.474683544303797,False,51.77791262135922,65.0,16.0,107.0,107.0,108.0,107.33333333333333,E3 5LD,,,,,,,,,,,,,,,,,,,,,,,,"Wrights Road, Bow, London, E3 5LD"
788,22,St Swithun Wells Catholic Primary School,Hillingdon,102421,3 to 11,29,231.0,10.0,Roman Catholic,True,,12.09,19.106699751861044,False,51.69902912621359,72.0,14.0,107.0,106.0,108.0,107.0,HA4 9HS,,,,,,,,,,,,,,,,,,,,,,,,"Hunters Hill, South Ruislip, Ruislip, HA4 9HS"
789,30,Atwood Primary School,Croydon,140517,4 to 11,59,437.0,17.0,None,False,518,19.2,22.760416666666668,False,51.692961165048544,76.0,2.0,110.0,108.0,106.0,108.0,CR2 9EE,,,,,,,,,,,,,,,,,,,,,,,,"Limpsfield Road, Sanderstead, South Croydon, CR2 9EE"
790,53,Cromer Road Primary School,Barnet,101272,5 to 11,59,404.0,27.0,Does not apply,False,519,14.25,28.350877192982455,False,51.53519417475728,63.0,8.0,108.0,109.0,108.0,108.33333333333333,EN5 5HT,,,,,,,,,,,,,,,,,,,,,,,,"Cromer Road, New Barnet, Barnet, EN5 5HT"
791,31,St Mary and St Michael Primary School,Tower Hamlets,131936,3 to 11,54,389.0,39.0,Roman Catholic,True,,17.0,22.88235294117647,False,51.48665048543689,76.0,11.0,106.0,108.0,107.0,107.0,E1 0BD,,,,,,,,,,,,,,,,,,,,,,,,"Sutton Street, Stepney, London, E1 0BD"
792,16,St Matthew's CofE Primary School,Kingston upon Thames,102592,5 to 11,56,404.0,14.0,Church of England,True,,18.94,21.330517423442448,False,51.29247572815534,68.0,13.0,108.0,107.0,107.0,107.33333333333333,KT6 6LW,,,,,,,,,,,,,,,,,,,,,,,,"Langley Road, Surbiton, KT6 6LW"
793,30,Clore Tikva School,Redbridge,131682,3 to 11,50,337.0,16.0,Jewish,True,,16.9,19.940828402366865,False,51.29247572815534,76.0,8.0,107.0,107.0,108.0,107.33333333333333,IG6 2JN,,,,,,,,,,,,,,,,,,,,,,,,"115 Fullwell Avenue, Barkingside, Clore Tikva School, Ilford, IG6 2JN"
794,23,Holy Trinity CofE Junior School,Sutton,102991,7 to 11,87,347.0,20.0,Church of England,True,,16.2,21.419753086419753,False,51.26820388349515,72.0,21.0,107.0,106.0,106.0,106.33333333333333,SM6 8BZ,,,,,,,,,,,,,,,,,,,,,,,,"Holy Trinity Cofe Junior School, Bute Road, Wallington, SM6 8BZ"
795,31,St Mark's Church of England Primary School,Bromley,141567,5 to 11,49,387.0,18.0,Church of England,True,,19.37,19.97934950955085,False,51.26820388349515,73.0,18.0,108.0,106.0,105.0,106.33333333333333,BR2 0QR,,,,,,,,,,,,,,,,,,,,,,,,"St Mark's Ce Primary School, Aylesbury Road, Bromley, BR2 0QR"
796,43,Park Primary School,Newham,102736,3 to 11,76,632.0,38.0,Does not apply,False,520,35.51,17.79780343565193,False,51.20145631067962,72.0,17.0,106.0,107.0,107.0,106.66666666666667,E15 4AE,,,,,,,,,,,,,,,,,,,,,,,,"Park Primary School, Mathews Park Avenue, London, E15 4AE"
797,28,St Vincent's Catholic Primary School,Ealing,101926,3 to 11,57,451.0,32.0,Roman Catholic,True,,19.6,23.01020408163265,False,51.19538834951456,72.0,16.0,107.0,107.0,106.0,106.66666666666667,W3 9JR,,,,,,,,,,,,,,,,,,,,,,,,"1 Pierrepoint Road, Acton, London, W3 9JR"
798,31,Oakdale Junior School,Redbridge,133931,7 to 11,74,337.0,16.0,Does not apply,False,521,17.5,19.257142857142856,False,51.15898058252427,70.0,9.0,108.0,107.0,108.0,107.66666666666667,E18 1JX,,,,,,,,,,,,,,,,,,,,,,,,"Oakdale Road, Redbridge, South Woodford, London, E18 1JX"
799,29,St Raphael's Catholic Primary School,Ealing,101925,3 to 11,74,475.0,16.0,Roman Catholic,True,,24.8,19.153225806451612,False,51.15291262135923,73.0,11.0,106.0,106.0,110.0,107.33333333333333,UB5 6NL,,,,,,,,,,,,,,,,,,,,,,,,"Hartfield Avenue, Northolt, UB5 6NL"
800,24,St John the Baptist Voluntary Aided Church of England Primary School,Hackney,100266,2 to 11,28,256.0,68.0,Church of England,True,,15.0,17.066666666666666,False,51.08009708737864,82.0,7.0,107.0,107.0,107.0,107.0,N1 6JG,,,,,,,,,,,,,,,,,,,,,,,,"Crondall Street, London, N1 6JG"
801,34,Ealdham Primary School,Greenwich,100120,3 to 11,57,437.0,54.0,Does not apply,False,522,21.6,20.23148148148148,False,51.074029126213595,77.0,9.0,108.0,107.0,106.0,107.0,SE9 6BP,,,,,,,,,,,,,,,,,,,,,,,,"Ealdham Square, Eltham, London, SE9 6BP"
802,54,Dollis Primary School,Barnet,150999,2 to 11,57,410.0,40.0,Does not apply,False,523,17.25,23.768115942028984,False,51.06189320388349,60.0,19.0,107.0,106.0,109.0,107.33333333333333,NW7 2BU,,,,,,,,,,,,,,,,,,,,,,,,"Pursley Road, Mill Hill, London, NW7 2BU"
803,25,Sebright School,Hackney,100240,3 to 11,56,441.0,59.0,Does not apply,False,524,23.0,19.17391304347826,False,50.958737864077676,75.0,11.0,107.0,107.0,107.0,107.0,E2 8QH,,,,,,,,,,,,,,,,,,,,,,,,"Audrey Street, Goldsmiths Row, London, E2 8QH"
804,32,Downshall Primary School,Redbridge,149520,3 to 11,70,538.0,34.0,Does not apply,False,525,21.08,25.52182163187856,False,50.93446601941748,76.0,16.0,106.0,107.0,106.0,106.33333333333333,IG3 8UG,,,,,,,,,,,,,,,,,,,,,,,,"Meads Lane, Seven Kings, Ilford, IG3 8UG"
805,33,William Torbitt Primary School,Redbridge,102820,3 to 11,73,508.0,25.0,Does not apply,False,526,18.95,26.807387862796833,False,50.922330097087375,64.0,7.0,108.0,108.0,109.0,108.33333333333333,IG2 7SS,,,,,,,,,,,,,,,,,,,,,,,,"Eastern Avenue, Newbury Park, Ilford, IG2 7SS"
806,21,Childeric Primary School,Lewisham,146221,3 to 11,57,373.0,53.0,Does not apply,False,527,21.1,17.677725118483412,False,50.904126213592235,74.0,9.0,107.0,107.0,108.0,107.33333333333333,SE14 6DG,,,,,,,,,,,,,,,,,,,,,,,,"Childeric Road, New Cross, London, SE14 6DG"
807,19,Mora Primary School,Brent,101530,3 to 11,56,430.0,36.0,Does not apply,False,528,20.0,21.5,False,50.84344660194174,69.0,16.0,106.0,106.0,109.0,107.0,NW2 6TD,,,,,,,,,,,,,,,,,,,,,,,,"Mora Road, Cricklewood, London, NW2 6TD"
808,23,Minet Junior School,Hillingdon,102391,7 to 11,91,381.0,49.0,Does not apply,False,529,20.0,19.05,False,50.80097087378641,76.0,8.0,106.0,107.0,109.0,107.33333333333333,UB3 3NR,,,,,,,,,,,,,,,,,,,,,,,,"Avondale Drive, Hayes, UB3 3NR"
809,24,Chestnuts Primary School,Haringey,134680,3 to 11,53,439.0,47.0,Does not apply,False,530,,,False,50.79490291262137,70.0,23.0,107.0,106.0,106.0,106.33333333333333,N15 3AS,,,,,,,,,,,,,,,,,,,,,,,,"Black Boy Lane, Tottenham, London, N15 3AS"
810,17,Grand Avenue Primary and Nursery School,Kingston upon Thames,102580,3 to 11,90,658.0,11.0,Does not apply,False,531,29.36,22.411444141689373,False,50.69781553398058,73.0,9.0,108.0,107.0,107.0,107.33333333333333,KT5 9HU,,,,,,,,,,,,,,,,,,,,,,,,"Grand Avenue, Surbiton, KT5 9HU"
811,30,Vicar's Green Primary School,Ealing,101916,3 to 11,55,444.0,42.0,Does not apply,False,532,21.6,20.555555555555554,False,50.69781553398058,65.0,9.0,108.0,107.0,109.0,108.0,HA0 1DP,,,,,,,,,,,,,,,,,,,,,,,,"Lily Gardens, Alperton, Wembley, HA0 1DP"
812,29,Swaffield School,Wandsworth,101022,3 to 11,28,287.0,29.0,Does not apply,False,533,17.67,16.242218449349178,False,50.667475728155345,86.0,4.0,107.0,108.0,106.0,107.0,SW18 2SA,,,,,,,,,,,,,,,,,,,,,,,,"St Ann's Hill, Wandsworth, London, SW18 2SA"
813,27,Carterhatch Junior School,Enfield,145201,7 to 11,84,328.0,58.0,Does not apply,False,534,19.0,17.263157894736842,False,50.655339805825236,71.0,11.0,106.0,108.0,108.0,107.33333333333333,EN1 4JY,,,,,,,,,,,,,,,,,,,,,,,,"Carterhatch Lane, Enfield, EN1 4JY"
814,31,Downe Manor Primary School,Ealing,101880,3 to 11,39,268.0,59.0,Does not apply,False,535,15.6,17.17948717948718,False,50.64320388349515,69.0,15.0,107.0,106.0,108.0,107.0,UB5 6NW,,,,,,,,,,,,,,,,,,,,,,,,"Down Way, Northolt, UB5 6NW"
815,24,St Catherine Catholic Primary School,Hillingdon,102424,3 to 11,29,233.0,24.0,Roman Catholic,True,,10.1,23.06930693069307,False,50.53398058252427,59.0,3.0,107.0,110.0,111.0,109.33333333333333,UB7 7NX,,,,,,,,,,,,,,,,,,,,,,,,"Money Lane, West Drayton, UB7 7NX"
816,17,Avondale Park Primary School,Kensington and Chelsea,100487,3 to 11,38,293.0,66.0,Does not apply,False,536,17.2,17.03488372093023,False,50.515776699029125,76.0,8.0,107.0,105.0,110.0,107.33333333333333,W11 4EE,,,,,,,,,,,,,,,,,,,,,,,,"Sirdar Road, London, W11 4EE"
817,22,Fulham Primary School,Hammersmith and Fulham,143213,3 to 11,22,183.0,59.0,Does not apply,False,537,12.6,14.523809523809524,True,50.449029126213595,73.0,18.0,105.0,108.0,106.0,106.33333333333333,SW6 1JU,,,,,,,,,,,,,,,,,,,,,,,,"Halford Road, London, SW6 1JU"
818,35,Haimo Primary School,Greenwich,100129,3 to 11,47,374.0,36.0,Does not apply,False,538,19.59,19.091373149566106,False,50.400485436893206,72.0,9.0,105.0,107.0,111.0,107.66666666666667,SE9 6DY,,,,,,,,,,,,,,,,,,,,,,,,"Haimo Road, Eltham, London, SE9 6DY"
819,25,Ivydale Primary School,Southwark,100796,3 to 11,53,466.0,25.0,Does not apply,False,539,23.8,19.579831932773107,False,50.39441747572816,68.0,15.0,108.0,106.0,107.0,107.0,SE15 3BU,,,,,,,,,,,,,,,,,,,,,,,,"Ivydale Road, Nunhead, London, SE15 3BU"
820,21,Ark Atwood Primary Academy,Westminster,137323,3 to 11,55,431.0,49.0,None,False,540,18.0,23.944444444444443,False,50.273058252427184,78.0,16.0,107.0,107.0,103.0,105.66666666666667,W9 2JY,,,,,,,,,,,,,,,,,,,,,,,,"Amberley Road, Westminster, London, W9 2JY"
821,36,Eglinton Primary School,Greenwich,132827,3 to 11,50,372.0,54.0,Does not apply,False,541,16.8,22.142857142857142,False,50.18810679611651,69.0,18.0,107.0,106.0,107.0,106.66666666666667,SE18 3PY,,,,,,,,,,,,,,,,,,,,,,,,"Paget Rise, London, SE18 3PY"
822,14,St Alban's Catholic Primary School,Havering,102336,4 to 11,29,208.0,28.0,Roman Catholic,True,,9.04,23.008849557522126,False,50.182038834951456,83.0,3.0,108.0,109.0,104.0,107.0,RM12 5LN,,,,,,,,,,,,,,,,,,,,,,,,"Heron Flight Avenue, Hornchurch, RM12 5LN"
823,20,Harris Primary Academy South Kenton,Brent,151162,4 to 11,113,718.0,18.0,Does not apply,False,542,33.0,21.757575757575758,False,50.060679611650485,78.0,5.0,107.0,108.0,107.0,107.33333333333333,HA0 3SF,,,,,,,,,,,,,,,,,,,,,,,,"Spencer Road, Wembley, HA0 3SF"
824,34,Coppice Primary School,Redbridge,102837,3 to 11,59,446.0,20.0,Does not apply,False,543,21.69,20.562471184877822,False,50.04854368932039,68.0,12.0,108.0,106.0,108.0,107.33333333333333,IG7 4AL,,,,,,,,,,,,,,,,,,,,,,,,"Coppice Primary School, Manford Way, Chigwell, IG7 4AL"
825,21,Salusbury Primary School,Brent,101527,3 to 11,84,652.0,33.0,Does not apply,False,544,24.2,26.94214876033058,False,50.042475728155345,73.0,6.0,108.0,107.0,108.0,107.66666666666667,NW6 6RG,,,,,,,,,,,,,,,,,,,,,,,,"Salusbury Road, Kilburn, London, NW6 6RG"
826,37,Morden Mount Primary School,Greenwich,100114,3 to 11,53,394.0,51.0,Does not apply,False,545,17.65,22.322946175637394,False,49.993932038834956,83.0,11.0,106.0,106.0,107.0,106.33333333333333,SE13 7QP,,,,,,,,,,,,,,,,,,,,,,,,"Lewisham Road, London, SE13 7QP"
827,31,Chipstead Valley Primary School,Croydon,140704,2 to 11,82,674.0,10.0,Does not apply,False,546,32.4,20.802469135802472,False,49.896844660194176,67.0,7.0,108.0,108.0,108.0,108.0,CR5 3BW,,,,,,,,,,,,,,,,,,,,,,,,"Chipstead Valley Road, Coulsdon, CR5 3BW"
828,30,Dawlish Primary School,Waltham Forest,103073,4 to 11,24,180.0,25.0,Does not apply,False,547,9.6,18.75,False,49.84830097087379,71.0,4.0,108.0,108.0,108.0,108.0,E10 6NN,,,,,,,,,,,,,,,,,,,,,,,,"Jesse Road, London, E10 6NN"
829,55,Beit Shvidler Primary School,Barnet,136402,3 to 11,30,230.0,0.0,Jewish,True,,13.93,16.511127063890882,False,49.80582524271845,77.0,10.0,107.0,108.0,105.0,106.66666666666667,HA8 8NX,,,,,,,,,,,,,,,,,,,,,,,,"261 Hale Lane, Edgware, HA8 8NX"
830,25,The Devonshire Hill Nursery & Primary School,Haringey,102087,2 to 11,37,378.0,38.0,Does not apply,False,548,15.69,24.091778202676863,False,49.80582524271845,73.0,8.0,108.0,107.0,107.0,107.33333333333333,N17 8LB,,,,,,,,,,,,,,,,,,,,,,,,"Weir Hall Road, Tottenham, The Devonshire Hill Nursery & Primary School, London, N17 8LB"
831,20,Hurst Primary School,Bexley,140243,3 to 11,90,661.0,13.0,Does not apply,False,549,28.98,22.808833678398894,False,49.7997572815534,72.0,18.0,107.0,106.0,106.0,106.33333333333333,DA5 3AJ,,,,,,,,,,,,,,,,,,,,,,,,"Dorchester Avenue, Bexley, DA5 3AJ"
832,22,Edmund Waller Primary School,Lewisham,100680,3 to 11,50,432.0,22.0,Does not apply,False,550,22.4,19.28571428571429,False,49.74514563106796,72.0,12.0,107.0,106.0,108.0,107.0,SE14 5LY,,,,,,,,,,,,,,,,,,,,,,,,"Waller Road, New Cross, London, SE14 5LY"
833,32,Harris Primary Academy Kenley,Croydon,139640,3 to 11,58,430.0,24.0,Does not apply,False,551,22.0,19.545454545454547,False,49.74514563106796,72.0,12.0,107.0,106.0,108.0,107.0,CR8 5NF,,,,,,,,,,,,,,,,,,,,,,,,"51 Little Roke Road, Kenley, CR8 5NF"
834,26,English Martyrs' Roman Catholic Primary School,Southwark,100824,4 to 11,56,328.0,55.0,Roman Catholic,True,,17.4,18.85057471264368,False,49.726941747572816,77.0,11.0,107.0,106.0,107.0,106.66666666666667,SE17 1RB,,,,,,,,,,,,,,,,,,,,,,,,"Flint Street, London, SE17 1RB"
835,24,Devonshire Primary School,Sutton,102975,3 to 11,90,679.0,27.0,Does not apply,False,552,29.98,22.64843228819213,False,49.702669902912625,64.0,8.0,108.0,108.0,108.0,108.0,SM2 5JL,,,,,,,,,,,,,,,,,,,,,,,,"Devonshire Avenue, Sutton, SM2 5JL"
836,18,Our Lady Immaculate Catholic Primary School,Kingston upon Thames,102595,4 to 11,61,390.0,10.0,Roman Catholic,True,,17.46,22.33676975945017,False,49.63592233009709,72.0,15.0,106.0,106.0,108.0,106.66666666666667,KT6 7DG,,,,,,,,,,,,,,,,,,,,,,,,"399 Ewell Road, Tolworth, Surbiton, KT6 7DG"
837,32,"St George's, Bickley, Church of England Primary School",Bromley,143097,4 to 11,57,412.0,7.0,Church of England,True,,15.81,26.059456040480708,False,49.59344660194175,68.0,14.0,108.0,106.0,107.0,107.0,BR1 2RL,,,,,,,,,,,,,,,,,,,,,,,,"Tylney Road, Bromley, BR1 2RL"
838,33,Stewart Fleming Primary School,Bromley,137035,4 to 11,56,547.0,29.0,Does not apply,False,553,27.45,19.927140255009107,False,49.5873786407767,70.0,20.0,107.0,106.0,106.0,106.33333333333333,SE20 7YB,,,,,,,,,,,,,,,,,,,,,,,,"Witham Road, Anerley, London, SE20 7YB"
839,23,Macaulay Church of England Primary School,Lambeth,100612,3 to 11,20,162.0,40.0,Church of England,True,,10.51,15.413891531874405,False,49.56917475728155,65.0,20.0,108.0,106.0,106.0,106.66666666666667,SW4 0NU,,,,,,,,,,,,,,,,,,,,,,,,"Victoria Rise, Clapham, SW4 0NU"
840,31,Henry Maynard Primary School,Waltham Forest,103070,3 to 11,99,756.0,21.0,Does not apply,False,554,40.5,18.666666666666668,False,49.557038834951456,77.0,8.0,108.0,105.0,108.0,107.0,E17 9JE,,,,,,,,,,,,,,,,,,,,,,,,"101 Maynard Road, Walthamstow, London, E17 9JE"
841,15,Crowlands Primary School,Havering,135812,3 to 11,80,669.0,31.0,Does not apply,False,555,28.0,23.892857142857142,False,49.55097087378641,80.0,9.0,107.0,106.0,107.0,106.66666666666667,RM7 9EJ,,,,,,,,,,,,,,,,,,,,,,,,"London Road, Romford, RM7 9EJ"
842,44,Lathom Junior School,Newham,102728,7 to 11,129,529.0,42.0,Does not apply,False,556,29.55,17.901861252115058,False,49.52063106796116,77.0,11.0,106.0,107.0,107.0,106.66666666666667,E6 2DU,,,,,,,,,,,,,,,,,,,,,,,,"Lathom Road, East Ham, London, E6 2DU"
843,17,Godwin Primary School,Barking and Dagenham,130919,3 to 11,52,434.0,35.0,Does not apply,False,557,20.74,20.92574734811958,False,49.40533980582524,71.0,4.0,107.0,108.0,109.0,108.0,RM9 6JH,,,,,,,,,,,,,,,,,,,,,,,,"Finnymore Road, Dagenham, RM9 6JH"
844,56,Mathilda Marks-Kennedy Jewish Primary School,Barnet,101376,3 to 11,27,218.0,7.0,Jewish,True,,15.37,14.183474300585557,True,49.3871359223301,70.0,15.0,109.0,105.0,106.0,106.66666666666667,NW7 3RT,,,,,,,,,,,,,,,,,,,,,,,,"68 Hale Lane, Mill Hill, London, NW7 3RT"
845,23,Isleworth Town Primary School,Hounslow,102492,2 to 11,106,779.0,25.0,Does not apply,False,558,30.23,25.769103539530267,False,49.211165048543684,70.0,20.0,107.0,105.0,107.0,106.33333333333333,TW7 6AB,,,,,,,,,,,,,,,,,,,,,,,,"Twickenham Road, Isleworth, TW7 6AB"
846,23,Kilmorie Primary School,Lewisham,100718,3 to 11,86,629.0,26.0,Does not apply,False,559,25.57,24.599139616738366,False,49.023058252427184,66.0,9.0,108.0,108.0,107.0,107.66666666666667,SE23 2SP,,,,,,,,,,,,,,,,,,,,,,,,"Kilmorie Road, London, SE23 2SP"
847,30,Belleville Wix Academy,Wandsworth,144621,3 to 11,46,313.0,30.0,Does not apply,False,560,16.0,19.5625,False,49.01699029126213,61.0,9.0,109.0,107.0,108.0,108.0,SW4 0AJ,,,,,,,,,,,,,,,,,,,,,,,,"Wix's Lane, Clapham Common North Side, London, SW4 0AJ"
848,38,South Rise Primary School,Greenwich,143596,3 to 11,72,566.0,58.0,Does not apply,False,561,27.3,20.732600732600734,False,49.01092233009709,78.0,13.0,107.0,107.0,104.0,106.0,SE18 7PX,,,,,,,,,,,,,,,,,,,,,,,,"Brewery Road, Plumstead, London, SE18 7PX"
849,16,Hanover Primary School,Islington,100407,3 to 11,27,235.0,37.0,Does not apply,False,562,18.0,13.055555555555555,True,48.9623786407767,67.0,22.0,106.0,108.0,105.0,106.33333333333333,N1 8BD,,,,,,,,,,,,,,,,,,,,,,,,"Noel Road, Islington, London, N1 8BD"
850,22,Avigdor Hirsch Torah Temimah Primary School,Brent,131916,3 to 11,26,193.0,0.0,Jewish,True,,10.27,18.792599805258035,False,48.956310679611654,69.0,0.0,109.0,108.0,108.0,108.33333333333333,NW2 6RJ,,,,,,,,,,,,,,,,,,,,,,,,"Parkside, Dollis Hill, London, NW2 6RJ"
851,24,St George's CofE Primary School,Lewisham,145621,3 to 11,28,204.0,61.0,Church of England,True,,11.5,17.73913043478261,False,48.87135922330097,75.0,11.0,108.0,106.0,106.0,106.66666666666667,SE23 2NE,,,,,,,,,,,,,,,,,,,,,,,,"Perry Vale, Forest Hill, London, SE23 2NE"
852,32,Three Bridges Primary School,Ealing,101911,3 to 11,58,422.0,50.0,Does not apply,False,563,24.4,17.295081967213115,False,48.81674757281553,76.0,14.0,106.0,105.0,108.0,106.33333333333333,UB2 4HT,,,,,,,,,,,,,,,,,,,,,,,,"Melbury Avenue, Norwood Green, Southall, UB2 4HT"
853,25,Adamsrill Primary School,Lewisham,100671,3 to 11,60,402.0,42.0,Does not apply,False,564,18.18,22.112211221122113,False,48.786407766990294,72.0,17.0,107.0,105.0,107.0,106.33333333333333,SE26 4AQ,,,,,,,,,,,,,,,,,,,,,,,,"Adamsrill Road, Sydenham, London, SE26 4AQ"
854,26,Queensbridge Primary School,Hackney,100235,3 to 11,52,424.0,50.0,Does not apply,False,565,26.0,16.307692307692307,False,48.75,73.0,15.0,108.0,105.0,106.0,106.33333333333333,E8 4ET,,,,,,,,,,,,,,,,,,,,,,,,"Queensbridge Road, Haggerston, Hackney, London, E8 4ET"
855,24,Alexandra Primary School,Hounslow,140974,3 to 11,76,667.0,18.0,Does not apply,False,566,26.24,25.419207317073173,False,48.69538834951456,68.0,14.0,106.0,106.0,109.0,107.0,TW3 4DU,,,,,,,,,,,,,,,,,,,,,,,,"Denbigh Road, Hounslow, TW3 4DU"
856,57,Summerside Primary Academy,Barnet,144653,3 to 11,55,402.0,44.0,Does not apply,False,567,16.8,23.928571428571427,False,48.67718446601942,69.0,13.0,106.0,107.0,108.0,107.0,N12 0QU,,,,,,,,,,,,,,,,,,,,,,,,"Crossway, Finchley, London, N12 0QU"
857,33,Mayfield Primary School,Ealing,101877,3 to 11,56,441.0,45.0,Does not apply,False,568,19.79,22.283981808994444,False,48.63470873786408,59.0,20.0,107.0,105.0,109.0,107.0,W7 3RT,,,,,,,,,,,,,,,,,,,,,,,,"High Lane, Hanwell, London, W7 3RT"
858,26,St James's Hatcham Church of England Primary School,Lewisham,151009,4 to 11,29,156.0,48.0,Church of England,True,,7.0,22.285714285714285,False,48.63470873786408,83.0,10.0,105.0,105.0,109.0,106.33333333333333,SE14 6AD,,,,,,,,,,,,,,,,,,,,,,,,"St James's, New Cross, London, SE14 6AD"
859,27,Myatt Garden Primary School,Lewisham,100713,3 to 11,56,389.0,29.0,Does not apply,False,569,18.2,21.373626373626376,False,48.57402912621359,71.0,11.0,108.0,106.0,107.0,107.0,SE4 1DF,,,,,,,,,,,,,,,,,,,,,,,,"Rokeby Road, Brockley, London, SE4 1DF"
860,32,Stepney Park Primary School,Tower Hamlets,100917,3 to 11,115,738.0,52.0,Does not apply,False,570,39.3,18.778625954198475,False,48.5497572815534,77.0,10.0,106.0,107.0,107.0,106.66666666666667,E1 3BW,,,,,,,,,,,,,,,,,,,,,,,,"Smithy Street, Stepney, London, E1 3BW"
861,27,Alfred Salter Primary School,Southwark,100819,3 to 11,44,389.0,57.0,Does not apply,False,571,18.21,21.361889071938496,False,48.45266990291262,73.0,18.0,107.0,106.0,105.0,106.0,SE16 7LP,,,,,,,,,,,,,,,,,,,,,,,,"Quebec Way, Rotherhithe, London, SE16 7LP"
862,31,Ravenstone Primary School,Wandsworth,147327,3 to 11,46,332.0,22.0,Does not apply,False,572,21.81,15.22237505731316,False,48.33131067961165,72.0,13.0,107.0,106.0,107.0,106.66666666666667,SW12 9SS,,,,,,,,,,,,,,,,,,,,,,,,"Ravenstone Street, Balham, London, SW12 9SS"
863,34,Gray's Farm Primary Academy,Bromley,139639,3 to 11,53,427.0,51.0,Does not apply,False,573,18.13,23.552123552123554,False,48.29490291262136,85.0,4.0,107.0,108.0,105.0,106.66666666666667,BR5 3AD,,,,,,,,,,,,,,,,,,,,,,,,"Gray's Farm Road, St Paul's Cray, Orpington, BR5 3AD"
864,24,St Jude's Church of England Primary School,Lambeth,100616,4 to 11,11,159.0,45.0,Church of England,True,,8.0,19.875,False,48.22208737864078,45.0,18.0,109.0,104.0,109.0,107.33333333333333,SE24 0EL,,,,,,,,,,,,,,,,,,,,,,,,"Regent Road, Herne Hill, London, SE24 0EL"
865,34,St Anselm's Catholic Primary School,Ealing,101922,3 to 11,28,231.0,54.0,Roman Catholic,True,,7.9,29.240506329113924,False,48.10679611650486,71.0,11.0,105.0,108.0,108.0,107.0,UB2 4DH,,,,,,,,,,,,,,,,,,,,,,,,"Church Avenue, Southall, UB2 4DH"
866,17,St Mark's CofE Primary School,Islington,100444,2 to 11,28,228.0,68.0,Church of England,True,,10.2,22.35294117647059,False,48.088592233009706,75.0,14.0,108.0,106.0,104.0,106.0,N19 4JF,,,,,,,,,,,,,,,,,,,,,,,,"Sussex Way, Islington, London, N19 4JF"
867,28,St Peter's Church of England Primary School,Southwark,100839,3 to 11,19,145.0,47.0,Church of England,True,,8.0,18.125,False,48.088592233009706,68.0,0.0,108.0,108.0,109.0,108.33333333333333,SE17 2HH,,,,,,,,,,,,,,,,,,,,,,,,"Liverpool Grove, Walworth, London, SE17 2HH"
868,25,Walnut Tree Walk Primary School,Lambeth,100589,3 to 11,28,400.0,39.0,Does not apply,False,574,19.2,20.833333333333336,False,48.03398058252427,79.0,7.0,109.0,106.0,105.0,106.66666666666667,SE11 6DS,,,,,,,,,,,,,,,,,,,,,,,,"Walnut Tree Walk, London, SE11 6DS"
869,33,Thomas Buxton Primary School,Tower Hamlets,100930,3 to 11,56,411.0,55.0,Does not apply,False,575,18.23,22.545255074053756,False,48.021844660194176,71.0,14.0,105.0,106.0,109.0,106.66666666666667,E1 5AR,,,,,,,,,,,,,,,,,,,,,,,,"Buxton Street, Bethnal Green, Thomas Buxton Primary School, London, E1 5AR"
870,26,Earlham Primary School,Haringey,131478,4 to 11,42,357.0,36.0,Does not apply,False,576,16.23,21.99630314232902,False,48.009708737864074,74.0,5.0,108.0,108.0,106.0,107.33333333333333,N22 5HJ,,,,,,,,,,,,,,,,,,,,,,,,"Earlham Grove, Wood Green, London, N22 5HJ"
871,35,Hayes Primary School,Bromley,136920,4 to 11,96,601.0,10.0,None,False,577,28.56,21.04341736694678,False,47.8883495145631,76.0,7.0,108.0,106.0,107.0,107.0,BR2 7LQ,,,,,,,,,,,,,,,,,,,,,,,,"George Lane, Hayes, Bromley, BR2 7LQ"
872,27,Mossbourne Parkside Academy,Hackney,142255,3 to 11,58,365.0,67.0,Does not apply,False,578,19.0,19.210526315789473,False,47.87621359223301,86.0,7.0,107.0,106.0,106.0,106.33333333333333,E8 1AS,,,,,,,,,,,,,,,,,,,,,,,,"Sigdon Road, Hackney, London, E8 1AS"
873,25,High View Primary School,Sutton,102971,3 to 11,60,444.0,25.0,Does not apply,False,579,20.4,21.764705882352942,False,47.76699029126213,65.0,18.0,106.0,107.0,107.0,106.66666666666667,SM6 8JT,,,,,,,,,,,,,,,,,,,,,,,,"The Chase, Wallington, SM6 8JT"
874,34,Mowlem Primary School,Tower Hamlets,100914,3 to 11,25,226.0,36.0,Does not apply,False,580,11.9,18.991596638655462,False,47.71844660194175,72.0,12.0,104.0,108.0,108.0,106.66666666666667,E2 9HE,,,,,,,,,,,,,,,,,,,,,,,,"Mowlem Street, Bishops Way, Bethnal Green, London, E2 9HE"
875,36,Edgebury Primary School,Bromley,101635,4 to 11,62,404.0,15.0,Does not apply,False,581,16.0,25.25,False,47.69417475728155,66.0,16.0,108.0,106.0,106.0,106.66666666666667,BR7 6BL,,,,,,,,,,,,,,,,,,,,,,,,"Belmont Lane, Chislehurst, BR7 6BL"
876,18,Northbury Primary School,Barking and Dagenham,101196,3 to 11,108,853.0,26.0,Does not apply,False,582,46.6,18.304721030042916,False,47.682038834951456,69.0,12.0,106.0,107.0,108.0,107.0,IG11 8JA,,,,,,,,,,,,,,,,,,,,,,,,"Northbury Close, Barking, IG11 8JA"
877,16,Harold Court Primary School,Havering,102278,2 to 11,52,386.0,19.0,Does not apply,False,583,16.6,23.25301204819277,False,47.64563106796116,63.0,15.0,108.0,105.0,108.0,107.0,RM3 0SH,,,,,,,,,,,,,,,,,,,,,,,,"Church Road, Harold Wood, Romford, RM3 0SH"
878,35,Farnham Green Primary School,Redbridge,145044,3 to 11,41,370.0,34.0,Does not apply,False,584,6.31,58.63708399366086,False,47.59708737864078,80.0,10.0,106.0,106.0,107.0,106.33333333333333,IG3 8UY,,,,,,,,,,,,,,,,,,,,,,,,"Royal Close, Seven Kings, Ilford, IG3 8UY"
879,35,Bonner Primary School,Tower Hamlets,100891,4 to 11,113,704.0,48.0,Does not apply,False,585,31.31,22.4848291280741,False,47.54854368932039,65.0,11.0,108.0,106.0,108.0,107.33333333333333,E2 0NF,,,,,,,,,,,,,,,,,,,,,,,,"Stainsbury Street, Bethnal Green, London, E2 0NF"
880,45,North Beckton Primary School,Newham,146915,3 to 11,54,412.0,61.0,Does not apply,False,586,21.95,18.76993166287016,False,47.5121359223301,74.0,11.0,106.0,107.0,107.0,106.66666666666667,E6 5XG,,,,,,,,,,,,,,,,,,,,,,,,"Harrier Way, Beckton, London, E6 5XG"
881,28,Eastfield Primary School,Enfield,145968,3 to 11,57,433.0,47.0,Does not apply,False,587,20.2,21.435643564356436,False,47.45145631067961,75.0,5.0,107.0,106.0,109.0,107.33333333333333,EN3 5UX,,,,,,,,,,,,,,,,,,,,,,,,"Eastfield Road, Enfield, EN3 5UX"
882,37,St John's Church of England Primary School,Bromley,140648,4 to 11,12,148.0,42.0,Church of England,True,,9.1,16.263736263736263,False,47.44538834951456,75.0,8.0,106.0,106.0,109.0,107.0,SE20 8HU,,,,,,,,,,,,,,,,,,,,,,,,"Maple Road, Penge, London, SE20 8HU"
883,34,St Mary's Hampton Church of England Primary,Richmond upon Thames,139421,4 to 11,25,169.0,16.0,Church of England,True,,9.28,18.211206896551726,False,47.317961165048544,76.0,12.0,107.0,105.0,107.0,106.33333333333333,TW12 2HP,,,,,,,,,,,,,,,,,,,,,,,,"Oldfield Road, Hampton, TW12 2HP"
884,29,"Galleywall Primary, City of London Academy",Southwark,142875,4 to 11,58,371.0,57.0,None,False,588,17.0,21.823529411764707,False,47.23300970873787,69.0,9.0,106.0,107.0,109.0,107.33333333333333,SE16 3PB,,,,,,,,,,,,,,,,,,,,,,,,"Galleywall Primary, Galleywall Road, London, SE16 3PB"
885,58,Church Hill School,Barnet,101266,4 to 11,30,200.0,20.0,Does not apply,False,589,12.76,15.673981191222571,False,47.226941747572816,73.0,13.0,106.0,108.0,105.0,106.33333333333333,EN4 8NN,,,,,,,,,,,,,,,,,,,,,,,,"Burlington Rise, East Barnet, Barnet, EN4 8NN"
886,36,Redbridge Primary School,Redbridge,127046,4 to 11,111,853.0,14.0,Does not apply,False,590,37.8,22.566137566137566,False,47.172330097087375,72.0,9.0,107.0,107.0,107.0,107.0,IG4 5HW,,,,,,,,,,,,,,,,,,,,,,,,"College Gardens, Redbridge, Ilford, IG4 5HW"
887,26,Beddington Park Academy,Sutton,148350,4 to 11,56,348.0,30.0,None,False,591,18.8,18.51063829787234,False,47.0995145631068,80.0,9.0,106.0,107.0,106.0,106.33333333333333,CR0 4UL,,,,,,,,,,,,,,,,,,,,,,,,"Mallinson Road, Croydon, CR0 4UL"
888,27,Brook House Primary School,Haringey,141209,4 to 11,58,412.0,64.0,Does not apply,False,592,19.6,21.020408163265305,False,46.978155339805824,69.0,14.0,106.0,106.0,108.0,106.66666666666667,N17 8EY,,,,,,,,,,,,,,,,,,,,,,,,"881 High Road, Tottenham, London, N17 8EY"
889,33,St James the Great RC Primary and Nursery School,Croydon,137959,3 to 11,55,448.0,22.0,Roman Catholic,True,,17.7,25.310734463276837,False,46.8992718446602,71.0,7.0,107.0,107.0,108.0,107.33333333333333,CR7 8HJ,,,,,,,,,,,,,,,,,,,,,,,,"St. James the Great School, Windsor Road, Thornton Heath, CR7 8HJ"
890,34,The Hayes Primary School,Croydon,101760,4 to 11,60,416.0,13.0,Does not apply,False,593,15.24,27.296587926509186,False,46.875,75.0,10.0,106.0,106.0,108.0,106.66666666666667,CR8 5JN,,,,,,,,,,,,,,,,,,,,,,,,"Hayes Lane, Kenley, CR8 5JN"
891,22,St John's Wood Primary School,Westminster,101107,3 to 11,50,190.0,40.0,Does not apply,False,594,13.0,14.615384615384615,True,46.83252427184466,66.0,10.0,107.0,107.0,108.0,107.33333333333333,NW8 7AL,,,,,,,,,,,,,,,,,,,,,,,,"Bridgeman Street, St John's Wood, London, NW8 7AL"
892,28,All Saints' Church of England Primary School Blackheath,Lewisham,100719,4 to 11,27,185.0,22.0,Church of England,True,,11.0,16.818181818181817,False,46.78398058252427,67.0,7.0,110.0,106.0,107.0,107.66666666666667,SE3 0TX,,,,,,,,,,,,,,,,,,,,,,,,"2 Blackheath Vale, Blackheath, London, SE3 0TX"
893,32,Thorpe Hall Primary School,Waltham Forest,103060,3 to 11,44,362.0,41.0,Does not apply,False,595,16.0,22.625,False,46.68689320388349,80.0,9.0,106.0,106.0,107.0,106.33333333333333,E17 4DP,,,,,,,,,,,,,,,,,,,,,,,,"123 Hale End Road, Walthamstow, London, E17 4DP"
894,29,Kelvin Grove Primary School,Lewisham,100690,3 to 11,67,547.0,40.0,Does not apply,False,596,29.4,18.60544217687075,False,46.6747572815534,72.0,6.0,108.0,106.0,108.0,107.33333333333333,SE26 6BB,,,,,,,,,,,,,,,,,,,,,,,,"Kelvin Grove, London, SE26 6BB"
895,30,John Ruskin Primary School and Language Classes,Southwark,100798,3 to 11,60,474.0,53.0,Does not apply,False,597,24.5,19.346938775510203,False,46.6626213592233,68.0,7.0,106.0,107.0,110.0,107.66666666666667,SE5 0PQ,,,,,,,,,,,,,,,,,,,,,,,,"John Ruskin Street, Camberwell, London, SE5 0PQ"
896,28,Our Lady and St Joseph Catholic Primary School,Hackney,100264,4 to 11,31,201.0,39.0,Catholic,True,,12.3,16.341463414634145,False,46.65655339805825,68.0,23.0,106.0,106.0,106.0,106.0,N1 4JB,,,,,,,,,,,,,,,,,,,,,,,,"Buckingham Road, Hackney, London, N1 4JB"
897,33,Whitehall Primary School,Waltham Forest,103036,3 to 11,61,443.0,31.0,Does not apply,False,598,21.8,20.321100917431192,False,46.63834951456311,72.0,11.0,106.0,108.0,106.0,106.66666666666667,E4 6ES,,,,,,,,,,,,,,,,,,,,,,,,"90 Normanton Park, London, E4 6ES"
898,39,Thorntree Primary School,Greenwich,100142,4 to 11,30,191.0,47.0,Does not apply,False,599,9.6,19.895833333333336,False,46.63228155339806,73.0,17.0,106.0,105.0,107.0,106.0,SE7 8AE,,,,,,,,,,,,,,,,,,,,,,,,"Thorntree Road, Charlton, London, SE7 8AE"
899,23,St Augustine's RC Primary School,Hammersmith and Fulham,150082,4 to 11,28,192.0,21.0,Roman Catholic,True,,9.25,20.756756756756758,False,46.61407766990291,71.0,7.0,107.0,106.0,109.0,107.33333333333333,W6 8QE,,,,,,,,,,,,,,,,,,,,,,,,"Disbrowe Road, London, W6 8QE"
900,26,Telferscot Primary School,Lambeth,100586,3 to 11,54,417.0,31.0,Does not apply,False,600,19.6,21.27551020408163,False,46.60800970873786,70.0,15.0,107.0,106.0,106.0,106.33333333333333,SW12 0HW,,,,,,,,,,,,,,,,,,,,,,,,"Telferscot Road, Balham, London, SW12 0HW"
901,18,Grafton Primary School,Islington,100406,2 to 11,60,461.0,57.0,Does not apply,False,601,20.2,22.821782178217823,False,46.432038834951456,70.0,8.0,106.0,106.0,110.0,107.33333333333333,N7 6AR,,,,,,,,,,,,,,,,,,,,,,,,"Eburne Road, Holloway, London, N7 6AR"
902,35,St Thomas Becket Catholic Primary School,Croydon,138612,4 to 11,59,411.0,15.0,Roman Catholic,True,,16.57,24.8038624019312,False,46.41383495145631,78.0,12.0,107.0,105.0,106.0,106.0,SE25 5BN,,,,,,,,,,,,,,,,,,,,,,,,"Becket Close, Birchanger Road, South Norwood, London, SE25 5BN"
903,36,Kenley Primary School,Croydon,148682,4 to 11,17,164.0,29.0,Does not apply,False,602,9.77,16.78607983623337,False,46.38349514563107,82.0,0.0,109.0,105.0,107.0,107.0,CR3 0EX,,,,,,,,,,,,,,,,,,,,,,,,"New Barn Lane, Whyteleafe, CR3 0EX"
904,29,St Matthias Church of England Primary School,Hackney,100267,3 to 11,20,160.0,95.0,Church of England,True,,8.4,19.047619047619047,False,46.353155339805824,80.0,10.0,108.0,105.0,105.0,106.0,N16 8DD,,,,,,,,,,,,,,,,,,,,,,,,"Wordsworth Road, London, N16 8DD"
905,30,Lauriston School,Hackney,100229,3 to 11,53,425.0,25.0,Does not apply,False,603,23.6,18.008474576271187,False,46.25,75.0,11.0,108.0,105.0,106.0,106.33333333333333,E9 7JS,,,,,,,,,,,,,,,,,,,,,,,,"Rutland Road, London, E9 7JS"
906,30,Brindishe Green School,Lewisham,100687,3 to 11,80,612.0,33.0,Does not apply,False,604,25.6,23.90625,False,46.22572815533981,69.0,10.0,107.0,107.0,107.0,107.0,SE13 6EH,,,,,,,,,,,,,,,,,,,,,,,,"Beacon Road, London, SE13 6EH"
907,31,John Ball Primary School,Lewisham,100709,3 to 11,87,655.0,20.0,Does not apply,False,605,29.2,22.43150684931507,False,46.213592233009706,71.0,6.0,109.0,106.0,107.0,107.33333333333333,SE3 0TP,,,,,,,,,,,,,,,,,,,,,,,,"Southvale Road, Blackheath, London, SE3 0TP"
908,28,Campsbourne Junior School,Haringey,102084,7 to 11,41,210.0,27.0,Does not apply,False,606,11.0,19.09090909090909,False,45.970873786407765,76.0,5.0,108.0,105.0,108.0,107.0,N8 7AF,,,,,,,,,,,,,,,,,,,,,,,,"Nightingale Lane, London, N8 7AF"
909,36,Sir William Burrough Primary School,Tower Hamlets,137682,3 to 11,43,326.0,44.0,Does not apply,False,607,13.83,23.571945046999275,False,45.952669902912625,74.0,7.0,107.0,105.0,109.0,107.0,E14 7PQ,,,,,,,,,,,,,,,,,,,,,,,,"Salmon Lane, Limehouse, London, E14 7PQ"
910,26,Edith Neville Primary School,Camden,100013,3 to 11,24,204.0,58.0,Does not apply,False,608,14.31,14.255765199161425,True,45.93446601941748,75.0,13.0,107.0,106.0,105.0,106.0,NW1 1HQ,,,,,,,,,,,,,,,,,,,,,,,,"85 Polygon Road, London, NW1 1HQ"
911,32,Beecroft Garden Primary,Lewisham,100674,4 to 11,55,392.0,33.0,Does not apply,False,609,22.42,17.484388938447815,False,45.81310679611651,69.0,9.0,109.0,106.0,106.0,107.0,SE4 2BS,,,,,,,,,,,,,,,,,,,,,,,,"Beecroft Road, London, SE4 2BS"
912,37,West Thornton Primary School,Croydon,147971,4 to 11,138,910.0,41.0,Unknown,False,610,37.8,24.074074074074076,False,45.612864077669904,74.0,14.0,105.0,107.0,106.0,106.0,CR0 3BS,,,,,,,,,,,,,,,,,,,,,,,,"Rosecourt Road, Croydon, CR0 3BS"
913,19,Malden Manor Primary and Nursery School,Kingston upon Thames,102581,3 to 11,55,394.0,22.0,Does not apply,False,611,17.03,23.135642982971227,False,45.59466019417476,78.0,9.0,106.0,106.0,107.0,106.33333333333333,KT3 5PF,,,,,,,,,,,,,,,,,,,,,,,,"Sheephouse Way, New Malden, KT3 5PF"
914,40,Brooklands Primary School,Greenwich,143210,2 to 11,28,220.0,32.0,Does not apply,False,612,9.5,23.157894736842106,False,45.53398058252427,61.0,21.0,109.0,102.0,107.0,106.0,SE3 9AB,,,,,,,,,,,,,,,,,,,,,,,,"Medebourne Close, Casterbridge Road, London, SE3 9AB"
915,22,St Thomas of Canterbury Catholic Primary School,Merton,133774,3 to 11,61,426.0,36.0,Roman Catholic,True,,17.6,24.204545454545453,False,45.47936893203884,74.0,3.0,107.0,107.0,108.0,107.33333333333333,CR4 1YG,,,,,,,,,,,,,,,,,,,,,,,,"53 Commonside East, Mitcham, CR4 1YG"
916,37,St Paul's Whitechapel Church of England Primary School,Tower Hamlets,100959,3 to 11,29,212.0,52.0,Church of England,True,,9.0,23.555555555555557,False,45.4126213592233,72.0,7.0,109.0,104.0,108.0,107.0,E1 8HY,,,,,,,,,,,,,,,,,,,,,,,,"Wellclose Square, Stepney, London, E1 8HY"
917,20,Ellingham Primary School,Kingston upon Thames,102568,2 to 11,47,290.0,23.0,Does not apply,False,613,15.79,18.36605446485117,False,45.26092233009709,74.0,6.0,106.0,108.0,107.0,107.0,KT9 2JA,,,,,,,,,,,,,,,,,,,,,,,,"Ellingham Road, Chessington, KT9 2JA"
918,23,Harris Primary Academy Merton,Merton,141143,2 to 11,65,491.0,42.0,Does not apply,False,614,22.4,21.919642857142858,False,45.248786407766985,78.0,15.0,106.0,106.0,104.0,105.33333333333333,CR4 1JW,,,,,,,,,,,,,,,,,,,,,,,,"Abbotts Road, Mitcham, CR4 1JW"
919,27,Larkhall Primary Campus,Lambeth,100576,2 to 11,49,332.0,57.0,Does not apply,False,615,25.3,13.122529644268774,True,45.103155339805824,63.0,12.0,108.0,106.0,107.0,107.0,SW4 6PH,,,,,,,,,,,,,,,,,,,,,,,,"Smedley Street, Clapham, London, SW4 6PH"
920,29,St Mary's CofE Primary School,Haringey,102139,3 to 11,54,346.0,39.0,Church of England,True,,20.6,16.796116504854368,False,44.987864077669904,61.0,17.0,106.0,106.0,108.0,106.66666666666667,N8 7BU,,,,,,,,,,,,,,,,,,,,,,,,"Church Lane, Hornsey, London, N8 7BU"
921,24,Sulivan Primary School,Hammersmith and Fulham,143214,3 to 11,29,163.0,52.0,Does not apply,False,616,9.5,17.157894736842106,False,44.98179611650486,69.0,14.0,106.0,107.0,106.0,106.33333333333333,SW6 3BN,,,,,,,,,,,,,,,,,,,,,,,,"Peterborough Road, Fulham, London, SW6 3BN"
922,19,Duncombe Primary School,Islington,100403,2 to 11,52,438.0,77.0,Does not apply,False,617,26.32,16.641337386018236,False,44.98179611650485,79.0,8.0,108.0,106.0,104.0,106.0,N19 4JA,,,,,,,,,,,,,,,,,,,,,,,,"Sussex Way, Islington, London, N19 4JA"
923,27,St Alban's Church of England Primary School,Camden,100036,3 to 11,15,92.0,60.0,Church of England,True,,9.0,10.222222222222221,True,44.96966019417476,67.0,13.0,107.0,105.0,108.0,106.66666666666667,EC1N 7SD,,,,,,,,,,,,,,,,,,,,,,,,"Baldwins Gardens, Holborn, London, EC1N 7SD"
924,31,Lubavitch Girls Primary School,Hackney,145610,4 to 11,15,103.0,20.0,Jewish,True,,10.28,10.019455252918288,True,44.87257281553398,80.0,7.0,107.0,102.0,109.0,106.0,N16 5RP,,,,,,,,,,,,,,,,,,,,,,,,"107-115 Stamford Hill, London, N16 5RP"
925,25,Kenmont Primary School,Hammersmith and Fulham,100331,3 to 11,25,218.0,56.0,Does not apply,False,618,9.29,23.466092572658773,False,44.842233009708735,76.0,16.0,107.0,105.0,104.0,105.33333333333333,NW10 6AL,,,,,,,,,,,,,,,,,,,,,,,,"Kenmont Primary School, Valliere Road, London, NW10 6AL"
926,25,Hayes Park School,Hillingdon,102439,3 to 11,90,683.0,26.0,None,False,619,30.65,22.283849918433933,False,44.83009708737864,68.0,10.0,106.0,106.0,109.0,107.0,UB4 8BE,,,,,,,,,,,,,,,,,,,,,,,,"Raynton Drive, Hayes, UB4 8BE"
927,25,Orchard Primary School,Hounslow,135562,3 to 11,81,657.0,25.0,Does not apply,False,620,27.78,23.65010799136069,False,44.7876213592233,70.0,6.0,106.0,107.0,109.0,107.33333333333333,TW4 5JW,,,,,,,,,,,,,,,,,,,,,,,,"Orchard Road, Hounslow, TW4 5JW"
928,38,Harris Primary Academy Purley Way,Croydon,140395,4 to 11,61,547.0,56.0,Does not apply,False,621,25.0,21.88,False,44.769417475728154,79.0,15.0,106.0,105.0,105.0,105.33333333333333,CR0 4FE,,,,,,,,,,,,,,,,,,,,,,,,"47 Propeller Crescent, Croydon, CR0 4FE"
929,24,Hillcross Primary School,Merton,102655,3 to 11,47,448.0,13.0,Does not apply,False,622,16.8,26.666666666666664,False,44.73300970873787,68.0,9.0,108.0,104.0,109.0,107.0,SM4 4EE,,,,,,,,,,,,,,,,,,,,,,,,"Ashridge Way, Morden, SM4 4EE"
930,29,Brettenham Primary School,Enfield,146946,3 to 11,58,419.0,43.0,Does not apply,False,623,17.27,24.261725535610886,False,44.71480582524272,72.0,12.0,107.0,105.0,107.0,106.33333333333333,N18 2ET,,,,,,,,,,,,,,,,,,,,,,,,"Brettenham Road, London, N18 2ET"
931,35,Our Lady of the Visitation Catholic Primary School,Ealing,101920,3 to 11,60,412.0,37.0,Roman Catholic,True,,20.2,20.396039603960396,False,44.68446601941747,67.0,10.0,107.0,106.0,108.0,107.0,UB6 9AN,,,,,,,,,,,,,,,,,,,,,,,,"Greenford Road, Greenford, UB6 9AN"
932,34,Our Lady and St George's Catholic Primary School,Waltham Forest,135193,3 to 11,47,328.0,49.0,Roman Catholic,True,,17.17,19.10308677926616,False,44.654126213592235,60.0,11.0,106.0,107.0,109.0,107.33333333333333,E17 3EA,,,,,,,,,,,,,,,,,,,,,,,,"Shernhall Street, Walthamstow, London, E17 3EA"
933,26,Springwell School,Hounslow,146822,3 to 11,74,518.0,36.0,Does not apply,False,624,27.4,18.905109489051096,False,44.6116504854369,68.0,12.0,107.0,105.0,108.0,106.66666666666667,TW5 9EF,,,,,,,,,,,,,,,,,,,,,,,,"Speart Lane, Heston, Hounslow, TW5 9EF"
934,41,James Wolfe Primary School and Centre for the Deaf,Greenwich,131246,3 to 11,80,705.0,49.0,Does not apply,False,625,35.06,20.108385624643468,False,44.581310679611654,80.0,13.0,106.0,106.0,104.0,105.33333333333333,SE10 8RZ,,,,,,,,,,,,,,,,,,,,,,,,"Royal Hill, London, SE10 8RZ"
935,38,Unicorn Primary School,Bromley,142300,4 to 11,64,420.0,8.0,Does not apply,False,626,17.87,23.503077783995522,False,44.5752427184466,63.0,11.0,108.0,107.0,106.0,107.0,BR3 3AL,,,,,,,,,,,,,,,,,,,,,,,,"Creswell Drive, Beckenham, BR3 3AL"
936,27,Hackbridge Primary School,Sutton,102969,3 to 11,89,824.0,30.0,Does not apply,False,627,36.59,22.519814156873462,False,44.49029126213592,71.0,7.0,107.0,107.0,107.0,107.0,SM6 7AX,,,,,,,,,,,,,,,,,,,,,,,,"Hackbridge Road, Wallington, SM6 7AX"
937,39,Langley Park Primary School,Bromley,142897,4 to 11,59,400.0,14.0,None,False,628,20.2,19.801980198019802,False,44.45388349514563,71.0,12.0,107.0,106.0,106.0,106.33333333333333,BR3 3FG,,,,,,,,,,,,,,,,,,,,,,,,"Hawksbrook Lane, Beckenham, BR3 3FG"
938,17,Drapers' Maylands Primary School,Havering,141549,3 to 11,39,361.0,33.0,None,False,629,17.8,20.280898876404493,False,44.44781553398058,77.0,3.0,105.0,107.0,109.0,107.0,RM3 9XR,,,,,,,,,,,,,,,,,,,,,,,,"Settle Road, Romford, RM3 9XR"
939,21,Upland Primary School,Bexley,143432,0 to 11,60,443.0,8.0,Does not apply,False,630,20.43,21.683798335780715,False,44.435679611650485,62.0,18.0,108.0,104.0,107.0,106.33333333333333,DA7 4DG,,,,,,,,,,,,,,,,,,,,,,,,"Church Road, Bexleyheath, DA7 4DG"
940,20,Ashmount Primary School,Islington,100432,3 to 11,44,395.0,52.0,Does not apply,False,631,17.59,22.455940875497443,False,44.435679611650485,61.0,18.0,107.0,107.0,105.0,106.33333333333333,N8 9EG,,,,,,,,,,,,,,,,,,,,,,,,"Crouch Hill Park, 83 Crouch Hill, London, N8 9EG"
941,42,St Margaret's Church of England Primary School,Greenwich,100170,3 to 11,39,215.0,18.0,Church of England,True,,12.69,16.9424743892829,False,44.32038834951456,67.0,15.0,107.0,105.0,107.0,106.33333333333333,SE18 7RL,,,,,,,,,,,,,,,,,,,,,,,,"St Margaret's Grove, Plumstead, London, SE18 7RL"
942,26,St John's Walham Green Church of England Primary School,Hammersmith and Fulham,100349,3 to 11,44,394.0,25.0,Church of England,True,,22.33,17.644424540976267,False,44.25970873786408,66.0,16.0,106.0,106.0,107.0,106.33333333333333,SW6 6AS,,,,,,,,,,,,,,,,,,,,,,,,"Filmer Road, Fulham, London, SW6 6AS"
943,36,Gifford Primary School,Ealing,101898,3 to 11,120,911.0,51.0,Does not apply,False,632,43.0,21.186046511627907,False,44.25970873786408,72.0,12.0,106.0,105.0,108.0,106.33333333333333,UB5 6BU,,,,,,,,,,,,,,,,,,,,,,,,"Greenhill Gardens, Northolt, UB5 6BU"
944,18,St Patrick's Catholic Primary School,Havering,102331,4 to 11,55,406.0,15.0,Roman Catholic,True,,18.46,21.99349945828819,False,44.22330097087379,75.0,4.0,107.0,106.0,108.0,107.0,RM5 2AP,,,,,,,,,,,,,,,,,,,,,,,,"Lowshoe Lane, Collier Row, Romford, RM5 2AP"
945,23,Stag Lane Primary School,Harrow,102209,3 to 11,104,874.0,29.0,Does not apply,False,633,35.05,24.9358059914408,False,44.192961165048544,69.0,11.0,105.0,107.0,108.0,106.66666666666667,HA8 5RU,,,,,,,,,,,,,,,,,,,,,,,,"Collier Drive, Edgware, HA8 5RU"
946,38,Solebay Primary - A Paradigm Academy,Tower Hamlets,138276,3 to 11,23,188.0,61.0,None,False,634,10.4,18.076923076923077,False,44.15655339805825,78.0,9.0,107.0,106.0,105.0,106.0,E1 4PW,,,,,,,,,,,,,,,,,,,,,,,,"11 Solebay Street, London, E1 4PW"
947,25,William Morris Primary School,Merton,102661,3 to 11,30,280.0,47.0,Does not apply,False,635,13.93,20.100502512562816,False,44.101941747572816,67.0,7.0,107.0,106.0,109.0,107.33333333333333,CR4 1PJ,,,,,,,,,,,,,,,,,,,,,,,,"Recreation Way, Mitcham, CR4 1PJ"
948,30,Freezywater St George's CofE VA Primary School,Enfield,102031,3 to 11,28,218.0,46.0,Church of England,True,,8.2,26.58536585365854,False,44.05339805825243,64.0,4.0,107.0,106.0,111.0,108.0,EN3 6NR,,,,,,,,,,,,,,,,,,,,,,,,"Hertford Road, Freezywater St. George's Ce Va Primary School, Enfield, EN3 6NR"
949,33,St Winifred's RC Primary School,Lewisham,142456,3 to 11,49,383.0,31.0,Roman Catholic,True,,19.07,20.08390141583639,False,43.9745145631068,59.0,16.0,107.0,105.0,108.0,106.66666666666667,SE12 0SJ,,,,,,,,,,,,,,,,,,,,,,,,"Newstead Road, Lee, London, SE12 0SJ"
950,37,Willow Tree Primary School,Ealing,101902,3 to 11,62,450.0,56.0,Does not apply,False,636,26.71,16.847622613253463,False,43.96844660194175,66.0,13.0,106.0,105.0,109.0,106.66666666666667,UB5 5FE,,,,,,,,,,,,,,,,,,,,,,,,"Priors Farm Lane, Northolt, UB5 5FE"
951,35,St Joseph's Catholic Junior School,Waltham Forest,103086,7 to 11,28,125.0,32.0,Roman Catholic,True,,6.6,18.93939393939394,False,43.89563106796117,43.0,7.0,109.0,108.0,107.0,108.0,E10 5DX,,,,,,,,,,,,,,,,,,,,,,,,"150 Vicarage Road, Leyton, London, E10 5DX"
952,19,St Mary's Catholic Primary School,Havering,102329,4 to 11,60,419.0,10.0,Roman Catholic,True,,19.7,21.269035532994923,False,43.76820388349515,68.0,8.0,107.0,107.0,107.0,107.0,RM12 4TL,,,,,,,,,,,,,,,,,,,,,,,,"Hornchurch Road, Hornchurch, RM12 4TL"
953,27,Edward Pauling Primary School,Hounslow,102514,3 to 11,56,415.0,30.0,Does not apply,False,637,19.6,21.1734693877551,False,43.70145631067962,68.0,14.0,106.0,105.0,108.0,106.33333333333333,TW13 4TQ,,,,,,,,,,,,,,,,,,,,,,,,"Redford Close, Feltham, TW13 4TQ"
954,26,Hatfeild Primary School,Merton,102632,3 to 11,41,355.0,15.0,Does not apply,False,638,23.1,15.367965367965366,False,43.65291262135923,63.0,2.0,109.0,106.0,109.0,108.0,SM4 4SJ,,,,,,,,,,,,,,,,,,,,,,,,"Lower Morden Lane, Morden, SM4 4SJ"
955,35,St Richard's Church of England Primary School,Richmond upon Thames,102907,2 to 11,30,182.0,47.0,Church of England,True,,10.1,18.01980198019802,False,43.640776699029125,70.0,7.0,107.0,106.0,108.0,107.0,TW10 7NL,,,,,,,,,,,,,,,,,,,,,,,,"Ashburnham Road, Ham, Richmond, TW10 7NL"
956,20,St Peter's Catholic Primary School,Havering,102335,4 to 11,60,405.0,13.0,Roman Catholic,True,,18.0,22.5,False,43.574029126213595,68.0,13.0,107.0,106.0,106.0,106.33333333333333,RM1 4JA,,,,,,,,,,,,,,,,,,,,,,,,"Dorset Avenue, Romford, RM1 4JA"
957,23,Chalkhill Primary School,Brent,101526,3 to 11,59,447.0,37.0,Does not apply,False,639,21.19,21.094856064181215,False,43.56189320388349,66.0,0.0,107.0,107.0,110.0,108.0,HA9 9YP,,,,,,,,,,,,,,,,,,,,,,,,"Barnhill Road, Brent, Wembley, HA9 9YP"
958,43,Heronsgate Primary School,Greenwich,100158,3 to 11,100,748.0,39.0,Does not apply,False,640,33.93,22.045387562628942,False,43.55582524271844,77.0,7.0,107.0,106.0,106.0,106.33333333333333,SE28 0EA,,,,,,,,,,,,,,,,,,,,,,,,"Whinchat Road, London, SE28 0EA"
959,31,Southwark Park Primary School,Southwark,100812,3 to 11,59,397.0,53.0,Does not apply,False,641,24.18,16.41852770885029,False,43.53155339805825,76.0,2.0,107.0,106.0,108.0,107.0,SE16 2JH,,,,,,,,,,,,,,,,,,,,,,,,"383 Southwark Park Road, Bermondsey, Southwark, London, SE16 2JH"
960,32,Victory Primary School,Southwark,100815,3 to 11,19,117.0,79.0,Does not apply,False,642,6.51,17.972350230414747,False,43.5133495145631,74.0,5.0,106.0,105.0,110.0,107.0,SE17 1PT,,,,,,,,,,,,,,,,,,,,,,,,"Elba Place, Rodney Road, London, SE17 1PT"
961,22,Old Bexley Church of England School,Bexley,142228,3 to 11,109,663.0,6.0,Church of England,True,,26.95,24.601113172541744,False,43.38592233009709,66.0,14.0,107.0,106.0,106.0,106.33333333333333,DA5 3JR,,,,,,,,,,,,,,,,,,,,,,,,"Hurst Road, Bexley, DA5 3JR"
962,40,Farnborough Primary School,Bromley,140449,5 to 11,35,210.0,14.0,Does not apply,False,643,8.7,24.13793103448276,False,43.38592233009709,66.0,14.0,107.0,106.0,106.0,106.33333333333333,BR6 7EQ,,,,,,,,,,,,,,,,,,,,,,,,"Farnborough Hill, Farnborough, Orpington, BR6 7EQ"
963,23,Mayplace Primary School,Bexley,141114,3 to 11,89,643.0,28.0,Does not apply,False,644,31.03,20.72188204962939,False,43.355582524271846,66.0,15.0,106.0,105.0,108.0,106.33333333333333,DA7 6EQ,,,,,,,,,,,,,,,,,,,,,,,,"Woodside Road, Barnehurst, DA7 6EQ"
964,28,Julian's School,Lambeth,100602,3 to 11,117,947.0,29.0,None,False,645,45.6,20.767543859649123,False,43.349514563106794,64.0,15.0,107.0,106.0,106.0,106.33333333333333,SE27 0JF,,,,,,,,,,,,,,,,,,,,,,,,"16 Wolfington Road, West Norwood, London, SE27 0JF"
965,39,Fairchildes Primary School,Croydon,140717,2 to 11,61,486.0,54.0,Does not apply,False,646,20.91,23.242467718794835,False,43.34344660194175,70.0,12.0,105.0,107.0,107.0,106.33333333333333,CR0 0AH,,,,,,,,,,,,,,,,,,,,,,,,"Fairchildes Avenue, New Addington, Croydon, CR0 0AH"
966,30,West Green Primary School,Haringey,102115,4 to 11,28,208.0,57.0,Does not apply,False,647,10.55,19.715639810426538,False,43.307038834951456,71.0,11.0,106.0,107.0,106.0,106.33333333333333,N15 3RT,,,,,,,,,,,,,,,,,,,,,,,,"Woodlands Park Road, Tottenham, London, N15 3RT"
967,39,Cayley Primary School,Tower Hamlets,100894,3 to 11,74,432.0,68.0,Does not apply,False,648,27.29,15.8299743495786,False,43.25849514563107,70.0,7.0,105.0,107.0,109.0,107.0,E14 7NG,,,,,,,,,,,,,,,,,,,,,,,,"Aston Street, Stepney, London, E14 7NG"
968,19,The James Cambell Primary School,Barking and Dagenham,144280,3 to 11,91,627.0,47.0,Does not apply,False,649,30.72,20.41015625,False,43.22208737864078,66.0,12.0,106.0,106.0,108.0,106.66666666666667,RM9 6TD,,,,,,,,,,,,,,,,,,,,,,,,"Langley Crescent, Dagenham, RM9 6TD"
969,32,St Scholastica's Catholic Primary School,Hackney,100274,3 to 11,23,185.0,78.0,Roman Catholic,True,,10.0,18.5,False,43.09466019417476,61.0,22.0,107.0,104.0,107.0,106.0,E5 8BS,,,,,,,,,,,,,,,,,,,,,,,,"Kenninghall Road, Clapton, London, E5 8BS"
970,29,St Luke's Church of England Primary School,Lambeth,145616,3 to 11,24,180.0,71.0,Church of England,True,,9.6,18.75,False,43.04004854368932,71.0,17.0,106.0,104.0,107.0,105.66666666666667,SE27 0DZ,,,,,,,,,,,,,,,,,,,,,,,,"Linton Grove, West Norwood, London, SE27 0DZ"
971,37,Barley Lane Primary School,Redbridge,102840,3 to 11,106,861.0,25.0,Does not apply,False,650,41.38,20.807153214113097,False,43.02791262135922,68.0,8.0,106.0,106.0,109.0,107.0,RM6 4RJ,,,,,,,,,,,,,,,,,,,,,,,,"Huxley Drive, Chadwell Heath, Romford, RM6 4RJ"
972,24,Hook Lane Primary School,Bexley,147240,3 to 11,60,452.0,25.0,Does not apply,False,651,20.2,22.37623762376238,False,42.97330097087379,73.0,7.0,106.0,107.0,107.0,106.66666666666667,DA16 2ET,,,,,,,,,,,,,,,,,,,,,,,,"Faraday Road, Welling, DA16 2ET"
973,28,Wood Field Primary School,Sutton,149360,4 to 11,128,680.0,17.0,None,False,652,42.96,15.828677839851023,False,42.967233009708735,62.0,5.0,107.0,108.0,108.0,107.66666666666667,SM5 3HW,,,,,,,,,,,,,,,,,,,,,,,,"Stanley Park Road, Carshalton, SM5 3HW"
974,30,Heathbrook Primary School,Lambeth,100566,3 to 11,58,393.0,57.0,Does not apply,False,653,22.1,17.78280542986425,False,42.82160194174757,76.0,9.0,108.0,106.0,103.0,105.66666666666667,SW8 3EH,,,,,,,,,,,,,,,,,,,,,,,,"St Rule Street, London, SW8 3EH"
975,31,Harris Primary Academy Coleraine Park,Haringey,138446,3 to 11,61,435.0,41.0,None,False,654,26.0,16.73076923076923,False,42.730582524271846,74.0,13.0,107.0,105.0,105.0,105.66666666666667,N17 9XT,,,,,,,,,,,,,,,,,,,,,,,,"Glendish Road, Tottenham, London, N17 9XT"
976,25,St Augustine of Canterbury CofE Primary School,Bexley,139213,4 to 11,27,195.0,37.0,Church of England,True,,9.0,21.666666666666668,False,42.62742718446602,74.0,15.0,106.0,106.0,104.0,105.33333333333333,DA17 5HP,,,,,,,,,,,,,,,,,,,,,,,,"St Augustine's Road, Belvedere, DA17 5HP"
977,31,Galliard Primary School,Enfield,146862,2 to 11,77,706.0,57.0,Does not apply,False,655,30.9,22.84789644012945,False,42.560679611650485,73.0,12.0,106.0,105.0,107.0,106.0,N9 7PE,,,,,,,,,,,,,,,,,,,,,,,,"Galliard Road, Edmonton, London, N9 7PE"
978,59,Colindale Primary School,Barnet,101269,2 to 11,87,723.0,29.0,Does not apply,False,656,31.94,22.636192861615527,False,42.487864077669904,60.0,11.0,107.0,106.0,108.0,107.0,NW9 6DT,,,,,,,,,,,,,,,,,,,,,,,,"Clovelly Avenue, Colindale, London, NW9 6DT"
979,21,Rotherfield Primary School,Islington,131740,3 to 11,42,302.0,60.0,Does not apply,False,657,15.6,19.358974358974358,False,42.44538834951456,74.0,10.0,107.0,106.0,105.0,106.0,N1 3EE,,,,,,,,,,,,,,,,,,,,,,,,"Rotherfield Street, Islington, London, N1 3EE"
980,33,Millfields Community School,Hackney,100231,3 to 11,78,635.0,35.0,Does not apply,False,658,31.6,20.094936708860757,False,42.366504854368934,69.0,13.0,108.0,105.0,105.0,106.0,E5 0SH,,,,,,,,,,,,,,,,,,,,,,,,"Hilsea Street, Hackney, London, E5 0SH"
981,26,Belvedere Junior School,Bexley,139115,7 to 11,76,337.0,38.0,Does not apply,False,659,13.1,25.72519083969466,False,42.33009708737864,71.0,5.0,106.0,107.0,108.0,107.0,DA17 6AA,,,,,,,,,,,,,,,,,,,,,,,,"Mitchell Close, Belvedere, DA17 6AA"
982,24,St John's CofE School,Harrow,134929,3 to 11,42,280.0,40.0,Church of England,True,,14.8,18.91891891891892,False,42.251213592233015,74.0,2.0,107.0,106.0,108.0,107.0,HA7 3FD,,,,,,,,,,,,,,,,,,,,,,,,"127 Stanmore Hill, Stanmore, HA7 3FD"
983,34,Springfield Community Primary School,Hackney,121792,3 to 11,21,213.0,38.0,Does not apply,False,660,10.39,20.5004812319538,False,42.245145631067956,71.0,19.0,105.0,106.0,105.0,105.33333333333333,N16 6DH,,,,,,,,,,,,,,,,,,,,,,,,"Castlewood Road, Hackney, London, N16 6DH"
984,40,Castle Hill Academy,Croydon,145131,3 to 11,38,275.0,68.0,None,False,661,17.0,16.176470588235293,False,42.23300970873786,58.0,11.0,108.0,104.0,109.0,107.0,CR0 0RJ,,,,,,,,,,,,,,,,,,,,,,,,"Dunley Drive, New Addington, Croydon, CR0 0RJ"
985,44,Christ Church Church of England Primary School,Greenwich,100165,4 to 11,17,154.0,65.0,Church of England,True,,15.4,10.0,True,42.16019417475728,65.0,6.0,107.0,106.0,109.0,107.33333333333333,SE10 0DZ,,,,,,,,,,,,,,,,,,,,,,,,"45 Commerell Street, Greenwich, London, SE10 0DZ"
986,40,Kobi Nazrul Primary School,Tower Hamlets,100940,3 to 11,30,239.0,53.0,Does not apply,False,662,9.8,24.387755102040813,False,42.008495145631066,70.0,3.0,105.0,107.0,110.0,107.33333333333333,E1 1JP,,,,,,,,,,,,,,,,,,,,,,,,"Settles Street, Whitechapel, Kobi Nazrul Primary School, London, E1 1JP"
987,46,Portway Primary School,Newham,142632,1 to 11,63,547.0,56.0,Does not apply,False,663,27.37,19.985385458531237,False,41.97815533980583,76.0,17.0,106.0,104.0,105.0,105.0,E13 0JW,,,,,,,,,,,,,,,,,,,,,,,,"Stratford Road, Plaistow, London, E13 0JW"
988,41,The Minster Junior School,Croydon,149113,7 to 11,83,339.0,42.0,Church of England,True,,14.02,24.179743223965765,False,41.94174757281554,70.0,10.0,107.0,106.0,106.0,106.33333333333333,CR0 4BH,,,,,,,,,,,,,,,,,,,,,,,,"Warrington Road, Croydon, CR0 4BH"
989,25,Marlborough Primary School,Harrow,102186,3 to 11,81,648.0,19.0,Does not apply,False,664,26.92,24.071322436849925,False,41.94174757281554,68.0,9.0,105.0,108.0,107.0,106.66666666666667,HA1 1UJ,,,,,,,,,,,,,,,,,,,,,,,,"Marlborough Hill, Harrow, HA1 1UJ"
990,38,Cranbrook Primary School,Redbridge,131625,3 to 11,106,858.0,24.0,Does not apply,False,665,37.2,23.064516129032256,False,41.93567961165049,70.0,5.0,107.0,106.0,108.0,107.0,IG1 3PS,,,,,,,,,,,,,,,,,,,,,,,,"The Drive, Ilford, IG1 3PS"
991,18,Ashburnham Community School,Kensington and Chelsea,100477,3 to 11,28,152.0,68.0,Does not apply,False,666,12.6,12.063492063492063,True,41.92961165048544,64.0,14.0,106.0,106.0,107.0,106.33333333333333,SW10 0DT,,,,,,,,,,,,,,,,,,,,,,,,"17 Blantyre Street, London, SW10 0DT"
992,20,Henry Green Primary School,Barking and Dagenham,101229,3 to 11,60,467.0,43.0,Does not apply,False,667,21.0,22.238095238095237,False,41.692961165048544,77.0,7.0,108.0,105.0,105.0,106.0,RM8 1UR,,,,,,,,,,,,,,,,,,,,,,,,"Green Lane, Dagenham, RM8 1UR"
993,36,The Woodside Primary Academy,Waltham Forest,139016,2 to 11,139,1285.0,47.0,Does not apply,False,668,53.46,24.036662925551813,False,41.6747572815534,69.0,11.0,106.0,106.0,107.0,106.33333333333333,E17 3JX,,,,,,,,,,,,,,,,,,,,,,,,"Wood Street, London, E17 3JX"
994,26,Lady Bankes Primary School,Hillingdon,102388,3 to 11,88,642.0,19.0,Does not apply,False,669,25.8,24.883720930232556,False,41.51092233009709,75.0,7.0,106.0,106.0,107.0,106.33333333333333,HA4 9SF,,,,,,,,,,,,,,,,,,,,,,,,"Dawlish Drive, Ruislip Manor, Ruislip, HA4 9SF"
995,23,All Souls CofE Primary School,Westminster,101121,3 to 11,23,179.0,39.0,Church of England,True,,11.3,15.84070796460177,False,41.4866504854369,70.0,4.0,108.0,106.0,107.0,107.0,W1W 7JJ,,,,,,,,,,,,,,,,,,,,,,,,"Foley Street, London, W1W 7JJ"
996,27,The Priory CofE School,Merton,102672,3 to 11,23,179.0,43.0,Church of England,True,,10.6,16.88679245283019,False,41.4866504854369,70.0,4.0,108.0,106.0,107.0,107.0,SW19 8LX,,,,,,,,,,,,,,,,,,,,,,,,"Queens Road, Wimbledon, London, SW19 8LX"
997,26,Heathland School,Harrow,141054,3 to 11,90,637.0,24.0,Does not apply,False,670,24.8,25.68548387096774,False,41.46844660194175,63.0,6.0,107.0,107.0,108.0,107.33333333333333,HA2 9AG,,,,,,,,,,,,,,,,,,,,,,,,"Eastcote Lane, South Harrow, Harrow, HA2 9AG"
998,37,Parkside Primary School,Waltham Forest,103081,3 to 11,83,666.0,29.0,Does not apply,False,671,27.15,24.530386740331494,False,41.37742718446602,72.0,8.0,107.0,106.0,106.0,106.33333333333333,E4 6RE,,,,,,,,,,,,,,,,,,,,,,,,"21 Wellington Avenue, Chingford, E4 6RE"
999,19,Our Lady of Victories RC Primary School,Kensington and Chelsea,100504,4 to 11,22,169.0,14.0,Roman Catholic,True,,8.0,21.125,False,41.34101941747573,77.0,5.0,105.0,107.0,107.0,106.33333333333333,SW7 5AQ,,,,,,,,,,,,,,,,,,,,,,,,"Clareville Street, Kensington and Chelsea, Our Lady of Victories Primary School, London, SW7 5AQ"
1000,45,Bannockburn Primary School,Greenwich,150068,3 to 11,101,880.0,30.0,Does not apply,False,672,38.75,22.70967741935484,False,41.26820388349515,73.0,10.0,107.0,105.0,106.0,106.0,SE18 1HE,,,,,,,,,,,,,,,,,,,,,,,,"Plumstead High Street, London, SE18 1HE"
1001,28,Garfield Primary School,Merton,102629,3 to 11,23,300.0,48.0,Does not apply,False,673,16.8,17.857142857142858,False,41.189320388349515,74.0,26.0,106.0,103.0,104.0,104.33333333333333,SW19 8SB,,,,,,,,,,,,,,,,,,,,,,,,"Garfield Road, Wimbledon, SW19 8SB"
1002,33,Brunswick Park Primary School,Southwark,131843,3 to 11,56,430.0,66.0,Does not apply,False,674,18.72,22.970085470085472,False,41.15898058252427,82.0,9.0,106.0,103.0,107.0,105.33333333333333,SE5 7QH,,,,,,,,,,,,,,,,,,,,,,,,"Picton Street, Camberwell, London, SE5 7QH"
1003,27,Frithwood Primary School,Hillingdon,102414,3 to 11,58,391.0,9.0,Does not apply,False,675,17.51,22.33009708737864,False,41.12257281553398,72.0,10.0,107.0,106.0,105.0,106.0,HA6 3NJ,,,,,,,,,,,,,,,,,,,,,,,,"Carew Road, Northwood, HA6 3NJ"
1004,36,Kew Riverside Primary School,Richmond upon Thames,133343,4 to 11,15,92.0,53.0,Does not apply,False,676,8.4,10.952380952380953,True,41.00728155339806,73.0,13.0,105.0,105.0,107.0,105.66666666666667,TW9 4ES,,,,,,,,,,,,,,,,,,,,,,,,"37 Courtlands Avenue, Richmond, TW9 4ES"
1005,24,St Mary Magdalene & St Stephen's CofE Primary School,Westminster,101135,3 to 11,23,186.0,65.0,Church of England,True,,10.0,18.6,False,40.98907766990291,70.0,0.0,106.0,107.0,109.0,107.33333333333333,W2 5TF,,,,,,,,,,,,,,,,,,,,,,,,"Rowington Close, Warwick Estate, Paddington, London, W2 5TF"
1006,34,Friars Primary Foundation School,Southwark,100855,3 to 11,22,183.0,59.0,None,False,677,9.4,19.46808510638298,False,40.98300970873787,68.0,5.0,108.0,104.0,109.0,107.0,SE1 0RF,,,,,,,,,,,,,,,,,,,,,,,,"Webber Street, Blackfriars, London, SE1 0RF"
1007,27,Longlands Primary School,Bexley,101429,5 to 11,47,303.0,9.0,Does not apply,False,678,13.65,22.197802197802197,False,40.97087378640777,74.0,9.0,107.0,105.0,106.0,106.0,DA15 7JG,,,,,,,,,,,,,,,,,,,,,,,,"Woodside Road, Sidcup, DA15 7JG"
1008,28,Hillingdon Primary School,Hillingdon,141055,3 to 11,86,685.0,28.0,Does not apply,False,679,32.68,20.960832313341495,False,40.92839805825243,72.0,2.0,107.0,106.0,108.0,107.0,UB10 0PH,,,,,,,,,,,,,,,,,,,,,,,,"Uxbridge Road, Hillingdon, Uxbridge, UB10 0PH"
1009,42,Oasis Academy Ryelands,Croydon,140674,3 to 11,56,442.0,55.0,Does not apply,False,680,17.8,24.831460674157302,False,40.922330097087375,73.0,9.0,107.0,106.0,105.0,106.0,SE25 4XG,,,,,,,,,,,,,,,,,,,,,,,,"Oakley Road, South Norwood, London, SE25 4XG"
1010,39,Mayespark Primary School,Redbridge,131304,3 to 11,80,617.0,34.0,Does not apply,False,681,30.6,20.163398692810457,False,40.898058252427184,65.0,10.0,106.0,106.0,108.0,106.66666666666667,IG3 9PX,,,,,,,,,,,,,,,,,,,,,,,,"Goodmayes Lane, Goodmayes, Ilford, IG3 9PX"
1011,29,St John Fisher RC Primary School,Merton,102671,3 to 11,58,420.0,17.0,Roman Catholic,True,,19.02,22.082018927444796,False,40.855582524271846,66.0,9.0,107.0,106.0,107.0,106.66666666666667,SW20 9NA,,,,,,,,,,,,,,,,,,,,,,,,"Grand Drive, London, SW20 9NA"
1012,41,Poverest Primary School,Bromley,101641,4 to 11,61,435.0,36.0,Does not apply,False,682,21.18,20.53824362606232,False,40.65533980582524,66.0,18.0,106.0,105.0,106.0,105.66666666666667,BR5 2JD,,,,,,,,,,,,,,,,,,,,,,,,"Tillingbourne Green, St Mary Cray, Orpington, BR5 2JD"
1013,21,Oasis Academy Pinewood,Havering,140022,3 to 11,47,369.0,43.0,Does not apply,False,683,16.29,22.65193370165746,False,40.65533980582524,68.0,15.0,107.0,105.0,105.0,105.66666666666667,RM5 2TX,,,,,,,,,,,,,,,,,,,,,,,,"Thistledene Avenue, Collier Row, Romford, RM5 2TX"
1014,27,Melcombe Primary School,Hammersmith and Fulham,100334,4 to 11,24,136.0,58.0,Does not apply,False,684,8.2,16.585365853658537,False,40.6007281553398,67.0,17.0,105.0,106.0,106.0,105.66666666666667,W6 9ER,,,,,,,,,,,,,,,,,,,,,,,,"Fulham Palace Road, London, W6 9ER"
1015,41,Woolmore Primary School,Tower Hamlets,100928,3 to 11,86,654.0,62.0,Does not apply,False,685,38.13,17.151848937844218,False,40.52791262135923,71.0,13.0,106.0,106.0,105.0,105.66666666666667,E14 0EW,,,,,,,,,,,,,,,,,,,,,,,,"Woolmore Street, Poplar, London, E14 0EW"
1016,35,Ilderton Primary School,Southwark,100795,3 to 11,33,175.0,52.0,Does not apply,False,686,10.0,17.5,False,40.31553398058252,73.0,12.0,106.0,105.0,106.0,105.66666666666667,SE16 3LA,,,,,,,,,,,,,,,,,,,,,,,,"Varcoe Road, London, SE16 3LA"
1017,28,Brampton Primary Academy,Bexley,141047,3 to 11,58,387.0,17.0,Does not apply,False,687,15.4,25.12987012987013,False,40.31553398058252,72.0,10.0,106.0,106.0,106.0,106.0,DA7 4SL,,,,,,,,,,,,,,,,,,,,,,,,"Brampton Road, Bexleyheath, DA7 4SL"
1018,30,Malmesbury Primary School,Merton,132169,3 to 11,53,381.0,55.0,Does not apply,False,688,20.75,18.36144578313253,False,40.29126213592233,70.0,11.0,107.0,105.0,106.0,106.0,SM4 6HG,,,,,,,,,,,,,,,,,,,,,,,,"Malmesbury Road, Morden, SM4 6HG"
1019,31,Glenbrook Primary School,Lambeth,100601,3 to 11,21,125.0,81.0,Does not apply,False,689,7.51,16.644474034620508,False,40.27912621359223,71.0,10.0,106.0,107.0,105.0,106.0,SW4 8LD,,,,,,,,,,,,,,,,,,,,,,,,"Clarence Crescent, Clapham Park, London, SW4 8LD"
1020,28,Norwood Green Junior School,Hounslow,139869,7 to 11,82,328.0,34.0,Does not apply,False,690,18.77,17.474693660095898,False,40.24878640776699,63.0,16.0,106.0,105.0,107.0,106.0,UB2 5RN,,,,,,,,,,,,,,,,,,,,,,,,"Thorncliffe Road, Southall, UB2 5RN"
1021,43,St Joseph's RC Junior School,Croydon,101795,7 to 11,42,194.0,33.0,Roman Catholic,True,,14.6,13.287671232876713,True,40.08495145631068,67.0,21.0,105.0,105.0,106.0,105.33333333333333,SE19 3NU,,,,,,,,,,,,,,,,,,,,,,,,"Woodend, Select, SE19 3NU"
1022,29,The Smallberry Green Primary School,Hounslow,102515,3 to 11,55,426.0,38.0,Does not apply,False,691,23.4,18.205128205128208,False,40.00606796116505,78.0,2.0,107.0,104.0,108.0,106.33333333333333,TW7 5BF,,,,,,,,,,,,,,,,,,,,,,,,"Turnpike Way, Isleworth, TW7 5BF"
1023,44,Ecclesbourne Primary School,Croydon,136566,3 to 11,55,443.0,47.0,Does not apply,False,692,20.9,21.19617224880383,False,39.969660194174764,75.0,0.0,107.0,107.0,106.0,106.66666666666667,CR7 7FA,,,,,,,,,,,,,,,,,,,,,,,,"Attlee Close, Thornton Heath, CR7 7FA"
1024,32,Hillbrook School,Wandsworth,101057,3 to 11,96,623.0,41.0,None,False,693,40.41,15.416975996040586,False,39.939320388349515,70.0,5.0,107.0,107.0,106.0,106.66666666666667,SW17 8SG,,,,,,,,,,,,,,,,,,,,,,,,"Hillbrook Road, Tooting, London, SW17 8SG"
1025,42,James Dixon Primary School,Bromley,143774,3 to 11,49,434.0,35.0,Does not apply,False,694,20.43,21.243269701419482,False,39.88470873786408,67.0,12.0,107.0,106.0,105.0,106.0,SE20 8BW,,,,,,,,,,,,,,,,,,,,,,,,"William Booth Road, Anerley, London, SE20 8BW"
1026,38,Grange Primary School,Ealing,131144,3 to 11,68,657.0,34.0,Does not apply,False,695,27.6,23.804347826086957,False,39.80582524271845,68.0,4.0,107.0,106.0,108.0,107.0,W5 4HN,,,,,,,,,,,,,,,,,,,,,,,,"Church Gardens, Ealing, London, W5 4HN"
1027,42,Marner Primary School,Tower Hamlets,100912,3 to 11,89,651.0,63.0,Does not apply,False,696,32.0,20.34375,False,39.793689320388346,69.0,9.0,106.0,106.0,107.0,106.33333333333333,E3 3LL,,,,,,,,,,,,,,,,,,,,,,,,"Devas Street, Bow, London, E3 3LL"
1028,32,Hill Mead Primary School,Lambeth,131340,3 to 11,32,245.0,75.0,Does not apply,False,697,20.6,11.893203883495145,True,39.7876213592233,69.0,6.0,108.0,105.0,107.0,106.66666666666667,SW9 8UE,,,,,,,,,,,,,,,,,,,,,,,,"Moorland Road, London, SW9 8UE"
1029,31,Morden Primary School,Merton,102640,3 to 11,26,229.0,50.0,Does not apply,False,698,9.8,23.36734693877551,False,39.74514563106796,65.0,8.0,108.0,105.0,107.0,106.66666666666667,SM4 5PX,,,,,,,,,,,,,,,,,,,,,,,,"London Road, Morden, SM4 5PX"
1030,47,Brampton Primary School,Newham,102711,3 to 11,120,908.0,44.0,Does not apply,False,699,40.6,22.364532019704434,False,39.62985436893204,63.0,15.0,105.0,106.0,107.0,106.0,E6 3LB,,,,,,,,,,,,,,,,,,,,,,,,"Brampton Road, East Ham, London, E6 3LB"
1031,32,Welbourne Primary School,Haringey,102124,2 to 11,48,429.0,48.0,Does not apply,False,700,19.0,22.57894736842105,False,39.557038834951456,63.0,15.0,106.0,105.0,107.0,106.0,N15 4EA,,,,,,,,,,,,,,,,,,,,,,,,"Stainby Road, Tottenham, Stainby Road, London, N15 4EA"
1032,21,George Carey Church of England Primary School,Barking and Dagenham,136431,3 to 11,86,642.0,34.0,Church of England,True,,32.6,19.69325153374233,False,39.484223300970875,70.0,2.0,106.0,107.0,108.0,107.0,IG11 0FJ,,,,,,,,,,,,,,,,,,,,,,,,"The Rivergate Centre, Minter Road, Barking, IG11 0FJ"
1033,32,Southbury Primary School,Enfield,102014,2 to 11,54,381.0,50.0,Does not apply,False,701,18.68,20.396145610278374,False,39.435679611650485,76.0,4.0,106.0,105.0,108.0,106.33333333333333,EN3 4JG,,,,,,,,,,,,,,,,,,,,,,,,"Swansea Road, Enfield, EN3 4JG"
1034,35,St John of Jerusalem Church of England Primary School,Hackney,100270,3 to 11,31,152.0,68.0,Church of England,True,,8.0,19.0,False,39.13228155339806,77.0,10.0,104.0,106.0,106.0,105.33333333333333,E9 7JF,,,,,,,,,,,,,,,,,,,,,,,,"Kingshold Road, St. John of Jerusalem C of E Primary School, London, E9 7JF"
1035,29,Bandon Hill Primary School,Sutton,148776,3 to 11,60,442.0,18.0,Does not apply,False,702,21.41,20.644558617468473,False,39.10800970873786,65.0,10.0,107.0,106.0,106.0,106.33333333333333,SM6 9QU,,,,,,,,,,,,,,,,,,,,,,,,"Sandy Lane South, Wallington, SM6 9QU"
1036,22,Ripple Primary School,Barking and Dagenham,101198,3 to 11,107,916.0,40.0,Does not apply,False,703,56.8,16.126760563380284,False,39.023058252427184,73.0,5.0,106.0,107.0,106.0,106.33333333333333,IG11 7QS,,,,,,,,,,,,,,,,,,,,,,,,"Suffolk Road, Barking, IG11 7QS"
1037,22,Vittoria Primary School,Islington,100426,3 to 11,34,219.0,62.0,Does not apply,False,704,15.0,14.6,True,39.004854368932044,68.0,0.0,108.0,108.0,105.0,107.0,N1 0WF,,,,,,,,,,,,,,,,,,,,,,,,"Treaty Street, London, N1 0WF"
1038,38,Handsworth Primary School,Waltham Forest,103059,4 to 11,57,449.0,21.0,Does not apply,False,705,19.38,23.168214654282767,False,38.980582524271846,65.0,16.0,106.0,105.0,106.0,105.66666666666667,E4 9PJ,,,,,,,,,,,,,,,,,,,,,,,,"Handsworth Avenue, Highams Park, London, E4 9PJ"
1039,24,Gladstone Park Primary School,Brent,140833,3 to 11,80,661.0,40.0,Does not apply,False,706,33.12,19.957729468599034,False,38.94417475728155,76.0,6.0,106.0,106.0,106.0,106.0,NW10 1LB,,,,,,,,,,,,,,,,,,,,,,,,"Sherrick Green Road, Dollis Hill, London, NW10 1LB"
1040,33,Belmont Junior School,Haringey,102078,7 to 11,55,219.0,29.0,Does not apply,False,707,10.9,20.091743119266056,False,38.90776699029126,65.0,15.0,107.0,104.0,106.0,105.66666666666667,N22 6RA,,,,,,,,,,,,,,,,,,,,,,,,"Rusper Road, London, N22 6RA"
1041,25,Braintcroft E-ACT Primary Academy,Brent,145718,3 to 11,84,663.0,54.0,Does not apply,False,708,30.25,21.917355371900825,False,38.810679611650485,76.0,2.0,104.0,107.0,108.0,106.33333333333333,NW2 7LL,,,,,,,,,,,,,,,,,,,,,,,,"Warren Road, London, NW2 7LL"
1042,34,St Joseph's Catholic Primary School,Lewisham,100729,4 to 11,26,140.0,46.0,Roman Catholic,True,,8.6,16.27906976744186,False,38.7742718446602,73.0,0.0,107.0,107.0,106.0,106.66666666666667,SE8 3PH,,,,,,,,,,,,,,,,,,,,,,,,"Crossfield Street, Deptford, London, SE8 3PH"
1043,48,Godwin Junior School,Newham,102721,7 to 11,85,347.0,34.0,Does not apply,False,709,19.2,18.072916666666668,False,38.756067961165044,62.0,18.0,106.0,105.0,106.0,105.66666666666667,E7 0JW,,,,,,,,,,,,,,,,,,,,,,,,"Cranmer Road, Forest Gate, London, E7 0JW"
1044,30,St Paul's CofE Primary School,Hounslow,102524,3 to 11,32,244.0,53.0,Church of England,True,,12.1,20.16528925619835,False,38.743932038834956,69.0,13.0,106.0,105.0,106.0,105.66666666666667,TW8 0PN,,,,,,,,,,,,,,,,,,,,,,,,"St Paul's Road, Brentford, TW8 0PN"
1045,35,St Augustine's Catholic Primary School and Nursery,Lewisham,100725,3 to 11,27,225.0,26.0,Roman Catholic,True,,10.56,21.30681818181818,False,38.68325242718447,74.0,7.0,106.0,106.0,106.0,106.0,SE6 3RD,,,,,,,,,,,,,,,,,,,,,,,,"Dunfield Road, London, SE6 3RD"
1046,43,Harris Primary Academy Crystal Palace,Bromley,139966,3 to 11,46,378.0,50.0,Does not apply,False,710,19.0,19.894736842105264,False,38.67111650485437,74.0,9.0,106.0,106.0,105.0,105.66666666666667,SE20 8RH,,,,,,,,,,,,,,,,,,,,,,,,"Malcolm Road, Penge, London, SE20 8RH"
1047,20,St Cuthbert with St Matthias CofE Primary School,Kensington and Chelsea,100498,2 to 11,19,103.0,53.0,Church of England,True,,6.2,16.612903225806452,False,38.646844660194176,68.0,16.0,104.0,106.0,106.0,105.33333333333333,SW5 9UE,,,,,,,,,,,,,,,,,,,,,,,,"Warwick Road, Earls Court, London, SW5 9UE"
1048,32,Haslemere Primary School,Merton,102643,2 to 11,48,337.0,50.0,Does not apply,False,711,17.1,19.707602339181285,False,38.476941747572816,56.0,8.0,107.0,106.0,108.0,107.0,CR4 3PQ,,,,,,,,,,,,,,,,,,,,,,,,"Foxton Grove, Mitcham, CR4 3PQ"
1049,49,Gainsborough Primary School,Newham,143276,3 to 11,27,202.0,41.0,Does not apply,False,712,9.0,22.444444444444443,False,38.37985436893204,67.0,11.0,107.0,105.0,106.0,106.0,E15 3AF,,,,,,,,,,,,,,,,,,,,,,,,"10-14 Gainsborough Road, Stratford, London, E15 3AF"
1050,26,St Mary's CofE Primary School,Brent,101537,3 to 11,26,187.0,42.0,Church of England,True,,9.6,19.479166666666668,False,38.349514563106794,62.0,19.0,107.0,103.0,106.0,105.33333333333333,NW10 9JA,,,,,,,,,,,,,,,,,,,,,,,,"Garnet Road, Willesden, London, NW10 9JA"
1051,60,Osidge Primary School,Barnet,151014,4 to 11,59,384.0,36.0,None,False,713,19.71,19.48249619482496,False,38.31917475728155,58.0,10.0,107.0,105.0,108.0,106.66666666666667,N14 5HD,,,,,,,,,,,,,,,,,,,,,,,,"Chase Side, Southgate, London, N14 5HD"
1052,46,Bishop John Robinson Church of England Primary School,Greenwich,100181,3 to 11,24,227.0,25.0,Church of England,True,,13.0,17.46153846153846,False,38.282766990291265,67.0,13.0,106.0,103.0,108.0,105.66666666666667,SE28 8LW,,,,,,,,,,,,,,,,,,,,,,,,"Hoveton Road, Thamesmead, London, SE28 8LW"
1053,39,St Mark's Primary School,Ealing,101874,3 to 11,76,469.0,36.0,Does not apply,False,714,22.08,21.240942028985508,False,38.228155339805824,67.0,8.0,107.0,106.0,106.0,106.33333333333333,W7 2NR,,,,,,,,,,,,,,,,,,,,,,,,"Lower Boston Road, Hanwell, London, W7 2NR"
1054,44,Darrick Wood Junior School,Bromley,142697,7 to 11,95,377.0,8.0,Does not apply,False,715,15.4,24.48051948051948,False,38.15533980582524,65.0,12.0,106.0,106.0,106.0,106.0,BR6 8ER,,,,,,,,,,,,,,,,,,,,,,,,"Lovibonds Avenue, Orpington, BR6 8ER"
1055,33,Christ Church Primary SW9,Lambeth,100610,3 to 11,26,153.0,65.0,Church of England,True,,10.06,15.208747514910536,False,38.14927184466019,73.0,0.0,107.0,105.0,108.0,106.66666666666667,SW9 6HN,,,,,,,,,,,,,,,,,,,,,,,,"Cancell Road, North Brixton, London, SW9 6HN"
1056,28,Gospel Oak Primary School,Camden,100025,3 to 11,57,424.0,54.0,Does not apply,False,716,22.5,18.844444444444445,False,38.04004854368932,68.0,5.0,107.0,105.0,108.0,106.66666666666667,NW3 2JB,,,,,,,,,,,,,,,,,,,,,,,,"Mansfield Road, London, NW3 2JB"
1057,61,Edgware Primary School,Barnet,101277,3 to 11,60,448.0,53.0,Does not apply,False,717,18.91,23.6911686938128,False,37.99150485436893,69.0,7.0,107.0,105.0,107.0,106.33333333333333,HA8 9AB,,,,,,,,,,,,,,,,,,,,,,,,"Heming Road, Edgware, HA8 9AB"
1058,40,Coston Primary School,Ealing,101879,3 to 11,60,454.0,35.0,Does not apply,False,718,25.31,17.937574081390757,False,37.98543689320388,58.0,7.0,107.0,106.0,108.0,107.0,UB6 9JU,,,,,,,,,,,,,,,,,,,,,,,,"Oldfield Lane South, Greenford, UB6 9JU"
1059,36,Mandeville Primary School,Hackney,100261,2 to 11,37,275.0,81.0,Does not apply,False,719,16.54,16.626360338573157,False,37.97330097087379,78.0,11.0,107.0,103.0,104.0,104.66666666666667,E5 0BT,,,,,,,,,,,,,,,,,,,,,,,,"Oswald Street, Hackney, London, E5 0BT"
1060,27,Newfield Primary School,Brent,101522,3 to 11,31,246.0,55.0,Does not apply,False,720,13.0,18.923076923076923,False,37.96116504854369,74.0,3.0,106.0,107.0,106.0,106.33333333333333,NW10 3UD,,,,,,,,,,,,,,,,,,,,,,,,"Longstone Avenue, Willesden, London, NW10 3UD"
1061,33,St Faith's CofE Primary School,Wandsworth,101043,3 to 11,19,172.0,42.0,Church of England,True,,8.2,20.975609756097562,False,37.93082524271845,74.0,11.0,106.0,105.0,105.0,105.33333333333333,SW18 1AE,,,,,,,,,,,,,,,,,,,,,,,,"Alma Road, East Hill, London, SW18 1AE"
1062,28,Elsley Primary School,Brent,101519,3 to 11,103,808.0,20.0,Does not apply,False,721,41.6,19.423076923076923,False,37.90655339805825,68.0,5.0,105.0,107.0,108.0,106.66666666666667,HA9 6HT,,,,,,,,,,,,,,,,,,,,,,,,"Tokyngton Avenue, Wembley, HA9 6HT"
1063,21,St Clement and St James CofE Primary School,Kensington and Chelsea,100495,4 to 11,21,126.0,62.0,Church of England,True,,10.0,12.6,True,37.88228155339806,71.0,5.0,107.0,106.0,106.0,106.33333333333333,W11 4PG,,,,,,,,,,,,,,,,,,,,,,,,"Penzance Place, London, W11 4PG"
1064,43,Chisenhale Primary School,Tower Hamlets,100896,3 to 11,41,321.0,59.0,Does not apply,False,722,19.6,16.377551020408163,False,37.81553398058253,61.0,10.0,107.0,107.0,105.0,106.33333333333333,E3 5QY,,,,,,,,,,,,,,,,,,,,,,,,"Chisenhale Road, Bow, Chisenhale Rd, London, E3 5QY"
1065,31,Oriel Academy West London,Hounslow,140158,3 to 11,55,369.0,40.0,Does not apply,False,723,18.2,20.274725274725274,False,37.773058252427184,71.0,15.0,104.0,106.0,105.0,105.0,TW13 6QQ,,,,,,,,,,,,,,,,,,,,,,,,"Hounslow Road, Hanworth, Feltham, TW13 6QQ"
1066,29,Harlyn Primary School,Hillingdon,102383,3 to 11,55,401.0,24.0,Does not apply,False,724,21.27,18.852844381758345,False,37.74271844660194,60.0,9.0,106.0,106.0,108.0,106.66666666666667,HA5 2DR,,,,,,,,,,,,,,,,,,,,,,,,"Tolcarne Drive, Pinner, Middlesex, HA5 2DR"
1067,21,Green Lane Primary and Nursery School,Kingston upon Thames,146127,3 to 11,48,408.0,27.0,Does not apply,False,725,18.7,21.81818181818182,False,37.675970873786405,63.0,4.0,108.0,106.0,107.0,107.0,KT4 8AS,,,,,,,,,,,,,,,,,,,,,,,,"Green Lane, Worcester Park, KT4 8AS"
1068,39,Downsell Primary School,Waltham Forest,103044,3 to 11,59,438.0,41.0,Does not apply,False,726,17.6,24.886363636363633,False,37.64563106796117,66.0,15.0,106.0,106.0,104.0,105.33333333333333,E15 2BS,,,,,,,,,,,,,,,,,,,,,,,,"Downsell Road, Leyton, London, E15 2BS"
1069,29,Oakington Manor Primary School,Brent,142718,3 to 11,88,662.0,34.0,None,False,727,37.8,17.513227513227516,False,37.633495145631066,63.0,5.0,106.0,106.0,109.0,107.0,HA9 6NF,,,,,,,,,,,,,,,,,,,,,,,,"Oakington Manor Drive, Wembley, HA9 6NF"
1070,47,De Lucy Primary School,Greenwich,100152,3 to 11,51,288.0,49.0,Does not apply,False,728,15.2,18.947368421052634,False,37.603155339805824,76.0,12.0,105.0,105.0,105.0,105.0,SE2 9PD,,,,,,,,,,,,,,,,,,,,,,,,"Cookhill Road, Abbey Wood, London, SE2 9PD"
1071,37,Shoreditch Park Primary School,Hackney,100245,3 to 11,54,438.0,69.0,Does not apply,False,729,26.4,16.590909090909093,False,37.57281553398058,63.0,19.0,106.0,104.0,106.0,105.33333333333333,N1 5JN,,,,,,,,,,,,,,,,,,,,,,,,"Bridport Place, London, N1 5JN"
1072,27,Norbury School,Harrow,102222,3 to 11,77,663.0,26.0,Does not apply,False,730,29.84,22.218498659517426,False,37.554611650485434,60.0,3.0,107.0,106.0,109.0,107.33333333333333,HA1 1QQ,,,,,,,,,,,,,,,,,,,,,,,,"Welldon Crescent, Harrow, HA1 1QQ"
1073,36,Crawford Primary School,Southwark,100785,3 to 11,54,323.0,48.0,Does not apply,False,731,15.4,20.974025974025974,False,37.5242718446602,67.0,13.0,105.0,106.0,106.0,105.66666666666667,SE5 9NF,,,,,,,,,,,,,,,,,,,,,,,,"Crawford Road, London, SE5 9NF"
1074,30,Kilburn Grange School,Brent,141751,4 to 11,40,205.0,53.0,None,False,732,12.5,16.4,False,37.33616504854369,65.0,13.0,107.0,105.0,105.0,105.66666666666667,NW6 7UJ,,,,,,,,,,,,,,,,,,,,,,,,"Priory Park Road, Kilburn, Brent, London, NW6 7UJ"
1075,45,Hawes Down Primary School,Bromley,141784,4 to 11,67,443.0,13.0,Does not apply,False,733,22.6,19.601769911504423,False,37.324029126213595,66.0,7.0,108.0,106.0,105.0,106.33333333333333,BR4 0BA,,,,,,,,,,,,,,,,,,,,,,,,"The Mead, West Wickham, BR4 0BA"
1076,23,Hunters Hall Primary School,Barking and Dagenham,131844,3 to 11,74,602.0,27.0,Does not apply,False,734,28.52,21.107994389901823,False,37.226941747572816,72.0,11.0,107.0,104.0,105.0,105.33333333333333,RM10 8DE,,,,,,,,,,,,,,,,,,,,,,,,"Alibon Road, Hunters Hall Primary School, Dagenham, RM10 8DE"
1077,38,Woodberry Down Community Primary School,Hackney,100248,2 to 11,85,691.0,65.0,Does not apply,False,735,27.0,25.59259259259259,False,37.202669902912625,72.0,18.0,106.0,104.0,103.0,104.33333333333333,N4 1SY,,,,,,,,,,,,,,,,,,,,,,,,"Woodberry Grove, Finsbury Park, London, N4 1SY"
1078,40,Chase Lane Primary School,Waltham Forest,103032,3 to 11,86,676.0,23.0,Does not apply,False,736,28.6,23.636363636363637,False,37.17233009708738,69.0,9.0,106.0,105.0,107.0,106.0,E4 8LA,,,,,,,,,,,,,,,,,,,,,,,,"York Road, Chingford, London, E4 8LA"
1079,45,Tudor Academy,Croydon,140045,3 to 11,79,451.0,57.0,Does not apply,False,737,19.9,22.663316582914575,False,37.16019417475728,73.0,6.0,105.0,107.0,106.0,106.0,CR0 0PH,,,,,,,,,,,,,,,,,,,,,,,,"King Henry's Drive, New Addington, Croydon, CR0 0PH"
1080,33,Alma Primary School,Enfield,145984,2 to 11,49,448.0,55.0,Does not apply,False,738,25.8,17.364341085271317,False,37.16019417475728,73.0,6.0,105.0,107.0,106.0,106.0,EN3 4UQ,,,,,,,,,,,,,,,,,,,,,,,,"Alma Road, Ponders End, Enfield, EN3 4UQ"
1081,39,St John and St James CofE Primary School,Hackney,132137,3 to 11,29,223.0,66.0,Church of England,True,,13.12,16.996951219512198,False,37.15412621359223,69.0,14.0,105.0,104.0,107.0,105.33333333333333,E9 6DX,,,,,,,,,,,,,,,,,,,,,,,,"Isabella Road, Hackney, London, E9 6DX"
1082,37,Dulwich Wood Primary School,Southwark,100801,4 to 11,54,408.0,28.0,Does not apply,False,739,17.8,22.92134831460674,False,37.148058252427184,70.0,9.0,106.0,107.0,104.0,105.66666666666667,SE21 8NS,,,,,,,,,,,,,,,,,,,,,,,,"Bowen Drive, Kingswood Estate, West Dulwich, London, SE21 8NS"
1083,22,Clockhouse Primary School,Havering,102291,3 to 11,90,707.0,36.0,Does not apply,False,740,35.0,20.2,False,37.081310679611654,66.0,13.0,104.0,105.0,108.0,105.66666666666667,RM5 3QR,,,,,,,,,,,,,,,,,,,,,,,,"Clockhouse Lane, Collier Row, Romford, RM5 3QR"
1084,62,Wessex Gardens Primary School,Barnet,131617,2 to 11,30,239.0,47.0,Does not apply,False,741,13.6,17.573529411764707,False,37.0752427184466,63.0,7.0,105.0,107.0,108.0,106.66666666666667,NW11 9RR,,,,,,,,,,,,,,,,,,,,,,,,"Wessex Gardens, Golders Green, London, NW11 9RR"
1085,63,Underhill School,Barnet,101301,2 to 11,91,462.0,48.0,Does not apply,False,742,25.4,18.188976377952756,False,37.06310679611651,68.0,14.0,105.0,106.0,105.0,105.33333333333333,EN5 2LZ,,,,,,,,,,,,,,,,,,,,,,,,"Mays Lane, Barnet, EN5 2LZ"
1086,34,Sellincourt Primary School,Wandsworth,101019,3 to 11,46,391.0,39.0,Does not apply,False,743,21.0,18.61904761904762,False,36.984223300970875,72.0,7.0,106.0,105.0,107.0,106.0,SW17 9SA,,,,,,,,,,,,,,,,,,,,,,,,"Sellincourt Road, Tooting, London, SW17 9SA"
1087,34,Oakthorpe Primary School,Enfield,131407,4 to 11,77,454.0,29.0,Does not apply,False,744,25.5,17.80392156862745,False,36.984223300970875,61.0,6.0,105.0,106.0,110.0,107.0,N13 6BY,,,,,,,,,,,,,,,,,,,,,,,,"Tile Kiln Lane, London, N13 6BY"
1088,23,Towers Junior School,Havering,102313,7 to 11,80,352.0,18.0,Does not apply,False,745,15.6,22.564102564102566,False,36.978155339805824,66.0,18.0,106.0,105.0,104.0,105.0,RM11 1PD,,,,,,,,,,,,,,,,,,,,,,,,"Windsor Road, Hornchurch, RM11 1PD"
1089,40,Winston Way Academy,Redbridge,143617,3 to 11,55,613.0,35.0,Does not apply,False,746,28.6,21.433566433566433,False,36.96601941747573,75.0,11.0,105.0,106.0,104.0,105.0,IG1 2WS,,,,,,,,,,,,,,,,,,,,,,,,"Winston Way, Ilford, IG1 2WS"
1090,48,Invicta Primary School,Greenwich,100134,3 to 11,104,762.0,29.0,Does not apply,False,747,39.95,19.073842302878596,False,36.95995145631068,61.0,15.0,106.0,106.0,105.0,105.66666666666667,SE3 7HE,,,,,,,,,,,,,,,,,,,,,,,,"Invicta Road, Greenwich, London, SE3 7HE"
1091,24,The Mawney Foundation School,Havering,131426,3 to 11,84,658.0,37.0,None,False,748,29.73,22.132526067944838,False,36.8628640776699,67.0,10.0,105.0,106.0,107.0,106.0,RM7 7HR,,,,,,,,,,,,,,,,,,,,,,,,"Mawney Road, Romford, RM7 7HR"
1092,35,Beatrix Potter Primary School,Wandsworth,100997,3 to 11,31,348.0,35.0,Does not apply,False,749,16.7,20.838323353293415,False,36.70509708737864,71.0,6.0,108.0,105.0,105.0,106.0,SW18 3ER,,,,,,,,,,,,,,,,,,,,,,,,"Magdalen Road, Earlsfield, London, SW18 3ER"
1093,36,St Saviour's Catholic Primary School,Lewisham,100733,3 to 11,28,209.0,43.0,Roman Catholic,True,,10.0,20.9,False,36.6868932038835,57.0,7.0,106.0,105.0,110.0,107.0,SE13 6AL,,,,,,,,,,,,,,,,,,,,,,,,"10 Bonfield Road, Lewisham, London, SE13 6AL"
1094,36,Albemarle Primary School,Wandsworth,101032,3 to 11,45,366.0,40.0,None,False,750,21.6,16.944444444444443,False,36.547330097087375,49.0,7.0,108.0,106.0,107.0,107.0,SW19 6JP,,,,,,,,,,,,,,,,,,,,,,,,"Princes Way, London, SW19 6JP"
1095,34,Kingswood Primary School,Lambeth,100574,3 to 11,71,414.0,51.0,Does not apply,False,751,21.6,19.166666666666664,False,36.45631067961165,66.0,15.0,106.0,104.0,106.0,105.33333333333333,SE27 9RD,,,,,,,,,,,,,,,,,,,,,,,,"Gipsy Road, London, SE27 9RD"
1096,38,Crampton Primary,Southwark,100784,4 to 11,26,193.0,42.0,Does not apply,False,752,11.4,16.929824561403507,False,36.41990291262136,62.0,8.0,107.0,107.0,105.0,106.33333333333333,SE17 3LE,,,,,,,,,,,,,,,,,,,,,,,,"Iliffe Street, Walworth, London, SE17 3LE"
1097,46,Orion Blenheim,Bromley,145073,3 to 11,28,205.0,50.0,Does not apply,False,753,9.0,22.77777777777778,False,36.41990291262136,71.0,7.0,105.0,106.0,107.0,106.0,BR6 9BH,,,,,,,,,,,,,,,,,,,,,,,,"Blenheim Road, Orpington, BR6 9BH"
1098,39,Goodrich Community Primary School,Southwark,100790,3 to 11,54,466.0,26.0,Does not apply,False,754,28.59,16.299405386498776,False,36.407766990291265,59.0,7.0,109.0,105.0,106.0,106.66666666666667,SE22 0EP,,,,,,,,,,,,,,,,,,,,,,,,"Dunstans Road, East Dulwich, London, SE22 0EP"
1099,33,Abbotsbury Primary School,Merton,102649,3 to 11,55,381.0,49.0,Does not apply,False,755,19.26,19.781931464174452,False,36.359223300970875,58.0,5.0,106.0,108.0,107.0,107.0,SM4 5JS,,,,,,,,,,,,,,,,,,,,,,,,"Abbotsbury Road, Morden, SM4 5JS"
1100,29,Barrington Primary School,Bexley,143868,4 to 11,34,208.0,9.0,Does not apply,False,756,9.3,22.36559139784946,False,36.29247572815534,62.0,12.0,106.0,105.0,107.0,106.0,DA7 4UN,,,,,,,,,,,,,,,,,,,,,,,,"Barrington Road, Bexleyheath, DA7 4UN"
1101,41,North Primary School,Ealing,101884,4 to 11,55,387.0,27.0,Does not apply,False,757,20.0,19.35,False,36.25606796116505,67.0,9.0,106.0,106.0,106.0,106.0,UB1 2JE,,,,,,,,,,,,,,,,,,,,,,,,"Meadow Road, Southall, UB1 2JE"
1102,50,Maryland Primary School,Newham,102730,3 to 11,39,390.0,41.0,Does not apply,False,758,22.0,17.727272727272727,False,36.17718446601942,64.0,13.0,105.0,106.0,106.0,105.66666666666667,E15 1SL,,,,,,,,,,,,,,,,,,,,,,,,"Gurney Road, London, E15 1SL"
1103,30,St Michael's East Wickham Church of England Primary School,Bexley,144889,3 to 11,28,212.0,11.0,Church of England,True,,10.4,20.384615384615383,False,36.10436893203883,61.0,18.0,106.0,104.0,106.0,105.33333333333333,DA16 1LS,,,,,,,,,,,,,,,,,,,,,,,,"Wrotham Road, Welling, DA16 1LS"
1104,32,Green Dragon Primary School,Hounslow,132266,3 to 11,57,401.0,42.0,Does not apply,False,759,18.92,21.194503171247355,False,35.69781553398058,60.0,7.0,106.0,106.0,108.0,106.66666666666667,TW8 0BJ,,,,,,,,,,,,,,,,,,,,,,,,"North Road, Brentford, TW8 0BJ"
1105,44,Lawdale Junior School,Tower Hamlets,100907,7 to 11,54,207.0,67.0,Does not apply,False,760,13.2,15.681818181818183,False,35.637135922330096,70.0,2.0,107.0,107.0,105.0,106.33333333333333,E2 6LS,,,,,,,,,,,,,,,,,,,,,,,,"Mansford Street, Bethnal Green, London, E2 6LS"
1106,34,St Mary's Priory RC Junior School,Haringey,102145,7 to 11,33,142.0,64.0,Roman Catholic,True,,4.11,34.54987834549878,False,35.58252427184466,76.0,15.0,104.0,105.0,103.0,104.0,N15 5RE,,,,,,,,,,,,,,,,,,,,,,,,"Hermitage Road, LONDON, N15 5RE"
1107,29,Richard Cobden Primary School,Camden,100022,3 to 11,40,379.0,70.0,Does not apply,False,761,22.1,17.149321266968325,False,35.540048543689316,78.0,5.0,107.0,104.0,105.0,105.33333333333333,NW1 0LL,,,,,,,,,,,,,,,,,,,,,,,,"Camden Street, London, NW1 0LL"
1108,41,Newbury Park Primary School,Redbridge,102812,3 to 11,93,822.0,26.0,Does not apply,False,762,36.02,22.820655191560242,False,35.53398058252427,61.0,3.0,107.0,106.0,108.0,107.0,IG2 7LB,,,,,,,,,,,,,,,,,,,,,,,,"Perryman's Farm Road, Barkingside, Ilford, IG2 7LB"
1109,33,Cavendish Primary School,Hounslow,102472,3 to 11,15,179.0,53.0,Does not apply,False,763,9.72,18.415637860082303,False,35.521844660194176,73.0,7.0,105.0,106.0,106.0,105.66666666666667,W4 2RG,,,,,,,,,,,,,,,,,,,,,,,,"Edensor Road, Chiswick, Cavendish Primary School, London, W4 2RG"
1110,31,St Paulinus Church of England Primary School,Bexley,142294,5 to 11,27,196.0,7.0,Church of England,True,,8.0,24.5,False,35.515776699029125,67.0,11.0,106.0,105.0,106.0,105.66666666666667,DA1 4RW,,,,,,,,,,,,,,,,,,,,,,,,"Iron Mill Lane, Crayford, Dartford, DA1 4RW"
1111,51,Drew Primary School,Newham,143883,3 to 11,49,404.0,47.0,Does not apply,False,764,27.0,14.962962962962964,True,35.49757281553398,76.0,2.0,105.0,105.0,108.0,106.0,E16 2DP,,,,,,,,,,,,,,,,,,,,,,,,"Wythes Road, Silvertown, London, E16 2DP"
1112,45,Stepney Greencoat Church of England Primary School,Tower Hamlets,100946,3 to 11,23,172.0,43.0,Church of England,True,,8.8,19.545454545454543,False,35.43689320388349,61.0,22.0,106.0,102.0,106.0,104.66666666666667,E14 7TF,,,,,,,,,,,,,,,,,,,,,,,,"Norbiton Road, Limehouse, London, E14 7TF"
1113,52,Winsor Primary School,Newham,102751,3 to 11,75,589.0,45.0,Does not apply,False,765,29.71,19.82497475597442,False,35.376213592233015,55.0,13.0,106.0,106.0,106.0,106.0,E6 5NA,,,,,,,,,,,,,,,,,,,,,,,,"East Ham Manor Way, Beckton, London, E6 5NA"
1114,53,St Helen's Catholic Primary School,Newham,141925,2 to 11,62,476.0,45.0,Roman Catholic,True,,25.4,18.740157480314963,False,35.33373786407767,68.0,15.0,104.0,105.0,106.0,105.0,E13 8DW,,,,,,,,,,,,,,,,,,,,,,,,"Chargeable Lane, London, E13 8DW"
1115,54,Kensington Primary School,Newham,144141,3 to 11,75,636.0,43.0,Does not apply,False,766,35.4,17.966101694915256,False,35.327669902912625,59.0,12.0,105.0,106.0,107.0,106.0,E12 6NN,,,,,,,,,,,,,,,,,,,,,,,,"Kensington Avenue, Manor Park, London, E12 6NN"
1116,34,Lonesome Primary School,Merton,102636,3 to 11,45,309.0,53.0,Does not apply,False,767,16.43,18.807060255629946,False,35.30339805825243,68.0,2.0,106.0,105.0,109.0,106.66666666666667,CR4 1SD,,,,,,,,,,,,,,,,,,,,,,,,"Grove Road, Mitcham, CR4 1SD"
1117,40,Thomas Fairchild Community School,Hackney,100243,3 to 11,29,220.0,83.0,Does not apply,False,768,11.0,20.0,False,35.2002427184466,79.0,0.0,108.0,105.0,103.0,105.33333333333333,N1 7HA,,,,,,,,,,,,,,,,,,,,,,,,"Forston Street, Hoxton, London, N1 7HA"
1118,37,Westbridge Academy,Wandsworth,140682,3 to 11,27,157.0,63.0,Does not apply,False,769,10.0,15.7,False,35.182038834951456,81.0,4.0,105.0,104.0,107.0,105.33333333333333,SW11 3NE,,,,,,,,,,,,,,,,,,,,,,,,"Bolingbroke Walk, Westbridge Road, London, SW11 3NE"
1119,42,Horsenden Primary School,Ealing,101901,3 to 11,93,653.0,24.0,Does not apply,False,770,26.35,24.78178368121442,False,35.09708737864078,69.0,14.0,105.0,105.0,105.0,105.0,UB6 0PB,,,,,,,,,,,,,,,,,,,,,,,,"Horsenden Lane North, Greenford, UB6 0PB"
1120,35,George Spicer Primary School,Enfield,101993,4 to 11,114,785.0,42.0,Does not apply,False,771,37.71,20.816759480243967,False,35.036407766990294,68.0,12.0,106.0,105.0,105.0,105.33333333333333,EN1 1YF,,,,,,,,,,,,,,,,,,,,,,,,"Southbury Road, Enfield, EN1 1YF"
1121,35,St Aidan's Voluntary Controlled Primary School,Haringey,102132,3 to 11,28,220.0,25.0,Church of England,True,,11.82,18.612521150592215,False,35.01820388349515,54.0,7.0,108.0,106.0,106.0,106.66666666666667,N4 4RR,,,,,,,,,,,,,,,,,,,,,,,,"Albany Road, Stroud Green, London, N4 4RR"
1122,38,Heathmere Primary School,Wandsworth,101029,3 to 11,40,260.0,73.0,Does not apply,False,772,17.38,14.959723820483315,True,34.95752427184466,65.0,3.0,105.0,108.0,107.0,106.66666666666667,SW15 4LJ,,,,,,,,,,,,,,,,,,,,,,,,"Alton Road, Roehampton, London, SW15 4LJ"
1123,25,St. Mary of the Angels Catholic Primary School,Westminster,101137,3 to 11,22,186.0,59.0,Roman Catholic,True,,9.6,19.375,False,34.90898058252427,64.0,9.0,106.0,106.0,106.0,106.0,W2 5PR,,,,,,,,,,,,,,,,,,,,,,,,"Shrewsbury Road, Bayswater, London, W2 5PR"
1124,64,Blessed Dominic Catholic Primary School,Barnet,101339,3 to 11,59,448.0,36.0,Roman Catholic,True,,23.0,19.47826086956522,False,34.87864077669903,68.0,10.0,105.0,105.0,107.0,105.66666666666667,NW9 5PE,,,,,,,,,,,,,,,,,,,,,,,,"Great Strand, London, NW9 5PE"
1125,49,Greenacres Primary School and Language Impairment Unit,Greenwich,145210,2 to 11,34,253.0,47.0,Does not apply,False,773,15.0,16.866666666666667,False,34.80582524271845,56.0,15.0,106.0,104.0,107.0,105.66666666666667,SE9 3JN,,,,,,,,,,,,,,,,,,,,,,,,"Witherston Way, Eltham, London, SE9 3JN"
1126,43,Viking Primary School,Ealing,101908,3 to 11,25,215.0,68.0,Does not apply,False,774,10.79,19.925857275254867,False,34.80582524271845,64.0,12.0,105.0,105.0,107.0,105.66666666666667,UB5 6HW,,,,,,,,,,,,,,,,,,,,,,,,"Radcliffe Way, Northolt, UB5 6HW"
1127,32,Our Lady of the Rosary Catholic Primary School,Bexley,101456,3 to 11,60,416.0,8.0,Roman Catholic,True,,21.6,19.25925925925926,False,34.74514563106796,62.0,15.0,106.0,105.0,105.0,105.33333333333333,DA15 8QW,,,,,,,,,,,,,,,,,,,,,,,,"Holbeach Gardens, Blackfen, Sidcup, DA15 8QW"
1128,33,East Wickham Primary Academy,Bexley,136599,3 to 11,89,614.0,42.0,Does not apply,False,775,21.2,28.962264150943398,False,34.66626213592233,71.0,7.0,106.0,106.0,105.0,105.66666666666667,DA16 3BP,,,,,,,,,,,,,,,,,,,,,,,,"Wickham Street, Welling, DA16 3BP"
1129,46,Wellington Primary School,Tower Hamlets,100927,3 to 11,55,405.0,64.0,Does not apply,False,776,21.0,19.285714285714285,False,34.64199029126214,71.0,5.0,106.0,105.0,107.0,106.0,E3 4NE,,,,,,,,,,,,,,,,,,,,,,,,"Wellington Way, Bow, London, E3 4NE"
1130,47,Orion Scotts Park,Bromley,140752,3 to 11,44,361.0,25.0,Does not apply,False,777,18.13,19.911748483177057,False,34.53883495145631,61.0,14.0,106.0,106.0,104.0,105.33333333333333,BR1 2PR,,,,,,,,,,,,,,,,,,,,,,,,"Orchard Road, Bromley, BR1 2PR"
1131,36,Bounds Green Junior School,Haringey,102080,7 to 11,85,351.0,32.0,Does not apply,False,778,17.55,20.0,False,34.52063106796117,55.0,14.0,107.0,105.0,105.0,105.66666666666667,N11 2QG,,,,,,,,,,,,,,,,,,,,,,,,"Bounds Green Road, London, N11 2QG"
1132,48,Holy Innocents Catholic Primary School,Bromley,141907,2 to 11,27,275.0,0.0,Roman Catholic,True,,8.2,33.53658536585366,False,34.45388349514563,67.0,7.0,107.0,104.0,107.0,106.0,BR6 9JT,,,,,,,,,,,,,,,,,,,,,,,,"Mitchell Road, Orpington, BR6 9JT"
1133,36,St Andrew's CofE Primary School,Enfield,102029,5 to 11,54,396.0,26.0,Church of England,True,,17.3,22.890173410404625,False,34.44174757281554,69.0,13.0,106.0,104.0,105.0,105.0,EN1 3UL,,,,,,,,,,,,,,,,,,,,,,,,"116 Churchbury Lane, Enfield, EN1 3UL"
1134,40,St James' Church of England Primary School,Southwark,100829,3 to 11,56,402.0,73.0,Church of England,True,,24.0,16.75,False,34.314320388349515,68.0,16.0,105.0,105.0,104.0,104.66666666666667,SE16 4SU,,,,,,,,,,,,,,,,,,,,,,,,"Old Jamaica Road, Bermondsey, London, SE16 4SU"
1135,37,Buckingham Primary School,Richmond upon Thames,102904,3 to 11,70,409.0,36.0,Does not apply,False,779,25.52,16.02664576802508,False,34.22936893203883,57.0,9.0,106.0,105.0,108.0,106.33333333333333,TW12 3LT,,,,,,,,,,,,,,,,,,,,,,,,"Buckingham Road, Hampton, TW12 3LT"
1136,65,Fairway Primary School and Children's Centre,Barnet,101278,2 to 11,28,270.0,36.0,Does not apply,False,780,8.2,32.926829268292686,False,34.16868932038835,68.0,11.0,105.0,106.0,105.0,105.33333333333333,NW7 3HS,,,,,,,,,,,,,,,,,,,,,,,,"The Fairway, London, NW7 3HS"
1137,30,St Mary and St Pancras Church of England Primary School,Camden,100043,3 to 11,24,190.0,58.0,Church of England,True,,12.8,14.84375,True,34.1626213592233,71.0,4.0,106.0,106.0,106.0,106.0,NW1 1QP,,,,,,,,,,,,,,,,,,,,,,,,"81 Werrington Street, London, NW1 1QP"
1138,50,St Alfege with St Peter's Church of England Primary School,Greenwich,100174,3 to 11,24,203.0,46.0,Church of England,True,,9.6,21.145833333333336,False,34.11407766990291,63.0,17.0,104.0,105.0,106.0,105.0,SE10 9RB,,,,,,,,,,,,,,,,,,,,,,,,"Creek Road, Greenwich, London, SE10 9RB"
1139,23,St John's Highbury Vale CofE Primary School,Islington,100440,4 to 11,26,208.0,50.0,Church of England,True,,9.0,23.11111111111111,False,34.04733009708738,62.0,12.0,106.0,105.0,106.0,105.66666666666667,N5 1DL,,,,,,,,,,,,,,,,,,,,,,,,"Conewood Street, London, N5 1DL"
1140,46,Smitham Primary School,Croydon,101759,3 to 11,58,637.0,28.0,Does not apply,False,781,25.99,24.509426702577915,False,34.04733009708738,62.0,12.0,106.0,105.0,106.0,105.66666666666667,CR5 3DE,,,,,,,,,,,,,,,,,,,,,,,,"Portnalls Road, Coulsdon, CR5 3DE"
1141,25,St Ursula's Catholic Primary School,Havering,102332,2 to 11,59,439.0,19.0,Roman Catholic,True,,19.4,22.628865979381445,False,34.023058252427184,63.0,17.0,105.0,105.0,105.0,105.0,RM3 7JS,,,,,,,,,,,,,,,,,,,,,,,,"Straight Road, Romford, RM3 7JS"
1142,66,Barnfield Primary School,Barnet,101258,3 to 11,51,462.0,31.0,Does not apply,False,782,19.18,24.087591240875913,False,33.980582524271846,76.0,8.0,104.0,105.0,106.0,105.0,HA8 0DA,,,,,,,,,,,,,,,,,,,,,,,,"Silkstream Road, Edgware, HA8 0DA"
1143,26,Harrow Lodge Primary School,Havering,145111,4 to 11,57,449.0,40.0,None,False,783,20.01,22.43878060969515,False,33.80461165048544,70.0,4.0,107.0,105.0,106.0,106.0,RM12 4BP,,,,,,,,,,,,,,,,,,,,,,,,"Rainsford Way, Hornchurch, RM12 4BP"
1144,37,Sandhurst Primary School,Lewisham,100703,3 to 11,82,646.0,28.0,Does not apply,False,784,26.7,24.194756554307116,False,33.7742718446602,67.0,13.0,106.0,105.0,104.0,105.0,SE6 1NW,,,,,,,,,,,,,,,,,,,,,,,,"Minard Road, Catford, London, SE6 1NW"
1145,27,Parklands Primary School,Havering,102299,2 to 11,116,905.0,28.0,Does not apply,False,785,38.77,23.342790817642506,False,33.646844660194176,72.0,8.0,106.0,104.0,106.0,105.33333333333333,RM1 4QX,,,,,,,,,,,,,,,,,,,,,,,,"Havering Road, Romford, RM1 4QX"
1146,67,Millbrook Park Primary School,Barnet,140601,3 to 11,59,434.0,36.0,Church of England,True,,17.59,24.67310972143263,False,33.57402912621359,44.0,20.0,105.0,105.0,106.0,105.33333333333333,NW7 1JF,,,,,,,,,,,,,,,,,,,,,,,,"School House Lane, London, NW7 1JF"
1147,41,Shacklewell Primary School,Hackney,100241,2 to 11,57,472.0,46.0,Does not apply,False,786,20.0,23.6,False,33.39199029126213,72.0,16.0,105.0,104.0,103.0,104.0,E8 2EA,,,,,,,,,,,,,,,,,,,,,,,,"Shacklewell Row, Hackney, London, E8 2EA"
1148,47,Harris Primary Academy Croydon,Croydon,148352,3 to 11,48,406.0,38.0,None,False,787,19.2,21.145833333333336,False,33.39199029126213,79.0,6.0,105.0,106.0,103.0,104.66666666666667,CR0 3JT,,,,,,,,,,,,,,,,,,,,,,,,"Thomson Crescent, Croydon, CR0 3JT"
1149,34,Edison Primary School,Hounslow,142889,4 to 11,56,380.0,45.0,None,False,788,15.0,25.333333333333332,False,33.38592233009709,66.0,14.0,104.0,105.0,106.0,105.0,TW5 0AQ,,,,,,,,,,,,,,,,,,,,,,,,"Vicarage Farm Road, Hounslow, TW5 0AQ"
1150,31,Mitchell Brook Primary School,Brent,101524,3 to 11,84,638.0,44.0,Does not apply,False,789,33.7,18.93175074183976,False,33.37378640776699,75.0,10.0,105.0,105.0,104.0,104.66666666666667,NW10 9BX,,,,,,,,,,,,,,,,,,,,,,,,"Bridge Road, Brent, London, NW10 9BX"
1151,39,Floreat Wandsworth Primary School,Wandsworth,140423,2 to 11,30,329.0,40.0,Does not apply,False,790,13.93,23.618090452261306,False,33.349514563106794,57.0,10.0,107.0,104.0,107.0,106.0,SW18 4EQ,,,,,,,,,,,,,,,,,,,,,,,,"305 Garratt Lane, London, SW18 4EQ"
1152,40,"Sacred Heart Catholic Primary School, Battersea",Wandsworth,131520,3 to 11,58,382.0,40.0,Roman Catholic,True,,23.0,16.608695652173914,False,33.3252427184466,66.0,7.0,106.0,105.0,107.0,106.0,SW11 2TD,,,,,,,,,,,,,,,,,,,,,,,,"Este Road, London, SW11 2TD"
1153,48,Elmwood Junior School,Croydon,101720,7 to 11,115,476.0,43.0,Does not apply,False,791,26.0,18.307692307692307,False,33.3252427184466,66.0,7.0,106.0,105.0,107.0,106.0,CR0 2PL,,,,,,,,,,,,,,,,,,,,,,,,"Lodge Road, Croydon, CR0 2PL"
1154,34,Bedonwell Junior School,Bexley,143867,7 to 11,115,467.0,25.0,Does not apply,False,792,15.9,29.371069182389938,False,33.31917475728156,65.0,10.0,105.0,105.0,107.0,105.66666666666667,DA17 5PF,,,,,,,,,,,,,,,,,,,,,,,,"Bedonwell Road, Belvedere, DA17 5PF"
1155,28,St Teresa's Catholic Primary School and Nursery,Harrow,102231,3 to 11,51,429.0,27.0,Roman Catholic,True,,20.98,20.448045757864634,False,33.300970873786405,67.0,6.0,105.0,107.0,106.0,106.0,HA3 6LE,,,,,,,,,,,,,,,,,,,,,,,,"Long Elmes, Harrow Weald, Harrow, HA3 6LE"
1156,28,Harold Wood Primary School,Havering,102269,4 to 11,96,641.0,20.0,Does not apply,False,793,28.0,22.892857142857142,False,33.24635922330097,52.0,17.0,106.0,105.0,105.0,105.33333333333333,RM3 0TH,,,,,,,,,,,,,,,,,,,,,,,,"Recreation Avenue, Harold Wood, Romford, RM3 0TH"
1157,47,Cyril Jackson Primary School,Tower Hamlets,148681,3 to 11,60,448.0,48.0,Does not apply,False,794,25.4,17.637795275590552,False,32.98543689320388,65.0,12.0,105.0,104.0,107.0,105.33333333333333,E14 8AQ,,,,,,,,,,,,,,,,,,,,,,,,"Limehouse Causeway, London, E14 8AQ"
1158,24,St Vincent's Catholic Primary School,Barking and Dagenham,148289,3 to 11,29,221.0,14.0,Roman Catholic,True,,9.8,22.551020408163264,False,32.97936893203884,66.0,3.0,106.0,107.0,106.0,106.33333333333333,RM8 2JN,,,,,,,,,,,,,,,,,,,,,,,,"Burnside Road, Dagenham, RM8 2JN"
1159,35,Pelham Primary School,Bexley,139494,3 to 11,59,414.0,19.0,Does not apply,False,795,19.6,21.122448979591834,False,32.97936893203883,66.0,10.0,106.0,106.0,104.0,105.33333333333333,DA7 4HL,,,,,,,,,,,,,,,,,,,,,,,,"Pelham Road, Bexleyheath, DA7 4HL"
1160,41,St Joseph's Catholic Junior School,Southwark,100853,7 to 11,66,226.0,47.0,Roman Catholic,True,,10.6,21.32075471698113,False,32.88834951456311,67.0,6.0,105.0,106.0,107.0,106.0,SE5 0TS,,,,,,,,,,,,,,,,,,,,,,,,"Pitman Street, Camberwell, London, SE5 0TS"
1161,37,St Francis de Sales RC Junior School,Haringey,102143,7 to 11,78,266.0,44.0,Roman Catholic,True,,11.4,23.333333333333332,False,32.86407766990291,64.0,12.0,106.0,104.0,106.0,105.33333333333333,N17 8AZ,,,,,,,,,,,,,,,,,,,,,,,,"Church Road, Tottenham, London, N17 8AZ"
1162,35,Ashmole Primary School,Lambeth,100556,3 to 11,27,217.0,37.0,Does not apply,False,796,9.87,21.98581560283688,False,32.86407766990291,56.0,7.0,108.0,104.0,107.0,106.33333333333333,SW8 1NT,,,,,,,,,,,,,,,,,,,,,,,,"Ashmole Street, London, SW8 1NT"
1163,38,Our Lady and St Philip Neri Catholic Primary School,Lewisham,150552,3 to 11,26,243.0,31.0,Roman Catholic,True,,10.99,22.111010009099182,False,32.851941747572816,58.0,12.0,104.0,105.0,108.0,105.66666666666667,SE26 5SE,,,,,,,,,,,,,,,,,,,,,,,,"208 Sydenham Road, London, SE26 5SE"
1164,48,St Saviour's Church of England Primary School,Tower Hamlets,100961,3 to 11,22,216.0,55.0,Church of England,True,,12.0,18.0,False,32.851941747572816,64.0,9.0,106.0,106.0,105.0,105.66666666666667,E14 6BB,,,,,,,,,,,,,,,,,,,,,,,,"Chrisp Street, Poplar, London, E14 6BB"
1165,37,Latymer All Saints CofE Primary School,Enfield,102041,3 to 11,56,524.0,45.0,Church of England,True,,29.97,17.484150817484153,False,32.79733009708738,59.0,7.0,106.0,105.0,108.0,106.33333333333333,N9 9RS,,,,,,,,,,,,,,,,,,,,,,,,"41 Hydethorpe Avenue, Edmonton, London, N9 9RS"
1166,35,West Wimbledon Primary School,Merton,102652,3 to 11,53,299.0,36.0,Does not apply,False,797,23.4,12.777777777777779,True,32.79126213592233,64.0,4.0,107.0,105.0,107.0,106.33333333333333,SW20 0BZ,,,,,,,,,,,,,,,,,,,,,,,,"Bodnant Gardens, West Barnes Lane, Raynes Park, London, SW20 0BZ"
1167,42,Holy Trinity Church of England Primary School,Hackney,100263,3 to 11,32,249.0,53.0,Church of England,True,,12.85,19.377431906614788,False,32.76092233009709,72.0,6.0,107.0,103.0,106.0,105.33333333333333,E8 3DY,,,,,,,,,,,,,,,,,,,,,,,,"Beechwood Road, London, E8 3DY"
1168,22,Holy Trinity CofE Primary School,Kensington and Chelsea,100490,4 to 11,27,197.0,48.0,Church of England,True,,11.11,17.731773177317734,False,32.71844660194175,56.0,22.0,106.0,104.0,104.0,104.66666666666667,SW1X 9DE,,,,,,,,,,,,,,,,,,,,,,,,"Sedding Street, Sloane Square, London, SW1X 9DE"
1169,51,Windrush Charlton Primary School,Greenwich,151311,4 to 11,80,526.0,49.0,Does not apply,False,798,27.4,19.197080291970803,False,32.70631067961165,65.0,13.0,106.0,103.0,106.0,105.0,SE7 8FE,,,,,,,,,,,,,,,,,,,,,,,,"775 Woolwich Road, London, SE7 8FE"
1170,49,Orchard Way Primary School,Croydon,148971,4 to 11,30,200.0,30.0,Does not apply,False,799,9.63,20.768431983385252,False,32.65169902912621,67.0,10.0,104.0,106.0,106.0,105.33333333333333,CR0 7NJ,,,,,,,,,,,,,,,,,,,,,,,,"Orchard Way, Shirley, Croydon, CR0 7NJ"
1171,41,Chapel End Junior Academy,Waltham Forest,139259,7 to 11,55,248.0,40.0,Does not apply,False,800,14.8,16.756756756756754,False,32.627427184466015,73.0,9.0,106.0,105.0,103.0,104.66666666666667,E17 4LS,,,,,,,,,,,,,,,,,,,,,,,,"Roberts Road, Walthamstow, London, E17 4LS"
1172,41,Granard Primary School,Wandsworth,101028,3 to 11,54,349.0,59.0,Does not apply,False,801,23.98,14.553794829024186,True,32.55461165048544,70.0,6.0,105.0,106.0,106.0,105.66666666666667,SW15 6XA,,,,,,,,,,,,,,,,,,,,,,,,"Cortis Road, Putney, London, SW15 6XA"
1173,28,Thomas's Academy,Hammersmith and Fulham,142256,3 to 11,19,165.0,53.0,Does not apply,False,802,12.75,12.941176470588236,True,32.54854368932038,68.0,11.0,105.0,106.0,104.0,105.0,SW6 4LY,,,,,,,,,,,,,,,,,,,,,,,,"New King's Road, Fulham, London, SW6 4LY"
1174,55,Carpenters Primary School,Newham,102712,3 to 11,53,338.0,60.0,Does not apply,False,803,19.8,17.07070707070707,False,32.49393203883495,62.0,13.0,105.0,104.0,107.0,105.33333333333333,E15 2JQ,,,,,,,,,,,,,,,,,,,,,,,,"Friendship Way, Stratford, London, E15 2JQ"
1175,29,Roxeth Primary School,Harrow,102185,4 to 11,54,405.0,33.0,Does not apply,False,804,16.76,24.16467780429594,False,32.2997572815534,63.0,9.0,106.0,106.0,105.0,105.66666666666667,HA2 0JA,,,,,,,,,,,,,,,,,,,,,,,,"Brickfields, Byron Hill Road, Harrow, HA2 0JA"
1176,42,Shaftesbury Park Primary School,Wandsworth,101020,2 to 11,38,353.0,50.0,Does not apply,False,805,21.2,16.650943396226417,False,32.18446601941747,66.0,18.0,105.0,104.0,104.0,104.33333333333333,SW11 5UW,,,,,,,,,,,,,,,,,,,,,,,,"Ashbury Road, Battersea, London, SW11 5UW"
1177,42,Chadwell Primary School,Redbridge,102836,3 to 11,86,674.0,28.0,Does not apply,False,806,28.8,23.40277777777778,False,32.129854368932044,60.0,16.0,105.0,105.0,105.0,105.0,RM6 4EU,,,,,,,,,,,,,,,,,,,,,,,,"High Road, Chadwell Heath, Romford, RM6 4EU"
1178,52,Wyborne Primary School,Greenwich,100146,3 to 11,60,431.0,28.0,Does not apply,False,807,14.03,30.719885958660015,False,32.0631067961165,73.0,2.0,106.0,106.0,105.0,105.66666666666667,SE9 2EH,,,,,,,,,,,,,,,,,,,,,,,,"Footscray Road, New Eltham, London, SE9 2EH"
1179,49,St Joseph's Catholic Primary School,Bromley,141566,4 to 11,26,189.0,4.0,Roman Catholic,True,,8.2,23.04878048780488,False,31.893203883495147,62.0,19.0,105.0,105.0,103.0,104.33333333333333,BR1 3JQ,,,,,,,,,,,,,,,,,,,,,,,,"Plaistow Lane, Bromley, BR1 3JQ"
1180,29,Engayne Primary School,Havering,132766,5 to 11,90,587.0,14.0,Does not apply,False,808,25.8,22.751937984496124,False,31.893203883495147,67.0,4.0,107.0,105.0,106.0,106.0,RM14 1SW,,,,,,,,,,,,,,,,,,,,,,,,"Severn Drive, Cranham, Upminster, RM14 1SW"
1181,36,Haberdashers' Slade Green Primary,Bexley,147356,3 to 11,30,272.0,43.0,None,False,809,16.8,16.19047619047619,False,31.875000000000004,63.0,13.0,106.0,105.0,104.0,105.0,DA8 2EL,,,,,,,,,,,,,,,,,,,,,,,,"Chrome Road, Slade Green, Erith, DA8 2EL"
1182,43,Princess May Primary School,Hackney,100239,3 to 11,30,210.0,67.0,Does not apply,False,810,12.0,17.5,False,31.85072815533981,70.0,10.0,105.0,105.0,105.0,105.0,N16 8DF,,,,,,,,,,,,,,,,,,,,,,,,"Princess May Road, London, N16 8DF"
1183,56,Upton Cross Primary School,Newham,142267,3 to 11,77,565.0,48.0,Does not apply,False,811,36.2,15.607734806629834,False,31.820388349514563,65.0,9.0,103.0,106.0,107.0,105.33333333333333,E13 0RJ,,,,,,,,,,,,,,,,,,,,,,,,"Churston Avenue & Kirton Road, Plaistow, London, E13 0RJ"
1184,42,Chingford CofE Primary School,Waltham Forest,103084,4 to 11,59,418.0,20.0,Church of England,True,,19.7,21.21827411167513,False,31.79004854368932,58.0,15.0,106.0,105.0,104.0,105.0,E4 7EY,,,,,,,,,,,,,,,,,,,,,,,,"King's Road, London, E4 7EY"
1185,50,Elmstead Wood Primary School,Bromley,140533,3 to 11,38,294.0,45.0,Does not apply,False,812,16.0,18.375,False,31.711165048543688,68.0,3.0,107.0,105.0,106.0,106.0,SE9 4AT,,,,,,,,,,,,,,,,,,,,,,,,"Castlecombe Road, Mottingham, London, SE9 4AT"
1186,29,Flora Gardens Primary School,Hammersmith and Fulham,100328,3 to 11,26,186.0,62.0,Does not apply,False,813,11.5,16.17391304347826,False,31.601941747572816,58.0,19.0,105.0,103.0,106.0,104.66666666666667,W6 7PZ,,,,,,,,,,,,,,,,,,,,,,,,"34 Lena Gardens, London, W6 7PZ"
1187,30,Hylands Primary School,Havering,102276,3 to 11,85,656.0,28.0,Does not apply,False,814,25.0,26.24,False,31.589805825242717,62.0,7.0,106.0,104.0,108.0,106.0,RM1 2RU,,,,,,,,,,,,,,,,,,,,,,,,"Granger Way, Romford, RM1 2RU"
1188,51,Midfield Primary School,Bromley,141613,3 to 11,61,474.0,26.0,Does not apply,False,815,26.3,18.022813688212928,False,31.49878640776699,61.0,18.0,105.0,104.0,105.0,104.66666666666667,BR5 3EG,,,,,,,,,,,,,,,,,,,,,,,,"Grovelands Road, St Paul's Cray, Orpington, BR5 3EG"
1189,42,Bellenden Primary School,Southwark,100775,3 to 11,27,205.0,67.0,Does not apply,False,816,10.52,19.486692015209126,False,31.44417475728155,70.0,7.0,106.0,105.0,105.0,105.33333333333333,SE15 4JP,,,,,,,,,,,,,,,,,,,,,,,,"Dewar Street, London, SE15 4JP"
1190,39,Torridon Primary School,Lewisham,100708,3 to 11,80,632.0,38.0,Does not apply,False,817,33.25,19.007518796992482,False,31.38349514563107,66.0,4.0,107.0,104.0,107.0,106.0,SE6 1TG,,,,,,,,,,,,,,,,,,,,,,,,"Hazelbank Road, London, SE6 1TG"
1191,30,Camrose Primary With Nursery,Harrow,102188,3 to 11,49,423.0,22.0,Does not apply,False,818,17.22,24.56445993031359,False,31.347087378640776,61.0,4.0,104.0,106.0,109.0,106.33333333333333,HA8 6JH,,,,,,,,,,,,,,,,,,,,,,,,"St David's Drive, Edgware, HA8 6JH"
1192,43,South Park Primary School,Redbridge,131930,3 to 11,85,635.0,29.0,Does not apply,False,819,28.8,22.04861111111111,False,31.20752427184466,68.0,6.0,106.0,105.0,106.0,105.66666666666667,IG3 9HF,,,,,,,,,,,,,,,,,,,,,,,,"Water Lane, Seven Kings, Ilford, IG3 9HF"
1193,68,Danegrove Primary School,Barnet,101314,5 to 11,87,616.0,40.0,Does not apply,False,820,27.7,22.23826714801444,False,31.183252427184467,55.0,9.0,106.0,105.0,107.0,106.0,EN4 8UD,,,,,,,,,,,,,,,,,,,,,,,,"Windsor Drive, East Barnet, Barnet, EN4 8UD"
1194,36,Paxton Primary School,Lambeth,100577,3 to 11,55,420.0,33.0,Does not apply,False,821,19.79,21.222839818089945,False,31.152912621359224,64.0,11.0,107.0,103.0,105.0,105.0,SE19 1PA,,,,,,,,,,,,,,,,,,,,,,,,"Woodland Road, London, SE19 1PA"
1195,37,St John's Angell Town Church of England Primary School,Lambeth,100615,3 to 11,25,189.0,48.0,Church of England,True,,8.0,23.625,False,31.098300970873787,72.0,8.0,105.0,104.0,106.0,105.0,SW9 7HH,,,,,,,,,,,,,,,,,,,,,,,,"85 Angell Road, Brixton, London, SW9 7HH"
1196,35,Berkeley Academy,Hounslow,144097,3 to 11,55,466.0,40.0,Does not apply,False,822,18.2,25.604395604395606,False,30.983009708737864,56.0,16.0,104.0,104.0,107.0,105.0,TW5 9HQ,,,,,,,,,,,,,,,,,,,,,,,,"Cranford Lane, Heston, Hounslow, TW5 9HQ"
1197,52,Wickham Common Primary School,Bromley,142301,4 to 11,60,422.0,7.0,Does not apply,False,823,17.3,24.393063583815028,False,30.95266990291262,63.0,12.0,105.0,106.0,104.0,105.0,BR4 9DG,,,,,,,,,,,,,,,,,,,,,,,,"Gates Green Road, Coney Hall, West Wickham, BR4 9DG"
1198,22,St Paul's CofE Primary School,Kingston upon Thames,102590,5 to 11,26,202.0,8.0,Church of England,True,,9.4,21.48936170212766,False,30.898058252427184,69.0,12.0,105.0,104.0,105.0,104.66666666666667,KT9 1AJ,,,,,,,,,,,,,,,,,,,,,,,,"Orchard Road, Chessington, KT9 1AJ"
1199,69,St Theresa's Catholic Primary School,Barnet,101335,3 to 11,26,158.0,23.0,Roman Catholic,True,,6.93,22.7994227994228,False,30.885922330097088,69.0,4.0,106.0,106.0,105.0,105.66666666666667,N3 2TD,,,,,,,,,,,,,,,,,,,,,,,,"East End Road, Finchley, London, N3 2TD"
1200,23,St Thomas' CofE Primary School,Kensington and Chelsea,100492,3 to 11,25,197.0,64.0,Church of England,True,,11.5,17.130434782608695,False,30.87985436893204,60.0,0.0,106.0,106.0,108.0,106.66666666666667,W10 5EF,,,,,,,,,,,,,,,,,,,,,,,,"Appleford Road, North Kensington, London, W10 5EF"
1201,25,William Ford CofE Junior School,Barking and Dagenham,101234,7 to 11,84,321.0,40.0,Church of England,True,,17.32,18.53348729792148,False,30.867718446601945,67.0,10.0,106.0,105.0,104.0,105.0,RM10 9JS,,,,,,,,,,,,,,,,,,,,,,,,"Ford Road, Dagenham, RM10 9JS"
1202,43,Mosaic Jewish Primary School,Wandsworth,139687,4 to 11,19,180.0,37.0,Jewish,True,,10.0,18.0,False,30.849514563106794,63.0,5.0,107.0,105.0,106.0,106.0,SW15 4EU,,,,,,,,,,,,,,,,,,,,,,,,"170 Roehampton Lane, Roehampton, London, SW15 4EU"
1203,38,Firs Farm Primary School,Enfield,101989,4 to 11,90,555.0,19.0,Does not apply,False,824,24.31,22.830111065405184,False,30.807038834951456,64.0,7.0,106.0,106.0,105.0,105.66666666666667,N13 5QP,,,,,,,,,,,,,,,,,,,,,,,,"Rayleigh Road, Palmers Green, London, N13 5QP"
1204,36,Ivybridge Primary School,Hounslow,102512,3 to 11,16,155.0,50.0,Does not apply,False,825,9.76,15.881147540983607,False,30.794902912621357,69.0,0.0,105.0,107.0,106.0,106.0,TW7 7QB,,,,,,,,,,,,,,,,,,,,,,,,"Summerwood Road, Mogden Lane, Isleworth, TW7 7QB"
1205,30,St Thomas of Canterbury Catholic Primary School,Hammersmith and Fulham,100357,4 to 11,15,75.0,27.0,Catholic,True,,3.0,25.0,False,30.703883495145632,73.0,0.0,105.0,106.0,106.0,105.66666666666667,SW6 7HB,,,,,,,,,,,,,,,,,,,,,,,,"Estcourt Road, Fulham, London, SW6 7HB"
1206,50,Harris Primary Academy Benson,Croydon,139905,3 to 11,34,238.0,32.0,Does not apply,False,826,8.0,29.75,False,30.691747572815537,74.0,9.0,105.0,105.0,103.0,104.33333333333333,CR0 8RQ,,,,,,,,,,,,,,,,,,,,,,,,"West Way, Shirley, Croydon, CR0 8RQ"
1207,26,St Joseph's Catholic Primary School,Barking and Dagenham,147329,3 to 11,45,299.0,20.0,Roman Catholic,True,,16.8,17.797619047619047,False,30.57645631067961,67.0,12.0,106.0,103.0,105.0,104.66666666666667,RM9 5UL,,,,,,,,,,,,,,,,,,,,,,,,"Connor Road, Dagenham, RM9 5UL"
1208,37,Jubilee Primary School,Bexley,145071,3 to 11,21,159.0,48.0,Does not apply,False,827,8.4,18.928571428571427,False,30.485436893203882,57.0,10.0,106.0,105.0,106.0,105.66666666666667,SE28 8JB,,,,,,,,,,,,,,,,,,,,,,,,"Crowden Way, Thamesmead, London, SE28 8JB"
1209,43,Gwyn Jones Primary School,Waltham Forest,103074,3 to 11,60,429.0,32.0,Does not apply,False,828,18.6,23.064516129032256,False,30.46723300970874,55.0,10.0,107.0,104.0,106.0,105.66666666666667,E11 1EU,,,,,,,,,,,,,,,,,,,,,,,,"Hainault Road, London, E11 1EU"
1210,51,Norbury Manor Primary School,Croydon,101785,3 to 11,55,417.0,36.0,Does not apply,False,829,20.0,20.85,False,30.46723300970874,55.0,9.0,102.0,108.0,106.0,105.33333333333333,SW16 5QR,,,,,,,,,,,,,,,,,,,,,,,,"Abingdon Road, Norbury, London, SW16 5QR"
1211,39,Brimsdown Primary School,Enfield,143202,3 to 11,72,494.0,63.0,Does not apply,False,830,26.2,18.85496183206107,False,30.436893203883496,74.0,6.0,105.0,105.0,105.0,105.0,EN3 7NA,,,,,,,,,,,,,,,,,,,,,,,,"Green Street, Enfield, EN3 7NA"
1212,40,St Michael's Church of England Primary School,Lewisham,151010,3 to 11,29,208.0,48.0,Church of England,True,,10.0,20.8,False,30.41868932038835,62.0,10.0,105.0,103.0,108.0,105.33333333333333,SE26 4HH,,,,,,,,,,,,,,,,,,,,,,,,"Champion Road, Sydenham, London, SE26 4HH"
1213,38,Sherwood Park Primary School,Bexley,140532,3 to 11,59,300.0,39.0,Does not apply,False,831,13.53,22.172949002217297,False,30.40655339805825,64.0,20.0,104.0,104.0,104.0,104.0,DA15 9JQ,,,,,,,,,,,,,,,,,,,,,,,,"Sherwood Park Avenue, Sidcup, DA15 9JQ"
1214,36,All Saints' CofE Primary School,Merton,102663,3 to 11,42,332.0,29.0,Church of England,True,,18.8,17.659574468085104,False,30.33373786407767,69.0,7.0,105.0,105.0,106.0,105.33333333333333,SW19 1EB,,,,,,,,,,,,,,,,,,,,,,,,"3 - 19 Hanover Road, London, SW19 1EB"
1215,38,The Willow Primary School,Haringey,102131,3 to 11,55,486.0,60.0,Does not apply,False,832,19.18,25.338894681960376,False,30.248786407766993,62.0,13.0,105.0,104.0,106.0,105.0,N17 6HW,,,,,,,,,,,,,,,,,,,,,,,,"Adams Road, Tottenham, London, N17 6HW"
1216,39,Northumberland Heath Primary School,Bexley,137380,3 to 11,62,473.0,52.0,Does not apply,False,833,22.79,20.754716981132077,False,30.139563106796118,66.0,11.0,106.0,105.0,103.0,104.66666666666667,DA8 1JE,,,,,,,,,,,,,,,,,,,,,,,,"Wheelock Close, Northumberland Heath, Erith, DA8 1JE"
1217,44,Dormers Wells Primary School,Ealing,145406,3 to 11,83,471.0,49.0,None,False,834,21.0,22.428571428571427,False,30.103155339805827,64.0,7.0,105.0,104.0,108.0,105.66666666666667,UB1 3HX,,,,,,,,,,,,,,,,,,,,,,,,"Dormers Wells Lane, Southall, UB1 3HX"
1218,44,Edinburgh Primary School,Waltham Forest,103053,4 to 11,30,182.0,37.0,Does not apply,False,835,10.2,17.84313725490196,False,30.09708737864078,57.0,17.0,105.0,103.0,106.0,104.66666666666667,E17 8QR,,,,,,,,,,,,,,,,,,,,,,,,"Queen's Road, Walthamstow, London, E17 8QR"
1219,38,Kings Avenue School,Lambeth,133315,3 to 11,27,101.0,59.0,Does not apply,False,836,7.6,13.289473684210527,True,29.993932038834952,70.0,4.0,105.0,107.0,104.0,105.33333333333333,SW4 8BQ,,,,,,,,,,,,,,,,,,,,,,,,"Kings Avenue, London, SW4 8BQ"
1220,43,Harris Primary Academy Peckham Park,Southwark,137413,3 to 11,42,274.0,60.0,Does not apply,False,837,12.8,21.40625,False,29.92718446601942,76.0,7.0,105.0,105.0,103.0,104.33333333333333,SE15 5TD,,,,,,,,,,,,,,,,,,,,,,,,"Marmont Road, Peckham, London, SE15 5TD"
1221,44,Roding Primary School,Redbridge,102830,3 to 11,53,444.0,30.0,Does not apply,False,838,19.9,22.311557788944725,False,29.799757281553397,60.0,11.0,105.0,105.0,106.0,105.33333333333333,IG8 8NP,,,,,,,,,,,,,,,,,,,,,,,,"Roding Lane North, Woodford Bridge, Woodford Green, IG8 8NP"
1222,41,Cooper's Lane Primary School,Lewisham,100676,3 to 11,87,665.0,36.0,Does not apply,False,839,28.7,23.170731707317074,False,29.74514563106796,62.0,7.0,106.0,106.0,105.0,105.66666666666667,SE12 0LF,,,,,,,,,,,,,,,,,,,,,,,,"Pragnell Road, London, SE12 0LF"
1223,44,Grove Primary School,Southwark,149604,3 to 11,45,221.0,51.0,Does not apply,False,840,8.8,25.113636363636363,False,29.739077669902912,56.0,16.0,103.0,104.0,107.0,104.66666666666667,SE22 8AB,,,,,,,,,,,,,,,,,,,,,,,,"Grove Hill Road, East Dulwich, London, SE22 8AB"
1224,49,Halley Primary School,Tower Hamlets,100938,3 to 11,28,204.0,43.0,Does not apply,False,841,10.4,19.615384615384613,False,29.739077669902912,68.0,4.0,105.0,106.0,106.0,105.66666666666667,E14 7SS,,,,,,,,,,,,,,,,,,,,,,,,"Halley Street, London, E14 7SS"
1225,53,Harris Primary Academy Orpington,Bromley,143426,4 to 11,49,276.0,35.0,None,False,842,15.4,17.92207792207792,False,29.690533980582522,63.0,12.0,106.0,105.0,103.0,104.66666666666667,BR5 4LZ,,,,,,,,,,,,,,,,,,,,,,,,"Dyke Drive, Orpington, BR5 4LZ"
1226,27,Manor Primary School,Barking and Dagenham,101193,3 to 11,92,1194.0,35.0,Does not apply,False,843,53.0,22.528301886792452,False,29.654126213592235,64.0,11.0,104.0,105.0,106.0,105.0,RM8 2FL,,,,,,,,,,,,,,,,,,,,,,,,"40 Scholars Way, Dagenham, RM8 2FL"
1227,32,Christ Church CofE Primary School,Brent,101533,3 to 11,22,163.0,50.0,Church of England,True,,8.6,18.953488372093023,False,29.654126213592235,68.0,0.0,106.0,105.0,107.0,106.0,NW6 7TE,,,,,,,,,,,,,,,,,,,,,,,,"Clarence Road, Kilburn, Christ Church CE Primary School, Brondesbury, NW6 7TE"
1228,70,Our Lady of Lourdes RC School,Barnet,101331,3 to 11,29,206.0,21.0,Roman Catholic,True,,9.85,20.913705583756347,False,29.64199029126214,66.0,7.0,107.0,104.0,105.0,105.33333333333333,N12 0JP,,,,,,,,,,,,,,,,,,,,,,,,"Bow Lane, Finchley, London, N12 0JP"
1229,45,"Havelock Primary School, Nursery & Arp",Ealing,101900,3 to 11,55,409.0,53.0,Does not apply,False,844,22.9,17.860262008733624,False,29.64199029126214,63.0,4.0,104.0,105.0,109.0,106.0,UB2 4PA,,,,,,,,,,,,,,,,,,,,,,,,"Havelock Road, Southall, UB2 4PA"
1230,52,Robert Fitzroy Academy,Croydon,138502,4 to 11,89,599.0,45.0,None,False,845,28.6,20.944055944055943,False,29.563106796116507,64.0,11.0,105.0,105.0,105.0,105.0,CR0 6JN,,,,,,,,,,,,,,,,,,,,,,,,"80 Brampton Road, Croydon, CR0 6JN"
1231,37,Oak Hill Academy,Hounslow,140718,7 to 11,113,466.0,25.0,Does not apply,False,846,22.8,20.43859649122807,False,29.557038834951456,57.0,14.0,105.0,104.0,106.0,105.0,TW13 4QP,,,,,,,,,,,,,,,,,,,,,,,,"Ashford Road, Feltham, TW13 4QP"
1232,46,Wolf Fields Primary School,Ealing,101909,3 to 11,27,203.0,56.0,Does not apply,False,847,11.51,17.636837532580365,False,29.290048543689316,67.0,11.0,105.0,105.0,104.0,104.66666666666667,UB2 4JS,,,,,,,,,,,,,,,,,,,,,,,,"Norwood Road, Norwood Green, Southall, UB2 4JS"
1233,38,Sparrow Farm Primary School,Hounslow,148150,2 to 11,48,477.0,35.0,Does not apply,False,848,19.6,24.33673469387755,False,29.235436893203882,63.0,4.0,105.0,105.0,108.0,106.0,TW14 0DG,,,,,,,,,,,,,,,,,,,,,,,,"Sparrow Farm Primary School, Sparrow Farm Drive, Feltham, TW14 0DG"
1234,39,Hitherfield Primary School,Lambeth,131824,3 to 11,84,619.0,31.0,Does not apply,False,849,29.1,21.27147766323024,False,29.229368932038835,57.0,15.0,106.0,104.0,104.0,104.66666666666667,SW16 2JQ,,,,,,,,,,,,,,,,,,,,,,,,"Leigham Vale, Streatham, London, SW16 2JQ"
1235,50,St Edmund's Catholic School,Tower Hamlets,100951,3 to 11,26,204.0,27.0,Roman Catholic,True,,9.8,20.816326530612244,False,29.168689320388353,69.0,8.0,106.0,105.0,103.0,104.66666666666667,E14 3RS,,,,,,,,,,,,,,,,,,,,,,,,"299 Westferry Road, Millwall, London, E14 3RS"
1236,39,Risley Avenue Primary School,Haringey,131879,2 to 11,59,477.0,49.0,Does not apply,False,850,24.0,19.875,False,29.120145631067963,63.0,15.0,104.0,105.0,104.0,104.33333333333333,N17 7AB,,,,,,,,,,,,,,,,,,,,,,,,"The Roundway, Tottenham, London, N17 7AB"
1237,45,Surrey Square Primary School,Southwark,146117,3 to 11,60,458.0,72.0,None,False,851,21.47,21.332091290172336,False,29.08980582524272,72.0,3.0,104.0,105.0,107.0,105.33333333333333,SE17 2JY,,,,,,,,,,,,,,,,,,,,,,,,"Surrey Square, Walworth, London, SE17 2JY"
1238,40,Lavender Primary School,Enfield,143199,2 to 11,51,473.0,31.0,Does not apply,False,852,20.32,23.27755905511811,False,29.016990291262136,65.0,14.0,105.0,104.0,104.0,104.33333333333333,EN2 0SX,,,,,,,,,,,,,,,,,,,,,,,,"Lavender Road, Enfield, EN2 0SX"
1239,44,Berger Primary School,Hackney,100218,2 to 11,49,425.0,63.0,Does not apply,False,853,27.2,15.625,False,28.986650485436893,69.0,10.0,105.0,104.0,105.0,104.66666666666667,E9 6HB,,,,,,,,,,,,,,,,,,,,,,,,"Anderson Road, Hackney, London, E9 6HB"
1240,46,Hollydale Primary School,Southwark,100794,4 to 11,29,147.0,59.0,Does not apply,False,854,10.0,14.7,True,28.9502427184466,59.0,7.0,107.0,105.0,105.0,105.66666666666667,SE15 2AR,,,,,,,,,,,,,,,,,,,,,,,,"Hollydale Road, Nunhead, London, SE15 2AR"
1241,31,Langtons Junior Academy,Havering,139406,7 to 11,44,221.0,36.0,Does not apply,False,855,10.4,21.25,False,28.938106796116504,55.0,9.0,106.0,104.0,107.0,105.66666666666667,RM11 3SD,,,,,,,,,,,,,,,,,,,,,,,,"Westland Avenue, Hornchurch, RM11 3SD"
1242,71,St Joseph's Catholic Primary School,Barnet,101337,3 to 11,78,458.0,29.0,Roman Catholic,True,,21.6,21.203703703703702,False,28.901699029126217,68.0,12.0,104.0,105.0,104.0,104.33333333333333,NW4 4TY,,,,,,,,,,,,,,,,,,,,,,,,"Watford Way, Hendon, London, NW4 4TY"
1243,40,Lessness Heath Primary School,Bexley,141866,3 to 11,78,658.0,28.0,Does not apply,False,856,29.3,22.457337883959045,False,28.871359223300967,63.0,12.0,106.0,105.0,102.0,104.33333333333333,DA17 6HB,,,,,,,,,,,,,,,,,,,,,,,,"Erith Road, Belvedere, DA17 6HB"
1244,30,Rabbsfarm Primary School,Hillingdon,102408,4 to 11,71,650.0,45.0,Does not apply,False,857,33.59,19.350997320631137,False,28.743932038834952,58.0,10.0,106.0,105.0,105.0,105.33333333333333,UB7 8AH,,,,,,,,,,,,,,,,,,,,,,,,"Gordon Road, West Drayton, UB7 8AH"
1245,32,Branfil Primary School,Havering,135588,4 to 11,90,554.0,17.0,Does not apply,False,858,22.9,24.19213973799127,False,28.67111650485437,63.0,6.0,106.0,105.0,106.0,105.66666666666667,RM14 2LW,,,,,,,,,,,,,,,,,,,,,,,,"Cedar Avenue, Branfil Primary School, Upminster, RM14 2LW"
1246,31,Whitehall Junior School,Hillingdon,102399,7 to 11,83,405.0,34.0,Does not apply,False,859,21.44,18.88992537313433,False,28.658980582524272,65.0,5.0,105.0,105.0,107.0,105.66666666666667,UB8 2LX,,,,,,,,,,,,,,,,,,,,,,,,"Cowley Road, Uxbridge, UB8 2LX"
1247,33,John Keble CofE Primary School,Brent,101534,3 to 11,45,402.0,27.0,Church of England,True,,16.85,23.857566765578632,False,28.62257281553398,73.0,9.0,105.0,105.0,100.0,103.33333333333333,NW10 4DR,,,,,,,,,,,,,,,,,,,,,,,,"Crownhill Road, London, NW10 4DR"
1248,51,Harry Gosling Primary School,Tower Hamlets,131737,3 to 11,57,416.0,63.0,Does not apply,False,860,22.1,18.823529411764703,False,28.42233009708738,60.0,7.0,106.0,105.0,106.0,105.66666666666667,E1 1NT,,,,,,,,,,,,,,,,,,,,,,,,"Fairclough Street, London, E1 1NT"
1249,26,Gateway Academy,Westminster,140050,3 to 11,77,527.0,51.0,Does not apply,False,861,33.0,15.969696969696969,False,28.300970873786408,62.0,6.0,104.0,105.0,108.0,105.66666666666667,NW8 8LN,,,,,,,,,,,,,,,,,,,,,,,,"Capland Street, London, NW8 8LN"
1250,52,Marion Richardson Primary School,Tower Hamlets,100911,3 to 11,58,469.0,50.0,Does not apply,False,862,23.1,20.3030303030303,False,28.234223300970875,64.0,5.0,105.0,105.0,107.0,105.66666666666667,E1 0QF,,,,,,,,,,,,,,,,,,,,,,,,"Senrab Street, London, E1 0QF"
1251,32,Highfield Primary School,Hillingdon,102407,3 to 11,26,277.0,31.0,Does not apply,False,863,14.8,18.716216216216214,False,28.228155339805827,62.0,8.0,104.0,104.0,108.0,105.33333333333333,UB10 0DB,,,,,,,,,,,,,,,,,,,,,,,,"Charville Lane West, Hillingdon, Uxbridge, UB10 0DB"
1252,47,West Twyford Primary School,Ealing,101875,3 to 11,57,456.0,47.0,Does not apply,False,864,18.94,24.07602956705385,False,28.19781553398058,65.0,9.0,104.0,105.0,106.0,105.0,NW10 7DN,,,,,,,,,,,,,,,,,,,,,,,,"Twyford Abbey Road, Park Royal, London, NW10 7DN"
1253,41,St John and St James CofE Primary School,Enfield,102032,3 to 11,50,249.0,52.0,Church of England,True,,11.74,21.20954003407155,False,28.155339805825243,66.0,10.0,106.0,103.0,105.0,104.66666666666667,N18 2TL,,,,,,,,,,,,,,,,,,,,,,,,"Grove Street, Edmonton, London, N18 2TL"
1254,53,Linton Mead Primary School,Greenwich,100159,3 to 11,51,315.0,51.0,Does not apply,False,865,17.89,17.607602012297374,False,28.131067961165044,63.0,10.0,104.0,105.0,106.0,105.0,SE28 8DT,,,,,,,,,,,,,,,,,,,,,,,,"Central Way, Thamesmead, London, SE28 8DT"
1255,40,Ferry Lane Primary School,Haringey,102127,3 to 11,13,159.0,46.0,Does not apply,False,866,9.4,16.914893617021274,False,28.088592233009706,62.0,8.0,106.0,104.0,106.0,105.33333333333333,N17 9PP,,,,,,,,,,,,,,,,,,,,,,,,"Jarrow Road, Ferry Lane Estate, Tottenham, London, N17 9PP"
1256,34,Anson Primary School,Brent,101495,3 to 11,44,398.0,32.0,Does not apply,False,867,22.9,17.37991266375546,False,28.046116504854368,68.0,9.0,105.0,105.0,104.0,104.66666666666667,NW2 4AB,,,,,,,,,,,,,,,,,,,,,,,,"Anson Road, London, NW2 4AB"
1257,53,Malmesbury Primary School,Tower Hamlets,134160,3 to 11,50,442.0,54.0,Does not apply,False,868,23.45,18.84861407249467,False,28.021844660194173,67.0,6.0,105.0,105.0,106.0,105.33333333333333,E3 2AB,,,,,,,,,,,,,,,,,,,,,,,,"Coborn Street, Bow, London, E3 2AB"
1258,44,Tooting Primary School,Wandsworth,139592,4 to 11,55,397.0,29.0,None,False,869,19.9,19.949748743718594,False,27.99150485436893,56.0,7.0,107.0,105.0,105.0,105.66666666666667,SW17 8HE,,,,,,,,,,,,,,,,,,,,,,,,"Franciscan Road, Tooting, London, SW17 8HE"
1259,48,Blair Peach Primary School,Ealing,101892,3 to 11,57,391.0,42.0,Does not apply,False,870,18.04,21.674057649667407,False,27.973300970873787,68.0,5.0,105.0,104.0,107.0,105.33333333333333,UB1 1DD,,,,,,,,,,,,,,,,,,,,,,,,"Beaconsfield Road, Southall, UB1 1DD"
1260,24,Hargrave Park Primary School,Islington,100408,0 to 11,38,341.0,68.0,Does not apply,False,871,16.0,21.3125,False,27.785194174757283,61.0,13.0,105.0,104.0,105.0,104.66666666666667,N19 5BS,,,,,,,,,,,,,,,,,,,,,,,,"51 Bredgar Road, Archway, London, N19 5BS"
1261,35,Northview Junior and Infant School,Brent,101508,3 to 11,28,218.0,39.0,Does not apply,False,872,10.6,20.566037735849058,False,27.75485436893204,64.0,14.0,104.0,102.0,106.0,104.0,NW10 1RD,,,,,,,,,,,,,,,,,,,,,,,,"Northview Crescent, London, NW10 1RD"
1262,45,Riversdale Primary School,Wandsworth,101018,3 to 11,45,376.0,29.0,Does not apply,False,873,28.02,13.418986438258386,True,27.742718446601945,62.0,7.0,107.0,104.0,105.0,105.33333333333333,SW18 5JP,,,,,,,,,,,,,,,,,,,,,,,,"302a Merton Road, Wandsworth, London, SW18 5JP"
1263,54,Trinity Church of England Primary School,Bromley,141352,2 to 11,42,341.0,52.0,Church of England,True,,19.4,17.577319587628867,False,27.669902912621357,64.0,0.0,106.0,105.0,107.0,106.0,BR2 8LD,,,,,,,,,,,,,,,,,,,,,,,,"Princes Plain, Bromley, BR2 8LD"
1264,33,Field End Junior School,Hillingdon,148774,7 to 11,88,277.0,24.0,Does not apply,False,874,14.96,18.516042780748663,False,27.62742718446602,59.0,3.0,107.0,105.0,106.0,106.0,HA4 9PQ,,,,,,,,,,,,,,,,,,,,,,,,"Field End Junior School, Field End Road, Ruislip, HA4 9PQ"
1265,54,Our Lady and St Joseph Catholic Primary School,Tower Hamlets,139423,3 to 11,50,414.0,58.0,Roman Catholic,True,,22.6,18.318584070796458,False,27.621359223300974,62.0,10.0,104.0,105.0,106.0,105.0,E14 0DE,,,,,,,,,,,,,,,,,,,,,,,,"Wades Place, Poplar, London, E14 0DE"
1266,53,Howard Primary School,Croydon,101725,4 to 11,55,408.0,36.0,Does not apply,False,875,19.42,21.00926879505664,False,27.591019417475728,71.0,11.0,104.0,104.0,104.0,104.0,CR0 1DT,,,,,,,,,,,,,,,,,,,,,,,,"Dering Place, Croydon, CR0 1DT"
1267,42,Marvels Lane Primary School,Lewisham,100696,3 to 11,50,404.0,48.0,Does not apply,False,876,17.7,22.82485875706215,False,27.566747572815537,70.0,2.0,105.0,106.0,105.0,105.33333333333333,SE12 9RA,,,,,,,,,,,,,,,,,,,,,,,,"Riddons Road, Grove Park, 100696 Marvels Lane Primary School, Riddons Road, , London, SE12 9RA"
1268,28,Becontree Primary School,Barking and Dagenham,101231,3 to 11,62,465.0,31.0,Does not apply,False,877,22.5,20.666666666666668,False,27.40291262135922,53.0,8.0,105.0,105.0,107.0,105.66666666666667,RM8 2QR,,,,,,,,,,,,,,,,,,,,,,,,"Stevens Road, Dagenham, RM8 2QR"
1269,34,Colham Manor Primary School,Hillingdon,102373,2 to 11,76,624.0,37.0,Does not apply,False,878,30.26,20.621282220753468,False,27.378640776699026,61.0,8.0,105.0,104.0,107.0,105.33333333333333,UB8 3PT,,,,,,,,,,,,,,,,,,,,,,,,"Violet Avenue, Hillingdon, Uxbridge, UB8 3PT"
1270,33,Whybridge Junior School,Havering,144596,7 to 11,90,359.0,22.0,Does not apply,False,879,17.2,20.872093023255815,False,27.275485436893206,69.0,8.0,104.0,104.0,106.0,104.66666666666667,RM13 7AH,,,,,,,,,,,,,,,,,,,,,,,,"Blacksmith's Lane, Rainham, RM13 7AH"
1271,31,Ark Bentworth Primary Academy,Hammersmith and Fulham,138680,3 to 11,26,169.0,50.0,Does not apply,False,880,11.0,15.363636363636363,False,27.275485436893206,77.0,4.0,105.0,105.0,102.0,104.0,W12 7AJ,,,,,,,,,,,,,,,,,,,,,,,,"Bentworth Road, Westway, London, W12 7AJ"
1272,41,Haberdashers' Crayford Primary,Bexley,147358,3 to 11,31,243.0,23.0,Unknown,False,881,11.2,21.696428571428573,False,27.251213592233007,68.0,10.0,106.0,104.0,102.0,104.0,DA1 4RS,,,,,,,,,,,,,,,,,,,,,,,,"Iron Mill Lane, Crayford, Dartford, DA1 4RS"
1273,36,St Mary Magdalen's Catholic Junior School,Brent,101542,7 to 11,60,241.0,33.0,Roman Catholic,True,,14.09,17.10432931156849,False,27.233009708737864,61.0,2.0,106.0,104.0,108.0,106.0,NW2 5BB,,,,,,,,,,,,,,,,,,,,,,,,"Linacre Road, Willesden Green, London, NW2 5BB"
1274,35,Brookside Primary School,Hillingdon,139117,3 to 11,48,359.0,56.0,Does not apply,False,882,18.0,19.944444444444443,False,27.226941747572813,60.0,15.0,104.0,104.0,105.0,104.33333333333333,UB4 9LW,,,,,,,,,,,,,,,,,,,,,,,,"Perth Avenue, Hayes, UB4 9LW"
1275,31,Grange Primary School,Harrow,102202,3 to 11,51,446.0,35.0,Does not apply,False,883,22.06,20.217588395285585,False,27.214805825242717,65.0,8.0,105.0,105.0,105.0,105.0,HA2 0RY,,,,,,,,,,,,,,,,,,,,,,,,"Welbeck Road, South Harrow, Harrow, HA2 0RY"
1276,40,St Mary's Roman Catholic Primary School,Lambeth,100636,3 to 11,37,291.0,35.0,Roman Catholic,True,,13.6,21.397058823529413,False,27.17233009708738,59.0,3.0,106.0,104.0,108.0,106.0,SW4 9QJ,,,,,,,,,,,,,,,,,,,,,,,,"Crescent Lane, Clapham, London, SW4 9QJ"
1277,45,Mayville Academy,Waltham Forest,142713,3 to 11,37,311.0,35.0,Does not apply,False,884,16.6,18.73493975903614,False,27.16626213592233,73.0,8.0,103.0,105.0,104.0,104.0,E11 4PZ,,,,,,,,,,,,,,,,,,,,,,,,"Lincoln Street, London, E11 4PZ"
1278,54,New Valley Primary School,Croydon,141118,4 to 11,25,194.0,52.0,Does not apply,False,885,11.0,17.636363636363637,False,27.09344660194175,56.0,0.0,105.0,106.0,108.0,106.33333333333333,CR8 4AZ,,,,,,,,,,,,,,,,,,,,,,,,"New Valley Primary School, Purley, Old Lodge Lane, CR8 4AZ"
1279,42,Fleecefield Primary School,Enfield,146935,4 to 11,38,328.0,50.0,Does not apply,False,886,17.32,18.937644341801384,False,27.081310679611654,63.0,13.0,105.0,104.0,104.0,104.33333333333333,N18 2ES,,,,,,,,,,,,,,,,,,,,,,,,"Brettenham Road, London, N18 2ES"
1280,55,Forest Academy,Croydon,140113,3 to 11,30,190.0,70.0,Does not apply,False,887,8.8,21.59090909090909,False,27.020631067961165,73.0,7.0,105.0,103.0,105.0,104.33333333333333,CR0 8HQ,,,,,,,,,,,,,,,,,,,,,,,,"Bridle Road, Shirley, Croydon, CR0 8HQ"
1281,49,Oldfield Primary School,Ealing,101869,3 to 11,47,311.0,43.0,Does not apply,False,888,14.2,21.901408450704228,False,27.014563106796118,62.0,11.0,104.0,103.0,107.0,104.66666666666667,UB6 8PR,,,,,,,,,,,,,,,,,,,,,,,,"Oldfield Lane North, Greenford, UB6 8PR"
1282,36,Oak Farm Primary School,Hillingdon,102430,3 to 11,74,585.0,14.0,None,False,889,24.31,24.064171122994654,False,26.966019417475728,55.0,7.0,105.0,106.0,106.0,105.66666666666667,UB10 9PD,,,,,,,,,,,,,,,,,,,,,,,,"Windsor Avenue, Hillingdon, Uxbridge, UB10 9PD"
1283,43,Worcesters Primary School,Enfield,145985,3 to 11,78,635.0,56.0,Does not apply,False,890,30.4,20.888157894736842,False,26.91747572815534,64.0,12.0,104.0,105.0,104.0,104.33333333333333,EN1 4UF,,,,,,,,,,,,,,,,,,,,,,,,"Goat Lane, Enfield, EN1 4UF"
1284,72,St Paul's CofE Primary School N11,Barnet,101325,3 to 11,30,216.0,33.0,Church of England,True,,9.51,22.71293375394322,False,26.875,63.0,3.0,106.0,106.0,105.0,105.66666666666667,N11 1NQ,,,,,,,,,,,,,,,,,,,,,,,,"The Avenue, Friern Barnet, London, N11 1NQ"
1285,38,Heathfield Junior School,Richmond upon Thames,102890,7 to 11,113,410.0,41.0,Does not apply,False,891,26.93,15.224656516895655,False,26.844660194174757,68.0,5.0,106.0,105.0,104.0,105.0,TW2 6EN,,,,,,,,,,,,,,,,,,,,,,,,"Cobbett Road, Twickenham, TW2 6EN"
1286,57,Gallions Primary School,Newham,145368,3 to 11,61,460.0,61.0,Does not apply,False,892,23.05,19.95661605206074,False,26.796116504854368,67.0,7.0,105.0,106.0,103.0,104.66666666666667,E6 6WG,,,,,,,,,,,,,,,,,,,,,,,,"Warwall, Beckton, London, E6 6WG"
1287,34,Hilldene Primary School,Havering,102325,3 to 11,90,663.0,34.0,Does not apply,False,893,29.32,22.612551159618008,False,26.79004854368932,61.0,12.0,105.0,104.0,105.0,104.66666666666667,RM3 7DU,,,,,,,,,,,,,,,,,,,,,,,,"Grange Road, Romford, RM3 7DU"
1288,37,Hillside Junior School,Hillingdon,102435,7 to 11,59,221.0,19.0,None,False,894,12.5,17.68,False,26.78398058252427,67.0,9.0,105.0,104.0,105.0,104.66666666666667,HA6 1RX,,,,,,,,,,,,,,,,,,,,,,,,"Northwood Way, Northwood, HA6 1RX"
1289,27,St Peter's CofE School,Westminster,101139,5 to 11,29,197.0,52.0,Church of England,True,,8.4,23.452380952380953,False,26.63228155339806,62.0,7.0,105.0,105.0,106.0,105.33333333333333,W9 2AN,,,,,,,,,,,,,,,,,,,,,,,,"Chippenham Mews, Paddington, London, W9 2AN"
1290,37,Merton Abbey Primary School,Merton,102638,3 to 11,18,210.0,50.0,Does not apply,False,895,11.6,18.10344827586207,False,26.63228155339806,67.0,0.0,105.0,104.0,108.0,105.66666666666667,SW19 2JY,,,,,,,,,,,,,,,,,,,,,,,,"High Path, Merton, London, SW19 2JY"
1291,54,Greenslade Primary School,Greenwich,100162,4 to 11,28,201.0,36.0,Does not apply,False,896,10.1,19.900990099009903,False,26.583737864077673,75.0,4.0,106.0,103.0,104.0,104.33333333333333,SE18 2QQ,,,,,,,,,,,,,,,,,,,,,,,,"Erindale, Plumstead Common, London, SE18 2QQ"
1292,38,Ryefield Primary School,Hillingdon,141718,3 to 11,59,416.0,31.0,Does not apply,False,897,18.77,22.163026105487482,False,26.450242718446603,58.0,8.0,105.0,105.0,106.0,105.33333333333333,UB10 9DE,,,,,,,,,,,,,,,,,,,,,,,,"Ryefield Avenue, Hillingdon, Uxbridge, UB10 9DE"
1293,50,Hobbayne Primary School,Ealing,101888,3 to 11,60,347.0,33.0,Does not apply,False,898,14.75,23.52542372881356,False,26.438106796116507,57.0,8.0,106.0,104.0,106.0,105.33333333333333,W7 1HA,,,,,,,,,,,,,,,,,,,,,,,,"Greenford Avenue, Hanwell, London, W7 1HA"
1294,55,Montbelle Primary School,Greenwich,100149,3 to 11,60,400.0,27.0,Does not apply,False,899,21.49,18.613308515588646,False,26.328883495145632,65.0,13.0,104.0,105.0,102.0,103.66666666666667,SE9 3EY,,,,,,,,,,,,,,,,,,,,,,,,"Milverton Way, Eltham, London, SE9 3EY"
1295,42,Christ Church (Erith) CofE Primary School,Bexley,139212,4 to 11,84,544.0,20.0,Church of England,True,,24.0,22.666666666666668,False,26.29247572815534,64.0,12.0,104.0,104.0,105.0,104.33333333333333,DA8 3DG,,,,,,,,,,,,,,,,,,,,,,,,"Lesney Park Road, Erith, DA8 3DG"
1296,35,St Edward's Church of England Voluntary Aided Primary School,Havering,102328,2 to 11,78,662.0,22.0,Church of England,True,,34.11,19.40779829961888,False,26.286407766990294,58.0,10.0,104.0,105.0,106.0,105.0,RM1 4BT,,,,,,,,,,,,,,,,,,,,,,,,"Havering Drive, Romford, RM1 4BT"
1297,56,Ark Oval Primary Academy,Croydon,137114,4 to 11,85,601.0,44.0,None,False,900,27.8,21.61870503597122,False,26.274271844660195,66.0,4.0,106.0,104.0,106.0,105.33333333333333,CR0 6BA,,,,,,,,,,,,,,,,,,,,,,,,"98 Cherry Orchard Road, Croydon, CR0 6BA"
1298,36,Elm Park Primary School,Havering,102272,4 to 11,60,416.0,22.0,Does not apply,False,901,23.2,17.931034482758623,False,26.225728155339805,52.0,8.0,104.0,107.0,105.0,105.33333333333333,RM12 5UA,,,,,,,,,,,,,,,,,,,,,,,,"South End Road, Elm Park, Hornchurch, RM12 5UA"
1299,37,St Andrew and St Francis CofE Primary School,Brent,141672,3 to 11,50,438.0,52.0,Church of England,True,,15.0,29.2,False,26.06796116504854,72.0,10.0,104.0,104.0,103.0,103.66666666666667,NW2 5PE,,,,,,,,,,,,,,,,,,,,,,,,"Belton Road, Brent, London, NW2 5PE"
1300,43,Fairford Academy Barnehurst,Bexley,141889,3 to 11,79,528.0,41.0,Does not apply,False,902,23.52,22.448979591836736,False,26.06796116504854,56.0,8.0,104.0,105.0,107.0,105.33333333333333,DA7 6QP,,,,,,,,,,,,,,,,,,,,,,,,"Fairford Avenue, Barnehurst, Bexleyheath, DA7 6QP"
1301,57,Whitehorse Manor Junior School,Croydon,136565,7 to 11,112,454.0,49.0,Does not apply,False,903,16.4,27.682926829268297,False,26.019417475728158,69.0,4.0,106.0,104.0,105.0,105.0,CR7 8SB,,,,,,,,,,,,,,,,,,,,,,,,"Whitehorse Road, Thornton Heath, CR7 8SB"
1302,58,Woodside Primary School,Croydon,143178,2 to 11,56,472.0,43.0,Does not apply,False,904,21.4,22.05607476635514,False,25.928398058252426,77.0,5.0,104.0,104.0,104.0,104.0,CR0 6NF,,,,,,,,,,,,,,,,,,,,,,,,"Morland Road, Croydon, CR0 6NF"
1303,39,Yeading Junior School,Hillingdon,102403,7 to 11,108,443.0,41.0,Does not apply,False,905,22.6,19.601769911504423,False,25.873786407766993,65.0,12.0,105.0,104.0,103.0,104.0,UB4 0NR,,,,,,,,,,,,,,,,,,,,,,,,"Carlyon Road, Hayes, UB4 0NR"
1304,38,Malorees Junior School,Brent,101554,7 to 11,57,219.0,35.0,None,False,906,10.75,20.372093023255815,False,25.861650485436893,65.0,9.0,105.0,104.0,105.0,104.66666666666667,NW6 7PB,,,,,,,,,,,,,,,,,,,,,,,,"Christchurch Avenue, London, NW6 7PB"
1305,73,Tudor Primary School,Barnet,101299,3 to 11,28,196.0,36.0,Does not apply,False,907,10.8,18.148148148148145,False,25.8373786407767,64.0,0.0,106.0,107.0,103.0,105.33333333333333,N3 2AG,,,,,,,,,,,,,,,,,,,,,,,,"Queen's Road, Finchley, London, N3 2AG"
1306,44,Orchard Primary School,Bexley,134185,3 to 11,30,211.0,13.0,Does not apply,False,908,10.6,19.90566037735849,False,25.691747572815533,60.0,10.0,106.0,105.0,102.0,104.33333333333333,DA14 6LW,,,,,,,,,,,,,,,,,,,,,,,,"Oxford Road, Sidcup, DA14 6LW"
1307,39,Hounslow Town Primary School,Hounslow,102491,3 to 11,128,1102.0,27.0,Does not apply,False,909,45.21,24.375138243751383,False,25.606796116504853,50.0,9.0,105.0,104.0,107.0,105.33333333333333,TW3 1QZ,,,,,,,,,,,,,,,,,,,,,,,,"School Road, Hounslow, TW3 1QZ"
1308,32,The Welldon Park Academy,Harrow,146782,3 to 11,55,423.0,27.0,Does not apply,False,910,22.1,19.14027149321267,False,25.606796116504853,69.0,5.0,104.0,106.0,104.0,104.66666666666667,HA2 8LS,,,,,,,,,,,,,,,,,,,,,,,,"Wyvenhoe Road, Harrow, HA2 8LS"
1309,39,Our Lady of Lourdes Catholic Primary School,Brent,101545,2 to 11,23,227.0,43.0,Roman Catholic,True,,9.0,25.22222222222222,False,25.58859223300971,68.0,0.0,108.0,103.0,104.0,105.0,NW10 8PP,,,,,,,,,,,,,,,,,,,,,,,,"Wesley Road     Hillside, Harlesden, London, NW10 8PP"
1310,47,Grange Primary School,Southwark,100791,3 to 11,46,292.0,63.0,Does not apply,False,911,17.71,16.487859966120833,False,25.582524271844658,67.0,2.0,106.0,105.0,105.0,105.33333333333333,SE1 4RP,,,,,,,,,,,,,,,,,,,,,,,,"Webb Street, London, SE1 4RP"
1311,55,Olga Primary School,Tower Hamlets,100916,3 to 11,61,537.0,48.0,Does not apply,False,912,29.3,18.32764505119454,False,25.503640776699026,62.0,7.0,106.0,105.0,104.0,105.0,E3 5DN,,,,,,,,,,,,,,,,,,,,,,,,"Lanfranc Road, Bow, London, E3 5DN"
1312,55,St Anthony's Catholic Primary School,Bromley,144549,2 to 11,14,176.0,36.0,Catholic,True,,7.4,23.783783783783782,False,25.442961165048544,57.0,0.0,105.0,107.0,106.0,106.0,SE20 8ES,,,,,,,,,,,,,,,,,,,,,,,,"Genoa Road, Anerley, London, SE20 8ES"
1313,41,Earlsmead Primary School,Haringey,102091,3 to 11,57,479.0,51.0,Does not apply,False,913,17.7,27.062146892655367,False,25.4368932038835,74.0,7.0,104.0,105.0,101.0,103.33333333333333,N15 4PW,,,,,,,,,,,,,,,,,,,,,,,,"Broad Lane, Tottenham, London, N15 4PW"
1314,40,Preston Park Primary School,Brent,101510,2 to 11,63,608.0,24.0,Does not apply,False,914,36.6,16.612021857923498,False,25.40655339805825,57.0,16.0,104.0,104.0,104.0,104.0,HA9 8RJ,,,,,,,,,,,,,,,,,,,,,,,,"College Road, Preston Park Primary School, Wembley, HA9 8RJ"
1315,56,St Thomas More Catholic Primary School,Greenwich,100176,4 to 11,29,198.0,34.0,Roman Catholic,True,,,,False,25.382281553398055,69.0,7.0,106.0,103.0,104.0,104.33333333333333,SE9 6NS,,,,,,,,,,,,,,,,,,,,,,,,"Appleton Road, Eltham, London, SE9 6NS"
1316,25,St Luke's CofE Primary School,Islington,100443,3 to 11,29,208.0,59.0,Church of England,True,,10.26,20.2729044834308,False,25.327669902912618,59.0,3.0,106.0,106.0,105.0,105.66666666666667,EC1V 3SJ,,,,,,,,,,,,,,,,,,,,,,,,"Radnor Street, London, EC1V 3SJ"
1317,59,Christ Church CofE Primary School (Purley),Croydon,101793,4 to 11,60,403.0,20.0,Church of England,True,,16.93,23.803898405197874,False,25.303398058252423,62.0,2.0,105.0,106.0,106.0,105.66666666666667,CR8 2QE,,,,,,,,,,,,,,,,,,,,,,,,"Montpelier Road, Purley, CR8 2QE"
1318,41,Harlesden Primary School,Brent,101499,3 to 11,29,297.0,38.0,Does not apply,False,915,11.0,27.0,False,25.28519417475728,62.0,10.0,105.0,104.0,105.0,104.66666666666667,NW10 8UT,,,,,,,,,,,,,,,,,,,,,,,,"Acton Lane, London, NW10 8UT"
1319,28,St Barnabas' CofE Primary School,Westminster,101126,3 to 11,11,118.0,45.0,Church of England,True,,10.5,11.238095238095237,True,25.24271844660194,40.0,10.0,104.0,107.0,104.0,105.0,SW1W 8PF,,,,,,,,,,,,,,,,,,,,,,,,"St Barnabas Street, Pimlico, London, SW1W 8PF"
1320,30,Rushy Meadow Primary Academy,Sutton,144544,3 to 11,28,364.0,57.0,Does not apply,False,916,18.7,19.46524064171123,False,25.169902912621357,61.0,7.0,105.0,106.0,104.0,105.0,SM5 2SG,,,,,,,,,,,,,,,,,,,,,,,,"Rushy Meadow Lane, Fellowes Road, Carshalton, SM5 2SG"
1321,23,St Joseph's Catholic Primary School,Kingston upon Thames,102596,3 to 11,30,237.0,37.0,Roman Catholic,True,,10.6,22.358490566037737,False,25.084951456310677,63.0,7.0,105.0,105.0,105.0,105.0,KT1 2UP,,,,,,,,,,,,,,,,,,,,,,,,"The Fairfield, Kingston upon Thames, KT1 2UP"
1322,58,Britannia Village Primary School,Newham,144527,3 to 11,59,441.0,54.0,Does not apply,False,917,28.3,15.58303886925795,False,24.896844660194176,63.0,12.0,105.0,104.0,103.0,104.0,E16 2AW,,,,,,,,,,,,,,,,,,,,,,,,"Westwood Road, West Silvertown, London, E16 2AW"
1323,44,St James CofE Primary School,Enfield,102033,4 to 11,24,173.0,54.0,Church of England,True,,9.29,18.6221743810549,False,24.884708737864077,63.0,4.0,106.0,104.0,106.0,105.33333333333333,EN3 7HH,,,,,,,,,,,,,,,,,,,,,,,,"Frederick Crescent, Enfield, EN3 7HH"
1324,37,The James Oglethorpe Primary School,Havering,102268,4 to 11,49,396.0,14.0,Does not apply,False,918,17.08,23.185011709601877,False,24.83009708737864,67.0,12.0,104.0,104.0,103.0,103.66666666666667,RM14 3NB,,,,,,,,,,,,,,,,,,,,,,,,"Ashvale Gardens, Upminster, RM14 3NB"
1325,41,St Mark's Church of England Primary School,Lambeth,100619,3 to 11,25,207.0,56.0,Church of England,True,,10.0,20.7,False,24.824029126213592,64.0,8.0,104.0,105.0,105.0,104.66666666666667,SE11 5SL,,,,,,,,,,,,,,,,,,,,,,,,"Harleyford Road, Kennington, London, SE11 5SL"
1326,43,John Stainer Community Primary School,Lewisham,100689,3 to 11,59,421.0,34.0,Does not apply,False,919,14.4,29.23611111111111,False,24.824029126213592,61.0,5.0,106.0,104.0,106.0,105.33333333333333,SE4 2DY,,,,,,,,,,,,,,,,,,,,,,,,"Mantle Road, Brockley, London, SE4 2DY"
1327,48,Bird In Bush School,Southwark,100780,3 to 11,70,428.0,59.0,Does not apply,False,920,21.0,20.38095238095238,False,24.726941747572816,67.0,4.0,106.0,104.0,105.0,105.0,SE15 1QP,,,,,,,,,,,,,,,,,,,,,,,,"Bird-in-Bush School, Bird-in-Bush Road, Peckham, SE15 1QP"
1328,42,Bruce Grove Primary School,Haringey,131731,2 to 11,26,312.0,35.0,Does not apply,False,921,12.8,24.375,False,24.726941747572816,62.0,4.0,104.0,106.0,106.0,105.33333333333333,N17 6UH,,,,,,,,,,,,,,,,,,,,,,,,"Sperling Road, Tottenham, London, N17 6UH"
1329,40,Grange Park School,Hillingdon,102432,3 to 11,106,373.0,25.0,None,False,922,17.9,20.837988826815643,False,24.660194174757283,54.0,0.0,104.0,106.0,108.0,106.0,UB4 8SF,,,,,,,,,,,,,,,,,,,,,,,,"Lansbury Drive, Hayes, UB4 8SF"
1330,24,Kensington Primary Academy,Kensington and Chelsea,140213,3 to 11,26,232.0,69.0,None,False,923,11.0,21.09090909090909,False,24.599514563106794,65.0,15.0,103.0,104.0,102.0,103.0,W14 8PU,,,,,,,,,,,,,,,,,,,,,,,,"205 Warwick Road, (On the Corner of Kensington High Street), London, W14 8PU"
1331,46,ARK John Archer Primary Academy,Wandsworth,146214,3 to 11,27,202.0,59.0,Does not apply,False,924,8.51,23.73678025851939,False,24.550970873786408,67.0,15.0,104.0,103.0,100.0,102.33333333333333,SW11 2AA,,,,,,,,,,,,,,,,,,,,,,,,"Plough Road, Battersea, London, SW11 2AA"
1332,42,Crown Lane Primary School,Lambeth,100593,3 to 11,31,253.0,48.0,Does not apply,False,925,9.4,26.914893617021274,False,24.54490291262136,68.0,3.0,106.0,104.0,105.0,105.0,SW16 3HX,,,,,,,,,,,,,,,,,,,,,,,,"Crown Lane, Streatham, London, SW16 3HX"
1333,24,Knollmead Primary School,Kingston upon Thames,140667,3 to 11,31,239.0,32.0,Does not apply,False,926,13.9,17.194244604316545,False,24.478155339805827,52.0,16.0,104.0,105.0,102.0,103.66666666666667,KT5 9QP,,,,,,,,,,,,,,,,,,,,,,,,"Knollmead, Tolworth, Surbiton, KT5 9QP"
1334,51,St John Fisher Catholic Primary School,Ealing,101921,3 to 11,49,391.0,31.0,Roman Catholic,True,,17.0,23.0,False,24.344660194174757,53.0,4.0,104.0,106.0,107.0,105.66666666666667,UB6 7AF,,,,,,,,,,,,,,,,,,,,,,,,"Sarsfield Road, Perivale, Greenford, UB6 7AF"
1335,42,Brentfield Primary School,Brent,101496,3 to 11,50,433.0,54.0,Does not apply,False,927,18.61,23.267060720042988,False,24.277912621359224,58.0,6.0,105.0,105.0,106.0,105.33333333333333,NW10 0SL,,,,,,,,,,,,,,,,,,,,,,,,"41-43 Meadow Garth, London, NW10 0SL"
1336,26,Sacred Heart Catholic Primary School,Islington,100437,3 to 11,59,454.0,54.0,Roman Catholic,True,,19.9,22.814070351758797,False,24.271844660194176,63.0,8.0,104.0,105.0,105.0,104.66666666666667,N7 8JN,,,,,,,,,,,,,,,,,,,,,,,,"68 Georges Road, Holloway, London, N7 8JN"
1337,56,Cubitt Town Primary School,Tower Hamlets,100898,3 to 11,83,694.0,63.0,Does not apply,False,928,37.1,18.70619946091644,False,24.174757281553397,63.0,10.0,105.0,104.0,104.0,104.33333333333333,E14 3NE,,,,,,,,,,,,,,,,,,,,,,,,"Manchester Road, Isle of Dogs, Cubitt Town Primary School, Manchester Road, London, E14 3NE"
1338,56,Harris Primary Academy Kent House,Bromley,139678,3 to 11,54,410.0,37.0,Does not apply,False,929,12.0,34.166666666666664,False,24.059466019417474,72.0,6.0,105.0,104.0,103.0,104.0,SE20 7QR,,,,,,,,,,,,,,,,,,,,,,,,"High Street, Penge, London, SE20 7QR"
1339,57,Seven Mills Primary School,Tower Hamlets,100931,3 to 11,29,228.0,69.0,Does not apply,False,930,12.6,18.095238095238095,False,24.05339805825243,55.0,14.0,105.0,104.0,103.0,104.0,E14 8LY,,,,,,,,,,,,,,,,,,,,,,,,"Malabar Street, Isle of Dogs, London, E14 8LY"
1340,43,Elm Wood School,Lambeth,100597,3 to 11,45,366.0,49.0,Does not apply,False,931,16.76,21.837708830548923,False,24.04733009708738,64.0,2.0,106.0,104.0,106.0,105.33333333333333,SE27 9RR,,,,,,,,,,,,,,,,,,,,,,,,"Carnac Street, West Norwood, London, SE27 9RR"
1341,44,Vauxhall Primary School,Lambeth,100588,3 to 11,25,191.0,72.0,Does not apply,False,932,10.54,18.121442125237195,False,23.859223300970875,64.0,4.0,106.0,103.0,106.0,105.0,SE11 5LG,,,,,,,,,,,,,,,,,,,,,,,,"Vauxhall Street, London, SE11 5LG"
1342,45,Castilion Primary School,Bexley,146892,3 to 11,36,220.0,28.0,Does not apply,False,933,12.6,17.460317460317462,False,23.841019417475728,53.0,0.0,105.0,105.0,108.0,106.0,SE28 8QA,,,,,,,,,,,,,,,,,,,,,,,,"Copperfield Road, Thamesmead, London, SE28 8QA"
1343,38,Liberty Primary,Merton,102656,3 to 11,50,442.0,44.0,Does not apply,False,934,24.5,18.040816326530614,False,23.74393203883495,64.0,2.0,105.0,104.0,107.0,105.33333333333333,CR4 3EB,,,,,,,,,,,,,,,,,,,,,,,,"Western Road, Mitcham, CR4 3EB"
1344,74,Queenswell Junior School,Barnet,101313,7 to 11,60,265.0,37.0,Does not apply,False,935,15.83,16.740366392924827,False,23.683252427184467,63.0,5.0,106.0,104.0,105.0,105.0,N20 0NQ,,,,,,,,,,,,,,,,,,,,,,,,"Sweets Way, Whetstone, London, N20 0NQ"
1345,29,Five Elms Primary School,Barking and Dagenham,101228,3 to 11,46,459.0,48.0,Does not apply,False,936,24.6,18.65853658536585,False,23.652912621359224,61.0,0.0,105.0,105.0,107.0,105.66666666666667,RM9 5TB,,,,,,,,,,,,,,,,,,,,,,,,"Wood Lane, Five Elms Primary School, Dagenham, RM9 5TB"
1346,49,Michael Faraday School,Southwark,100803,3 to 11,49,429.0,47.0,Does not apply,False,937,20.8,20.625,False,23.59223300970874,65.0,4.0,104.0,105.0,106.0,105.0,SE17 2HR,,,,,,,,,,,,,,,,,,,,,,,,"Portland Street, Walworth, Southwark, London, SE17 2HR"
1347,33,Glebe Primary School,Harrow,102224,3 to 11,77,580.0,18.0,Does not apply,False,938,26.8,21.64179104477612,False,23.501213592233007,56.0,3.0,105.0,105.0,107.0,105.66666666666667,HA3 9LF,,,,,,,,,,,,,,,,,,,,,,,,"Glebe Avenue, Kenton, Harrow, HA3 9LF"
1348,58,St John's Church of England Primary School,Tower Hamlets,100953,3 to 11,25,172.0,76.0,Church of England,True,,8.2,20.975609756097562,False,23.483009708737864,64.0,12.0,104.0,104.0,103.0,103.66666666666667,E2 9LR,,,,,,,,,,,,,,,,,,,,,,,,"Peel Grove, Bethnal Green, London, E2 9LR"
1349,60,Keston Primary School,Croydon,146390,3 to 11,60,449.0,27.0,Does not apply,False,939,21.03,21.350451735615785,False,23.483009708737864,62.0,8.0,105.0,104.0,105.0,104.66666666666667,CR5 1HP,,,,,,,,,,,,,,,,,,,,,,,,"Keston Primary School, Keston Avenue, Old Coulsdon, Coulsdon, CR5 1HP"
1350,52,West Acton Primary School,Ealing,101876,3 to 11,80,669.0,46.0,Does not apply,False,940,28.4,23.556338028169016,False,23.428398058252426,54.0,6.0,104.0,105.0,107.0,105.33333333333333,W3 0JL,,,,,,,,,,,,,,,,,,,,,,,,"Noel Road, Acton, London, W3 0JL"
1351,44,Oak Gardens Primary School,Lewisham,100695,3 to 11,34,184.0,59.0,Does not apply,False,941,10.0,18.4,False,23.42233009708738,71.0,6.0,105.0,104.0,103.0,104.0,SE8 4QB,,,,,,,,,,,,,,,,,,,,,,,,"Thornville Street, London, SE8 4QB"
1352,31,Christ Church School,Camden,100029,3 to 11,20,173.0,45.0,Church of England,True,,10.0,17.3,False,23.3252427184466,70.0,5.0,105.0,104.0,104.0,104.33333333333333,NW1 4BD,,,,,,,,,,,,,,,,,,,,,,,,"Redhill Street, Camden, London, NW1 4BD"
1353,45,St John Baptist Southend Church of England Primary School,Lewisham,100728,4 to 11,25,189.0,36.0,Church of England,True,,10.4,18.173076923076923,False,23.31917475728155,68.0,8.0,103.0,104.0,105.0,104.0,BR1 5RL,,,,,,,,,,,,,,,,,,,,,,,,"Beachborough Road, Bromley, BR1 5RL"
1354,41,William Byrd Primary Academy,Hillingdon,144473,3 to 11,74,592.0,35.0,Does not apply,False,942,27.0,21.925925925925927,False,23.300970873786408,69.0,9.0,104.0,104.0,103.0,103.66666666666667,UB3 5EW,,,,,,,,,,,,,,,,,,,,,,,,"Victoria Lane, Harlington, Hayes, UB3 5EW"
1355,43,Wykeham Primary School,Brent,101518,3 to 11,60,451.0,45.0,Does not apply,False,943,21.22,21.253534401508013,False,23.29490291262136,63.0,0.0,106.0,103.0,107.0,105.33333333333333,NW10 0EX,,,,,,,,,,,,,,,,,,,,,,,,"Aboyne Road, London, NW10 0EX"
1356,25,Lovelace Primary School,Kingston upon Thames,102583,2 to 11,84,612.0,21.0,Does not apply,False,944,29.61,20.66869300911854,False,23.276699029126213,55.0,10.0,104.0,105.0,105.0,104.66666666666667,KT9 2RN,,,,,,,,,,,,,,,,,,,,,,,,"Mansfield Road, Hook, Chessington, KT9 2RN"
1357,44,Oliver Goldsmith Primary School,Brent,101528,3 to 11,50,455.0,20.0,Does not apply,False,945,21.85,20.823798627002287,False,23.149271844660195,54.0,6.0,105.0,105.0,106.0,105.33333333333333,NW9 0BD,,,,,,,,,,,,,,,,,,,,,,,,"Coniston Gardens, Kingsbury, London, NW9 0BD"
1358,45,Hazelbury Primary School,Enfield,143198,2 to 11,141,1042.0,70.0,Does not apply,False,946,44.4,23.46846846846847,False,23.082524271844658,70.0,6.0,105.0,102.0,105.0,104.0,N9 9TT,,,,,,,,,,,,,,,,,,,,,,,,"Haselbury Road, Edmonton, London, N9 9TT"
1359,46,De Bohun Primary School,Enfield,102022,2 to 11,43,396.0,42.0,Does not apply,False,947,20.3,19.507389162561577,False,23.021844660194176,47.0,12.0,106.0,100.0,105.0,103.66666666666667,N14 4AD,,,,,,,,,,,,,,,,,,,,,,,,"Green Road, Southgate, London, N14 4AD"
1360,50,Keyworth Primary School,Southwark,100800,2 to 11,52,335.0,67.0,Does not apply,False,948,19.8,16.919191919191917,False,23.003640776699026,63.0,4.0,105.0,103.0,107.0,105.0,SE17 3TR,,,,,,,,,,,,,,,,,,,,,,,,"Keyworth Primary School, Faunce Street, London, SE17 3TR"
1361,57,Worsley Bridge Primary School,Bromley,142403,4 to 11,54,367.0,33.0,Does not apply,False,949,14.9,24.630872483221477,False,22.99757281553398,57.0,13.0,104.0,103.0,105.0,104.0,BR3 1RF,,,,,,,,,,,,,,,,,,,,,,,,"Worsley Bridge Primary School, Brackley Road, Beckenham, BR3 1RF"
1362,27,Pakeman Primary School,Islington,100418,2 to 11,42,327.0,71.0,Does not apply,False,950,19.62,16.666666666666664,False,22.95509708737864,62.0,7.0,105.0,105.0,104.0,104.66666666666667,N7 6DU,,,,,,,,,,,,,,,,,,,,,,,,"Hornsey Road, Holloway, London, N7 6DU"
1363,47,St George's CofE Primary School,Wandsworth,101044,3 to 11,30,234.0,73.0,Church of England,True,,9.9,23.636363636363637,False,22.949029126213595,67.0,0.0,106.0,103.0,106.0,105.0,SW8 4JS,,,,,,,,,,,,,,,,,,,,,,,,"Corunna Road, Battersea, London, SW8 4JS"
1364,59,Sheringham Primary School,Newham,141296,4 to 11,83,603.0,53.0,Does not apply,False,951,26.6,22.669172932330827,False,22.839805825242717,63.0,7.0,105.0,104.0,105.0,104.66666666666667,E12 5PB,,,,,,,,,,,,,,,,,,,,,,,,"Sheringham Avenue, Manor Park, London, E12 5PB"
1365,30,Roding Primary School,Barking and Dagenham,101230,3 to 11,139,987.0,44.0,Does not apply,False,952,46.17,21.377517868745937,False,22.83373786407767,59.0,5.0,105.0,106.0,104.0,105.0,RM8 2XS,,,,,,,,,,,,,,,,,,,,,,,,"Hewett Road, Dagenham, RM8 2XS"
1366,38,Benhurst Primary School,Havering,143216,4 to 11,54,411.0,24.0,Does not apply,False,953,17.6,23.352272727272727,False,22.82766990291262,63.0,4.0,106.0,104.0,105.0,105.0,RM12 4QS,,,,,,,,,,,,,,,,,,,,,,,,"Benhurst Avenue, Elm Park, Hornchurch, RM12 4QS"
1367,53,Featherstone Primary and Nursery School,Ealing,101910,3 to 11,75,676.0,43.0,Does not apply,False,954,31.71,21.318196152633238,False,22.79733009708738,63.0,3.0,103.0,105.0,107.0,105.0,UB2 5JT,,,,,,,,,,,,,,,,,,,,,,,,"Western Road, Southall, UB2 5JT"
1368,54,St Joseph's Catholic Primary School,Ealing,101924,3 to 11,71,576.0,20.0,Roman Catholic,True,,24.8,23.225806451612904,False,22.736650485436893,58.0,4.0,105.0,104.0,107.0,105.33333333333333,W7 3HU,,,,,,,,,,,,,,,,,,,,,,,,"York Avenue, Hanwell, London, W7 3HU"
1369,46,Belmont Academy,Bexley,146870,3 to 11,60,438.0,20.0,Does not apply,False,955,17.59,24.900511654349064,False,22.724514563106794,60.0,8.0,105.0,104.0,105.0,104.66666666666667,DA8 1LE,,,,,,,,,,,,,,,,,,,,,,,,"Belmont Road, Erith, DA8 1LE"
1370,45,Furness Primary School,Brent,142703,3 to 11,42,343.0,67.0,Does not apply,False,956,16.8,20.416666666666664,False,22.700242718446603,43.0,0.0,105.0,105.0,108.0,106.0,NW10 5YT,,,,,,,,,,,,,,,,,,,,,,,,"Furness Road, Harlesden, London, NW10 5YT"
1371,32,Sir John Lillie Primary School,Hammersmith and Fulham,100338,3 to 11,27,191.0,37.0,Does not apply,False,957,9.2,20.760869565217394,False,22.469660194174757,70.0,4.0,105.0,104.0,104.0,104.33333333333333,SW6 7LN,,,,,,,,,,,,,,,,,,,,,,,,"Lillie Road, Lillie Road, Fulham, SW6 7LN"
1372,45,St Anne's Catholic Primary School,Lambeth,100629,4 to 11,39,208.0,36.0,Roman Catholic,True,,10.0,20.8,False,22.439320388349515,56.0,0.0,105.0,106.0,106.0,105.66666666666667,SE11 5JA,,,,,,,,,,,,,,,,,,,,,,,,"6 Durham Street, London, SE11 5JA"
1373,75,Pardes House Primary School,Barnet,133364,4 to 11,50,355.0,6.0,Jewish,True,,16.02,22.15980024968789,False,22.408980582524272,62.0,2.0,107.0,105.0,102.0,104.66666666666667,N3 1SA,,,,,,,,,,,,,,,,,,,,,,,,"Hendon Lane, Pardes House Primary School, London, N3 1SA"
1374,55,East Acton Primary School,Ealing,101868,4 to 11,27,216.0,44.0,Does not apply,False,958,10.0,21.6,False,22.390776699029125,56.0,7.0,105.0,104.0,106.0,105.0,W3 7HA,,,,,,,,,,,,,,,,,,,,,,,,"East Acton Lane, Acton, London, W3 7HA"
1375,57,Discovery Primary School,Greenwich,131109,3 to 11,87,592.0,40.0,Does not apply,False,959,27.7,21.37184115523466,False,22.384708737864077,59.0,7.0,103.0,104.0,107.0,104.66666666666667,SE28 0JN,,,,,,,,,,,,,,,,,,,,,,,,"Battery Road, Thamesmead, London, SE28 0JN"
1376,46,Van Gogh Primary,Lambeth,146368,3 to 11,44,274.0,59.0,None,False,960,15.0,18.266666666666666,False,22.336165048543688,66.0,2.0,105.0,104.0,106.0,105.0,SW9 6HF,,,,,,,,,,,,,,,,,,,,,,,,"Cowley Road, London, SW9 6HF"
1377,58,St Joseph's Catholic Primary School,Greenwich,100169,4 to 11,22,136.0,36.0,Roman Catholic,True,,9.7,14.020618556701033,True,22.25728155339806,68.0,9.0,104.0,103.0,104.0,103.66666666666667,SE10 9AN,,,,,,,,,,,,,,,,,,,,,,,,"Commerell Street, Greenwich, London, SE10 9AN"
1378,59,Middle Park Primary School,Greenwich,130921,3 to 11,56,417.0,48.0,Does not apply,False,961,20.9,19.95215311004785,False,22.25121359223301,68.0,4.0,105.0,105.0,103.0,104.33333333333333,SE9 5RX,,,,,,,,,,,,,,,,,,,,,,,,"Middle Park Avenue, Eltham, London, SE9 5RX"
1379,28,St John's Upper Holloway CofE Primary School,Islington,100439,2 to 11,26,212.0,69.0,Church of England,True,,9.55,22.19895287958115,False,22.148058252427184,58.0,8.0,105.0,104.0,105.0,104.66666666666667,N19 5RR,,,,,,,,,,,,,,,,,,,,,,,,"Pemberton Gardens, Upper Holloway, London, N19 5RR"
1380,46,Haberdashers' Knights Primary,Lewisham,147363,3 to 11,22,199.0,59.0,Unknown,False,962,10.0,19.9,False,22.11771844660194,73.0,5.0,104.0,104.0,103.0,103.66666666666667,BR1 5LW,,,,,,,,,,,,,,,,,,,,,,,,"Ballamore Road, Bromley, BR1 5LW"
1381,76,Watling Park School,Barnet,142114,4 to 11,56,404.0,61.0,None,False,963,17.6,22.954545454545453,False,22.099514563106794,55.0,7.0,106.0,102.0,106.0,104.66666666666667,HA8 9YA,,,,,,,,,,,,,,,,,,,,,,,,"Pavilion Way, Burnt Oak, Barnet, HA8 9YA"
1382,42,Charville Academy,Hillingdon,139609,3 to 11,66,452.0,41.0,None,False,964,18.8,24.04255319148936,False,22.014563106796118,64.0,8.0,104.0,105.0,103.0,104.0,UB4 8LF,,,,,,,,,,,,,,,,,,,,,,,,"Bury Avenue, Hayes, UB4 8LF"
1383,59,Harbinger Primary School,Tower Hamlets,100904,3 to 11,30,291.0,50.0,Does not apply,False,965,14.44,20.15235457063712,False,21.796116504854368,63.0,3.0,104.0,104.0,107.0,105.0,E14 3QP,,,,,,,,,,,,,,,,,,,,,,,,"Cahir Street, London, E14 3QP"
1384,56,John Perryn Primary School,Ealing,101889,3 to 11,45,439.0,42.0,Does not apply,False,966,20.0,21.95,False,21.723300970873787,58.0,11.0,105.0,103.0,104.0,104.0,W3 7PD,,,,,,,,,,,,,,,,,,,,,,,,"Long Drive, Acton, London, W3 7PD"
1385,45,Parkwood Primary School,Hackney,100259,2 to 11,22,197.0,36.0,Does not apply,False,967,11.1,17.74774774774775,False,21.717233009708735,59.0,9.0,105.0,104.0,104.0,104.33333333333333,N4 2HQ,,,,,,,,,,,,,,,,,,,,,,,,"Queen's Drive, Parkwood Primary School, LONDON, N4 2HQ"
1386,48,St Mary's RC Voluntary Aided Primary School,Wandsworth,101048,3 to 11,24,199.0,63.0,Roman Catholic,True,,11.4,17.45614035087719,False,21.608009708737868,58.0,4.0,106.0,105.0,104.0,105.0,SW8 4EN,,,,,,,,,,,,,,,,,,,,,,,,"7 St Josephs Street, London, SW8 4EN"
1387,57,Petts Hill Primary School,Ealing,134217,3 to 11,28,251.0,61.0,Does not apply,False,968,12.4,20.241935483870968,False,21.608009708737864,61.0,4.0,105.0,105.0,105.0,105.0,UB5 4HB,,,,,,,,,,,,,,,,,,,,,,,,"Newmarket Avenue, Newmarket Avenue, Northolt, UB5 4HB"
1388,46,The Stonebridge School,Brent,101521,3 to 11,45,352.0,51.0,Does not apply,False,969,14.1,24.9645390070922,False,21.49878640776699,49.0,11.0,105.0,103.0,105.0,104.33333333333333,NW10 8NG,,,,,,,,,,,,,,,,,,,,,,,,"Shakespeare Avenue, London, NW10 8NG"
1389,47,Eldon Primary School,Enfield,150663,2 to 11,88,732.0,40.0,Does not apply,False,970,34.2,21.403508771929822,False,21.474514563106798,64.0,0.0,104.0,106.0,105.0,105.0,N9 8LG,,,,,,,,,,,,,,,,,,,,,,,,"Eldon Road, Edmonton, London, N9 8LG"
1390,32,Rhyl Community Primary School,Camden,100021,2 to 11,57,392.0,81.0,Does not apply,False,971,24.2,16.198347107438018,False,21.468446601941746,67.0,7.0,102.0,105.0,104.0,103.66666666666667,NW5 3HB,,,,,,,,,,,,,,,,,,,,,,,,"Rhyl Street, London, NW5 3HB"
1391,47,St Leonard's Church of England Primary School,Lambeth,145615,4 to 11,55,406.0,31.0,Church of England,True,,19.59,20.724859622256254,False,21.347087378640776,45.0,5.0,105.0,104.0,107.0,105.33333333333333,SW16 6NP,,,,,,,,,,,,,,,,,,,,,,,,"42 Mitcham Lane, Streatham, London, SW16 6NP"
1392,61,Cypress Primary School,Croydon,144626,2 to 11,83,680.0,29.0,Does not apply,False,972,30.2,22.516556291390728,False,21.292475728155342,57.0,4.0,106.0,105.0,104.0,105.0,SE25 4AU,,,,,,,,,,,,,,,,,,,,,,,,"Cypress Road, London, SE25 4AU"
1393,31,Grafton Primary School,Barking and Dagenham,101206,3 to 11,118,898.0,24.0,Does not apply,False,973,45.11,19.906894258479273,False,21.256067961165048,56.0,3.0,105.0,104.0,107.0,105.33333333333333,RM8 3EX,,,,,,,,,,,,,,,,,,,,,,,,"Grafton Primary School, Grafton Road, Dagenham, RM8 3EX"
1394,60,St Joachim's Catholic Primary School,Newham,141927,3 to 11,58,359.0,40.0,Roman Catholic,True,,18.0,19.944444444444443,False,21.12864077669903,66.0,3.0,104.0,105.0,105.0,104.66666666666667,E16 3DT,,,,,,,,,,,,,,,,,,,,,,,,"Shipman Road, Custom House, London, E16 3DT"
1395,46,Harrington Hill Primary School,Hackney,100256,3 to 11,29,186.0,52.0,Does not apply,False,974,10.08,18.452380952380953,False,21.031553398058254,66.0,7.0,105.0,103.0,104.0,104.0,E5 9JG,,,,,,,,,,,,,,,,,,,,,,,,"Mount Pleasant Lane, London, E5 9JG"
1396,29,Prior Weston Primary School and Children's Centre,Islington,100434,0 to 11,40,298.0,55.0,Does not apply,False,975,12.4,24.032258064516128,False,20.86771844660194,43.0,10.0,106.0,103.0,104.0,104.33333333333333,EC1Y 8JA,,,,,,,,,,,,,,,,,,,,,,,,"101 Whitecross Street, London, EC1Y 8JA"
1397,60,St Elizabeth Catholic Primary School,Tower Hamlets,133288,2 to 11,40,286.0,63.0,Roman Catholic,True,,14.0,20.428571428571427,False,20.83131067961165,45.0,5.0,106.0,106.0,102.0,104.66666666666667,E2 9JY,,,,,,,,,,,,,,,,,,,,,,,,"Bonner Road, Bethnal Green, London, E2 9JY"
1398,43,Harmondsworth Primary School,Hillingdon,102384,3 to 11,22,208.0,32.0,Does not apply,False,976,10.29,20.21379980563654,False,20.631067961165048,64.0,0.0,105.0,104.0,106.0,105.0,UB7 0AU,,,,,,,,,,,,,,,,,,,,,,,,"School Road, Harmondsworth, West Drayton, UB7 0AU"
1399,34,Elmgrove Primary School & Nursery,Harrow,102211,3 to 11,79,802.0,33.0,Does not apply,False,977,40.0,20.05,False,20.558252427184467,66.0,5.0,104.0,104.0,105.0,104.33333333333333,HA3 8LU,,,,,,,,,,,,,,,,,,,,,,,,"Kenmore Avenue, Kenton, Harrow, HA3 8LU"
1400,47,St Stephen's CofE Primary School,Lewisham,151011,3 to 11,26,204.0,42.0,Church of England,True,,10.3,19.805825242718445,False,20.527912621359224,50.0,15.0,104.0,103.0,103.0,103.33333333333333,SE8 4ED,,,,,,,,,,,,,,,,,,,,,,,,"Albyn Road, Deptford, London, SE8 4ED"
1401,39,Rainham Village Primary School,Havering,102324,3 to 11,59,464.0,41.0,Does not apply,False,978,19.05,24.35695538057743,False,20.50364077669903,58.0,12.0,105.0,102.0,103.0,103.33333333333333,RM13 9AA,,,,,,,,,,,,,,,,,,,,,,,,"Upminster Road South, Rainham, RM13 9AA"
1402,48,Kender Primary School,Lewisham,100691,3 to 11,44,353.0,48.0,Does not apply,False,979,19.0,18.57894736842105,False,20.461165048543688,68.0,2.0,103.0,105.0,105.0,104.33333333333333,SE14 5JA,,,,,,,,,,,,,,,,,,,,,,,,"Kender Street, New Cross, London, SE14 5JA"
1403,49,Grinling Gibbons Primary School,Lewisham,100685,3 to 11,30,222.0,53.0,Does not apply,False,980,8.04,27.611940298507466,False,20.442961165048544,57.0,0.0,104.0,105.0,107.0,105.33333333333333,SE8 5LW,,,,,,,,,,,,,,,,,,,,,,,,"Clyde Street, Deptford, London, SE8 5LW"
1404,61,Arnhem Wharf Primary School,Tower Hamlets,130352,3 to 11,77,511.0,55.0,Does not apply,False,981,28.17,18.139865104721334,False,20.436893203883493,60.0,3.0,105.0,105.0,105.0,105.0,E14 3RP,,,,,,,,,,,,,,,,,,,,,,,,"1 Arnhem Place, Isle of Dogs, London, E14 3RP"
1405,62,Kensington Avenue Primary School,Croydon,146724,4 to 11,77,513.0,40.0,Does not apply,False,982,26.6,19.285714285714285,False,20.406553398058254,64.0,6.0,104.0,104.0,105.0,104.33333333333333,CR7 8BT,,,,,,,,,,,,,,,,,,,,,,,,"Kensington Avenue, Thornton Heath, CR7 8BT"
1406,50,Holbeach Primary School,Lewisham,100688,3 to 11,57,434.0,37.0,Does not apply,False,983,21.0,20.666666666666668,False,20.388349514563107,56.0,7.0,107.0,102.0,103.0,104.0,SE6 4TP,,,,,,,,,,,,,,,,,,,,,,,,"Nelgarde Road, London, SE6 4TP"
1407,63,Broadmead Primary School,Croydon,140840,3 to 11,41,381.0,63.0,Does not apply,False,984,22.65,16.821192052980134,False,20.38228155339806,63.0,12.0,104.0,102.0,103.0,103.0,CR0 2EA,,,,,,,,,,,,,,,,,,,,,,,,"366 Sydenham Road, Croydon, CR0 2EA"
1408,44,Botwell House Catholic Primary School,Hillingdon,102422,4 to 11,90,692.0,29.0,Roman Catholic,True,,28.82,24.011103400416378,False,20.38228155339806,40.0,0.0,106.0,104.0,107.0,105.66666666666667,UB3 2AB,,,,,,,,,,,,,,,,,,,,,,,,"Botwell Lane, Hayes, UB3 2AB"
1409,33,Brecknock Primary School,Camden,100010,2 to 11,33,288.0,79.0,Does not apply,False,985,15.26,18.872870249017037,False,20.376213592233007,48.0,6.0,104.0,104.0,107.0,105.0,NW1 9AL,,,,,,,,,,,,,,,,,,,,,,,,"Cliff Villas, Camden, London, NW1 9AL"
1410,60,Windrush Thamesmead Primary School,Greenwich,143079,3 to 11,30,223.0,60.0,Does not apply,False,986,11.8,18.89830508474576,False,20.32766990291262,57.0,3.0,106.0,103.0,106.0,105.0,SE28 8AR,,,,,,,,,,,,,,,,,,,,,,,,"2 Bentham Road, Thamesmead, London, SE28 8AR"
1411,39,Nelson Primary School,Richmond upon Thames,145122,3 to 11,34,245.0,24.0,None,False,987,11.0,22.272727272727273,False,20.273058252427184,59.0,6.0,105.0,104.0,105.0,104.66666666666667,TW2 7BU,,,,,,,,,,,,,,,,,,,,,,,,"Nelson Road, Whitton, Twickenham, TW2 7BU"
1412,58,Southborough Primary School,Bromley,101601,4 to 11,61,403.0,33.0,Does not apply,False,988,18.6,21.666666666666664,False,20.13349514563107,54.0,13.0,104.0,104.0,102.0,103.33333333333333,BR2 8AA,,,,,,,,,,,,,,,,,,,,,,,,"Southborough Lane, Bromley, BR2 8AA"
1413,45,Cowley St Laurence CofE Primary School,Hillingdon,139306,3 to 11,43,417.0,47.0,Church of England,True,,18.8,22.180851063829785,False,20.030339805825243,58.0,7.0,103.0,105.0,105.0,104.33333333333333,UB8 3TH,,,,,,,,,,,,,,,,,,,,,,,,"Worcester Road, Cowley, Uxbridge, UB8 3TH"
1414,48,Churchfield Primary School,Enfield,145522,3 to 11,77,503.0,65.0,Does not apply,False,989,22.1,22.76018099547511,False,19.95145631067961,61.0,12.0,103.0,104.0,102.0,103.0,N9 9PL,,,,,,,,,,,,,,,,,,,,,,,,"Latymer Road, Edmonton, London, N9 9PL"
1415,47,Fryent Primary School,Brent,101531,3 to 11,89,689.0,35.0,Does not apply,False,990,38.72,17.794421487603305,False,19.92718446601942,51.0,9.0,104.0,103.0,106.0,104.33333333333333,NW9 8JD,,,,,,,,,,,,,,,,,,,,,,,,"Church Lane, Kingsbury, London, NW9 8JD"
1416,62,St Paul With St Luke CofE Primary Federation,Tower Hamlets,100958,3 to 11,23,180.0,70.0,Church of England,True,,10.2,17.647058823529413,False,19.91504854368932,57.0,9.0,105.0,104.0,103.0,104.0,E3 4LA,,,,,,,,,,,,,,,,,,,,,,,,"Leopold Street, Bow, London, E3 4LA"
1417,58,Derwentwater Primary School,Ealing,101895,3 to 11,53,429.0,51.0,Does not apply,False,991,19.6,21.887755102040813,False,19.866504854368934,57.0,8.0,104.0,104.0,105.0,104.33333333333333,W3 6SA,,,,,,,,,,,,,,,,,,,,,,,,"Shakespeare Road, Acton, London, W3 6SA"
1418,32,Gascoigne Primary School,Barking and Dagenham,131775,3 to 11,124,1122.0,43.0,Does not apply,False,992,50.0,22.44,False,19.7876213592233,59.0,1.0,105.0,103.0,107.0,105.0,IG11 7DR,,,,,,,,,,,,,,,,,,,,,,,,"Gascoigne Road, Barking, IG11 7DR"
1419,51,Tower Bridge Primary School,Southwark,100813,3 to 11,29,191.0,66.0,Does not apply,False,993,9.9,19.29292929292929,False,19.67233009708738,59.0,7.0,105.0,104.0,104.0,104.33333333333333,SE1 2AE,,,,,,,,,,,,,,,,,,,,,,,,"Fair Street, London, SE1 2AE"
1420,47,Barnehurst Junior School,Bexley,140321,7 to 11,60,240.0,22.0,None,False,994,11.4,21.052631578947366,False,19.526699029126213,60.0,8.0,105.0,103.0,104.0,104.0,DA8 3NL,,,,,,,,,,,,,,,,,,,,,,,,"Barnehurst Close, Northumberland Heath, Erith, DA8 3NL"
1421,25,Barlby Primary School,Kensington and Chelsea,100478,3 to 11,50,368.0,58.0,Does not apply,False,995,24.1,15.269709543568464,False,19.362864077669904,54.0,4.0,105.0,104.0,106.0,105.0,W10 6DW,,,,,,,,,,,,,,,,,,,,,,,,"Treverton Street, North Kensington, London, W10 6DW"
1422,48,Donnington Primary School,Brent,101520,3 to 11,25,224.0,44.0,Does not apply,False,996,9.0,24.88888888888889,False,19.344660194174757,64.0,4.0,104.0,103.0,106.0,104.33333333333333,NW10 3TL,,,,,,,,,,,,,,,,,,,,,,,,"Uffington Road, London, NW10 3TL"
1423,64,Purley Oaks Primary School,Croydon,101733,3 to 11,73,651.0,44.0,Does not apply,False,997,29.2,22.294520547945208,False,19.30218446601942,60.0,5.0,105.0,105.0,103.0,104.33333333333333,CR2 0PR,,,,,,,,,,,,,,,,,,,,,,,,"Bynes Road, South Croydon, CR2 0PR"
1424,39,The Sherwood School,Merton,102646,3 to 11,47,307.0,30.0,Does not apply,False,998,15.4,19.935064935064936,False,19.25364077669903,64.0,4.0,105.0,103.0,105.0,104.33333333333333,CR4 1JP,,,,,,,,,,,,,,,,,,,,,,,,"Abbotts Road, Mitcham, CR4 1JP"
1425,46,Coteford Junior School,Hillingdon,139295,7 to 11,73,255.0,34.0,Does not apply,False,999,13.8,18.478260869565215,False,19.199029126213592,56.0,3.0,105.0,105.0,105.0,105.0,HA5 2JQ,,,,,,,,,,,,,,,,,,,,,,,,"Fore Street, Eastcote, Pinner, HA5 2JQ"
1426,65,Courtwood Primary School,Croydon,146134,4 to 11,33,221.0,30.0,Does not apply,False,1000,11.45,19.301310043668124,False,19.192961165048544,67.0,0.0,104.0,106.0,102.0,104.0,CR0 9HX,,,,,,,,,,,,,,,,,,,,,,,,"Courtwood Lane, Addington, Croydon, CR0 9HX"
1427,49,Chesterfield Primary School,Enfield,143200,3 to 11,59,477.0,53.0,Does not apply,False,1001,25.37,18.801734331888056,False,19.065533980582526,66.0,7.0,104.0,103.0,104.0,103.66666666666667,EN3 6BG,,,,,,,,,,,,,,,,,,,,,,,,"Chesterfield Road, Enfield, EN3 6BG"
1428,49,Southmead Primary School,Wandsworth,101027,3 to 11,44,269.0,41.0,Does not apply,False,1002,18.2,14.780219780219781,True,18.901699029126213,52.0,5.0,103.0,105.0,106.0,104.66666666666667,SW19 6QT,,,,,,,,,,,,,,,,,,,,,,,,"Princes Way, Wimbledon Common, London, SW19 6QT"
1429,51,Deptford Park Primary School,Lewisham,100678,4 to 11,42,231.0,55.0,Does not apply,False,1003,13.4,17.238805970149254,False,18.87135922330097,69.0,2.0,103.0,104.0,105.0,104.0,SE8 5RJ,,,,,,,,,,,,,,,,,,,,,,,,"Evelyn Street, London, SE8 5RJ"
1430,40,Newtons Primary School,Havering,102319,3 to 11,54,455.0,46.0,Does not apply,False,1004,19.8,22.97979797979798,False,18.822815533980584,59.0,4.0,104.0,104.0,106.0,104.66666666666667,RM13 8QR,,,,,,,,,,,,,,,,,,,,,,,,"Lowen Road, Rainham, RM13 8QR"
1431,48,St. Paul's (Slade Green) Church of England Primary School,Bexley,145011,3 to 11,48,376.0,33.0,Church of England/Christian,True,,16.78,22.40762812872467,False,18.798543689320386,50.0,10.0,102.0,103.0,106.0,103.66666666666667,DA8 2HX,,,,,,,,,,,,,,,,,,,,,,,,"Slade Green Road, St Paul's(Slade Green) C of E Primary, ERITH, DA8 2HX"
1432,59,Manor Oak Primary School,Bromley,140450,3 to 11,26,194.0,73.0,Does not apply,False,1005,10.4,18.653846153846153,False,18.768203883495147,69.0,8.0,103.0,103.0,102.0,102.66666666666667,BR5 3PE,,,,,,,,,,,,,,,,,,,,,,,,"Sweeps Lane, St Mary Cray, Orpington, BR5 3PE"
1433,48,St John the Divine Church of England Primary School,Lambeth,100614,3 to 11,21,134.0,43.0,Church of England,True,,9.6,13.958333333333334,True,18.7621359223301,52.0,5.0,105.0,100.0,107.0,104.0,SE5 0SX,,,,,,,,,,,,,,,,,,,,,,,,"Warham Street, Camberwell New Road, London, SE5 0SX"
1434,52,John Donne Primary School,Southwark,140507,3 to 11,51,399.0,57.0,Does not apply,False,1006,18.3,21.80327868852459,False,18.561893203883496,65.0,8.0,103.0,103.0,104.0,103.33333333333333,SE15 2SW,,,,,,,,,,,,,,,,,,,,,,,,"Woods Road, London, SE15 2SW"
1435,52,Perrymount Primary School,Lewisham,100715,3 to 11,30,207.0,53.0,Does not apply,False,1007,10.19,20.314033366045145,False,18.549757281553397,67.0,3.0,105.0,104.0,103.0,104.0,SE23 2PX,,,,,,,,,,,,,,,,,,,,,,,,"Sunderland Road, Forest Hill, London, SE23 2PX"
1436,49,Gravel Hill Primary School,Bexley,145208,3 to 11,59,440.0,31.0,Does not apply,False,1008,16.59,26.52200120554551,False,18.45873786407767,56.0,10.0,103.0,104.0,104.0,103.66666666666667,DA6 7QJ,,,,,,,,,,,,,,,,,,,,,,,,"Watling Street, Bexleyheath, DA6 7QJ"
1437,50,Chase Side Primary School,Enfield,101984,3 to 11,57,382.0,32.0,Does not apply,False,1009,19.87,19.224962254655257,False,18.45266990291262,60.0,9.0,104.0,103.0,104.0,103.66666666666667,EN2 6NS,,,,,,,,,,,,,,,,,,,,,,,,"Trinity Street, Enfield, EN2 6NS"
1438,41,Dame Tipping Church of England Primary School,Havering,146185,4 to 11,13,94.0,38.0,Church of England,True,,5.0,18.8,False,18.452669902912618,77.0,0.0,102.0,104.0,101.0,102.33333333333333,RM4 1PS,,,,,,,,,,,,,,,,,,,,,,,,"North Road, Havering-atte-Bower, Romford, RM4 1PS"
1439,33,Marsh Green Primary School,Barking and Dagenham,101211,3 to 11,53,374.0,40.0,Does not apply,False,1010,20.4,18.333333333333336,False,18.42233009708738,58.0,0.0,105.0,105.0,105.0,105.0,RM10 9NJ,,,,,,,,,,,,,,,,,,,,,,,,"South Close, Dagenham, RM10 9NJ"
1440,59,Beaconsfield Primary and Nursery School,Ealing,101878,3 to 11,64,469.0,33.0,Does not apply,False,1011,21.6,21.712962962962962,False,18.31917475728155,59.0,3.0,102.0,105.0,106.0,104.33333333333333,UB1 1DR,,,,,,,,,,,,,,,,,,,,,,,,"Beaconsfield Road, Southall, UB1 1DR"
1441,77,All Saints' CofE Primary School NW2,Barnet,101315,4 to 11,29,175.0,62.0,Church of England,True,,7.4,23.64864864864865,False,18.31917475728155,55.0,3.0,104.0,101.0,108.0,104.33333333333333,NW2 2TH,,,,,,,,,,,,,,,,,,,,,,,,"Cricklewood Lane, Childs Hill, London, NW2 2TH"
1442,51,Keys Meadow Primary School,Enfield,145986,3 to 11,54,400.0,46.0,Does not apply,False,1012,21.6,18.51851851851852,False,18.23422330097087,63.0,6.0,104.0,104.0,104.0,104.0,EN3 6FB,,,,,,,,,,,,,,,,,,,,,,,,"84 Tysoe Avenue, Enfield, EN3 6FB"
1443,60,Perivale Primary School,Ealing,101906,3 to 11,57,452.0,51.0,Does not apply,False,1013,16.49,27.410551849605824,False,18.216019417475728,53.0,7.0,104.0,103.0,106.0,104.33333333333333,UB6 7AP,,,,,,,,,,,,,,,,,,,,,,,,"Federal Road, Perivale, Greenford, UB6 7AP"
1444,78,St Vincent's Catholic Primary School,Barnet,101334,2 to 11,45,296.0,22.0,Roman Catholic,True,,12.8,23.125,False,18.125,56.0,11.0,104.0,102.0,104.0,103.33333333333333,NW7 1EJ,,,,,,,,,,,,,,,,,,,,,,,,"The Ridgeway, Mill Hill, London, NW7 1EJ"
1445,61,Wood End Primary School,Ealing,136737,3 to 11,39,417.0,33.0,None,False,1014,16.33,25.535823637477037,False,18.125,56.0,10.0,104.0,103.0,104.0,103.66666666666667,UB5 4LB,,,,,,,,,,,,,,,,,,,,,,,,"Whitton Avenue West, Northolt, UB5 4LB"
1446,66,Beulah Junior School,Croydon,101712,7 to 11,58,223.0,57.0,Does not apply,False,1015,9.94,22.434607645875253,False,18.00364077669903,59.0,3.0,104.0,104.0,106.0,104.66666666666667,CR7 8JF,,,,,,,,,,,,,,,,,,,,,,,,"Beulah Road, Thornton Heath, CR7 8JF"
1447,40,Fairholme Primary School,Hounslow,132264,3 to 11,58,411.0,45.0,Does not apply,False,1016,19.4,21.18556701030928,False,17.949029126213592,57.0,12.0,103.0,103.0,103.0,103.0,TW14 8ET,,,,,,,,,,,,,,,,,,,,,,,,"Peacock Avenue, Bedfont, Feltham, TW14 8ET"
1448,52,St Matthew's CofE Primary School,Enfield,102054,4 to 11,29,193.0,48.0,Church of England,True,,10.7,18.037383177570096,False,17.942961165048544,62.0,7.0,105.0,103.0,103.0,103.66666666666667,EN3 4LA,,,,,,,,,,,,,,,,,,,,,,,,"St Matthew's C of E Primary School, South Street, Enfield, EN3 4LA"
1449,34,Valence Primary School,Barking and Dagenham,101222,3 to 11,129,895.0,37.0,Does not apply,False,1017,41.63,21.49891904876291,False,17.900485436893206,60.0,5.0,104.0,104.0,105.0,104.33333333333333,RM8 3AR,,,,,,,,,,,,,,,,,,,,,,,,"Bonham Road, Dagenham, RM8 3AR"
1450,61,Hartley Primary School,Newham,142708,3 to 11,83,587.0,57.0,Does not apply,False,1018,39.0,15.051282051282051,True,17.900485436893206,65.0,2.0,104.0,104.0,105.0,104.33333333333333,E6 1NT,,,,,,,,,,,,,,,,,,,,,,,,"Hartley Avenue, East Ham, London, E6 1NT"
1451,34,Kings Cross Academy,Camden,140686,3 to 11,54,388.0,57.0,None,False,1019,23.8,16.30252100840336,False,17.894417475728154,52.0,7.0,106.0,102.0,104.0,104.0,N1C 4BT,,,,,,,,,,,,,,,,,,,,,,,,"Plimsoll Building, 4 Wollstonecraft Street, London, N1C 4BT"
1452,41,St Richard's Church of England Primary School,Hounslow,146474,3 to 11,24,200.0,42.0,Church of England,True,,11.0,18.181818181818183,False,17.79733009708738,50.0,13.0,104.0,102.0,103.0,103.0,TW13 6UN,,,,,,,,,,,,,,,,,,,,,,,,"Forge Lane, Feltham, Hanworth, TW13 6UN"
1453,62,West Ham Church Primary School,Newham,102765,3 to 11,38,308.0,53.0,Church of England,True,,18.6,16.559139784946236,False,17.615291262135923,42.0,11.0,103.0,103.0,105.0,103.66666666666667,E15 3QG,,,,,,,,,,,,,,,,,,,,,,,,"Portway, Stratford, London, E15 3QG"
1454,49,Leopold Primary School,Brent,101504,3 to 11,73,543.0,56.0,Does not apply,False,1020,26.6,20.413533834586467,False,17.603155339805827,62.0,0.0,104.0,104.0,106.0,104.66666666666667,NW10 9UR,,,,,,,,,,,,,,,,,,,,,,,,"Hawkshead Road, Willesden, NW10 9UR"
1455,30,Laycock Primary School,Islington,100411,3 to 11,33,235.0,67.0,Does not apply,False,1021,21.3,11.032863849765258,True,17.58495145631068,64.0,6.0,103.0,103.0,105.0,103.66666666666667,N1 1SW,,,,,,,,,,,,,,,,,,,,,,,,"Laycock Street, Upper Street, London, N1 1SW"
1456,49,St Stephen's Church of England Primary School,Lambeth,100621,3 to 11,28,197.0,64.0,Church of England,True,,10.7,18.411214953271028,False,17.408980582524272,61.0,7.0,104.0,102.0,105.0,103.66666666666667,SW8 1EJ,,,,,,,,,,,,,,,,,,,,,,,,"Dorset Road, London, SW8 1EJ"
1457,43,South Grove Primary School,Haringey,132253,2 to 11,36,221.0,42.0,Does not apply,False,1022,13.8,16.014492753623188,False,17.390776699029125,61.0,3.0,103.0,106.0,103.0,104.0,N15 5QE,,,,,,,,,,,,,,,,,,,,,,,,"South Grove, Tottenham, London, N15 5QE"
1458,45,Manford Primary School,Redbridge,102795,3 to 11,55,452.0,38.0,Does not apply,False,1023,21.4,21.121495327102807,False,17.324029126213592,58.0,11.0,103.0,103.0,103.0,103.0,IG7 4BX,,,,,,,,,,,,,,,,,,,,,,,,"Manford Way, Chigwell, IG7 4BX"
1459,53,St Francis RC Primary School,Southwark,100826,3 to 11,53,272.0,43.0,Roman Catholic,True,,12.6,21.58730158730159,False,17.317961165048544,60.0,9.0,103.0,101.0,105.0,103.0,SE15 1RQ,,,,,,,,,,,,,,,,,,,,,,,,"Friary Road, Peckham, London, SE15 1RQ"
1460,53,Honilands Primary School,Enfield,101998,2 to 11,57,357.0,46.0,Does not apply,False,1024,16.6,21.50602409638554,False,17.141990291262136,56.0,5.0,104.0,103.0,106.0,104.33333333333333,EN1 4RE,,,,,,,,,,,,,,,,,,,,,,,,"Lovell Road, London Borough of Enfield, Lovell Road Enfield, London, EN1 4RE"
1461,26,Castle Hill Primary School,Kingston upon Thames,141764,3 to 11,57,523.0,32.0,Does not apply,False,1025,27.22,19.213813372520207,False,17.135922330097088,56.0,7.0,105.0,103.0,104.0,104.0,KT9 1JE,,,,,,,,,,,,,,,,,,,,,,,,"Buckland Road, Chessington, KT9 1JE"
1462,29,Hallfield Primary School,Westminster,101116,2 to 11,26,244.0,54.0,Does not apply,False,1026,14.01,17.416131334760884,False,17.105582524271846,50.0,4.0,102.0,105.0,106.0,104.33333333333333,W2 6JJ,,,,,,,,,,,,,,,,,,,,,,,,"Hallfield Estate, London, W2 6JJ"
1463,47,Holmleigh Primary School,Hackney,100257,3 to 11,29,224.0,45.0,Does not apply,False,1027,10.8,20.74074074074074,False,16.966019417475728,52.0,7.0,105.0,102.0,105.0,104.0,N16 5PU,,,,,,,,,,,,,,,,,,,,,,,,"Dunsmure Road, London, N16 5PU"
1464,50,Willow Bank Primary School,Bexley,136932,4 to 11,43,210.0,70.0,Does not apply,False,1028,11.9,17.64705882352941,False,16.862864077669904,58.0,9.0,105.0,102.0,102.0,103.0,SE2 9XB,,,,,,,,,,,,,,,,,,,,,,,,"Seacourt Road, Thamesmead, London, SE2 9XB"
1465,35,Earlsmead Primary School,Harrow,144883,3 to 11,40,338.0,40.0,Does not apply,False,1029,13.4,25.223880597014926,False,16.850728155339805,55.0,5.0,104.0,103.0,106.0,104.33333333333333,HA2 8PW,,,,,,,,,,,,,,,,,,,,,,,,"Arundel Drive, South Harrow, Harrow, HA2 8PW"
1466,47,Pinkwell Primary School,Hillingdon,140671,3 to 11,89,609.0,47.0,Does not apply,False,1030,24.2,25.16528925619835,False,16.832524271844658,55.0,7.0,103.0,104.0,105.0,104.0,UB3 1PG,,,,,,,,,,,,,,,,,,,,,,,,"Pinkwell Lane, Hayes, UB3 1PG"
1467,26,Ark Brunel Primary Academy,Kensington and Chelsea,139645,3 to 11,29,177.0,48.0,Does not apply,False,1031,18.0,9.833333333333334,True,16.644417475728154,55.0,10.0,104.0,103.0,103.0,103.33333333333333,W10 5AT,,,,,,,,,,,,,,,,,,,,,,,,"Middle Row, London, W10 5AT"
1468,50,Holy Trinity Church of England Primary School,Lambeth,100622,4 to 11,37,171.0,49.0,Church of England,True,,11.4,15.0,True,16.58373786407767,54.0,5.0,105.0,103.0,105.0,104.33333333333333,SW2 2RL,,,,,,,,,,,,,,,,,,,,,,,,"Upper Tulse Hill, Lambeth, London, SW2 2RL"
1469,48,Harefield Junior School,Hillingdon,102381,7 to 11,52,201.0,23.0,Does not apply,False,1032,9.61,20.915712799167537,False,16.58373786407767,67.0,4.0,104.0,104.0,102.0,103.33333333333333,UB9 6BJ,,,,,,,,,,,,,,,,,,,,,,,,"Park Lane, Harefield, UB9 6BJ"
1470,60,Keston Church of England Primary School,Bromley,140729,4 to 11,28,173.0,7.0,Church of England,True,,9.34,18.522483940042825,False,16.559466019417478,46.0,4.0,104.0,105.0,105.0,104.66666666666667,BR2 6BN,,,,,,,,,,,,,,,,,,,,,,,,"Lakes Road, Keston, BR2 6BN"
1471,36,Kenmore Park Junior School,Harrow,102193,7 to 11,73,323.0,36.0,Does not apply,False,1033,15.91,20.301697045883092,False,16.377427184466022,60.0,1.0,103.0,105.0,105.0,104.33333333333333,HA3 9JA,,,,,,,,,,,,,,,,,,,,,,,,"Moorhouse Road, Kenton, Harrow, HA3 9JA"
1472,61,St. Mary Cray Primary Academy,Bromley,141117,4 to 11,32,228.0,50.0,Does not apply,False,1034,12.02,18.96838602329451,False,16.29854368932039,41.0,9.0,105.0,102.0,104.0,103.66666666666667,BR5 4AR,,,,,,,,,,,,,,,,,,,,,,,,"High Street, St Mary Cray, Orpington, BR5 4AR"
1473,51,Holy Trinity Lamorbey Church of England School,Bexley,142229,3 to 11,48,276.0,19.0,Church of England,True,,12.6,21.904761904761905,False,16.280339805825243,52.0,8.0,105.0,103.0,103.0,103.66666666666667,DA15 9DB,,,,,,,,,,,,,,,,,,,,,,,,"Burnt Oak Lane, Sidcup, DA15 9DB"
1474,51,Richard Atkins Primary School,Lambeth,100578,3 to 11,46,242.0,57.0,Does not apply,False,1035,10.6,22.830188679245285,False,16.140776699029125,50.0,9.0,104.0,103.0,104.0,103.66666666666667,SW2 4JP,,,,,,,,,,,,,,,,,,,,,,,,"New Park Road, London, SW2 4JP"
1475,44,St Ann's CE Primary School,Haringey,139169,4 to 11,18,199.0,39.0,Church of England,True,,9.4,21.170212765957444,False,16.116504854368934,56.0,6.0,105.0,103.0,104.0,104.0,N15 5JG,,,,,,,,,,,,,,,,,,,,,,,,"Avenue Road, London, N15 5JG"
1476,45,Lancasterian Primary School,Haringey,102094,3 to 11,50,423.0,52.0,Does not apply,False,1036,19.88,21.277665995975855,False,16.019417475728158,64.0,6.0,104.0,103.0,103.0,103.33333333333333,N17 8NN,,,,,,,,,,,,,,,,,,,,,,,,"King's Road, Tottenham, London, N17 8NN"
1477,40,Gorringe Park Primary School,Merton,102654,3 to 11,51,432.0,31.0,Does not apply,False,1037,18.6,23.2258064516129,False,15.855582524271844,59.0,2.0,104.0,103.0,106.0,104.33333333333333,CR4 2YA,,,,,,,,,,,,,,,,,,,,,,,,"Sandy Lane, Figges Marsh, Mitcham, CR4 2YA"
1478,79,Coppetts Wood Primary School,Barnet,101270,3 to 11,28,227.0,32.0,Does not apply,False,1038,10.0,22.7,False,15.831310679611649,43.0,7.0,103.0,103.0,106.0,104.0,N10 1JS,,,,,,,,,,,,,,,,,,,,,,,,"Coppetts Road, Friern Barnet, London, N10 1JS"
1479,62,Woodlands Academy,Ealing,143118,3 to 11,23,186.0,61.0,Does not apply,False,1039,7.6,24.47368421052632,False,15.788834951456309,52.0,0.0,103.0,104.0,107.0,104.66666666666667,W13 0DH,,,,,,,,,,,,,,,,,,,,,,,,"Hathaway Gardens, Ealing, London, W13 0DH"
1480,63,William Davies Primary School,Newham,102745,3 to 11,23,244.0,65.0,Does not apply,False,1040,13.0,18.76923076923077,False,15.776699029126215,61.0,4.0,104.0,104.0,104.0,104.0,E7 8NL,,,,,,,,,,,,,,,,,,,,,,,,"Stafford Road, London, E7 8NL"
1481,52,St Saviour's Church of England Primary School,Lambeth,100620,4 to 11,21,143.0,43.0,Church of England,True,,8.82,16.21315192743764,False,15.75242718446602,52.0,10.0,105.0,101.0,102.0,102.66666666666667,SE24 0AY,,,,,,,,,,,,,,,,,,,,,,,,"Herne Hill Road, London, SE24 0AY"
1482,46,St Paul's and All Hallows CofE Junior School,Haringey,139177,7 to 11,29,115.0,48.0,Church of England,True,,5.9,19.491525423728813,False,15.570388349514563,61.0,7.0,104.0,103.0,103.0,103.33333333333333,N17 0TU,,,,,,,,,,,,,,,,,,,,,,,,"Worcester Avenue, London, N17 0TU"
1483,30,Pimlico Primary,Westminster,139898,5 to 11,56,374.0,57.0,None,False,1041,20.0,18.7,False,15.564320388349515,52.0,2.0,105.0,104.0,105.0,104.66666666666667,SW1V 3AT,,,,,,,,,,,,,,,,,,,,,,,,"Lupus Street, Westminster, London, SW1V 3AT"
1484,61,Woodhill Primary School,Greenwich,143594,3 to 11,51,377.0,55.0,Does not apply,False,1042,16.4,22.98780487804878,False,15.50364077669903,63.0,4.0,104.0,104.0,103.0,103.66666666666667,SE18 5JE,,,,,,,,,,,,,,,,,,,,,,,,"Woodhill, London, SE18 5JE"
1485,80,Claremont Primary School,Barnet,142636,3 to 11,31,280.0,65.0,Does not apply,False,1043,13.75,20.363636363636363,False,15.406553398058254,48.0,0.0,106.0,105.0,102.0,104.33333333333333,NW2 1AB,,,,,,,,,,,,,,,,,,,,,,,,"Claremont Road, Cricklewood, London, NW2 1AB"
1486,49,St Martin's Church of England Primary School,Hillingdon,140484,3 to 11,38,234.0,29.0,Church of England,True,,17.25,13.565217391304348,True,15.321601941747574,55.0,3.0,104.0,105.0,104.0,104.33333333333333,UB7 7UF,,,,,,,,,,,,,,,,,,,,,,,,"Rowan Road, West Drayton, UB7 7UF"
1487,53,Forster Park Primary School,Lewisham,100683,4 to 11,47,295.0,40.0,Does not apply,False,1044,15.5,19.032258064516128,False,15.218446601941748,68.0,4.0,104.0,103.0,101.0,102.66666666666667,SE6 1PQ,,,,,,,,,,,,,,,,,,,,,,,,"Boundfield Road, Lewisham, SE6 1PQ"
1488,81,Childs Hill Primary School,Barnet,147706,3 to 11,59,458.0,41.0,Does not apply,False,1045,23.71,19.31674398987769,False,15.07888349514563,56.0,8.0,103.0,103.0,104.0,103.33333333333333,NW2 1SL,,,,,,,,,,,,,,,,,,,,,,,,"Dersingham Road, Cricklewood, London, NW2 1SL"
1489,31,St Andrew's (Barnsbury) Church of England Primary School,Islington,100448,4 to 11,28,188.0,71.0,Church of England,True,,9.4,20.0,False,15.030339805825243,57.0,4.0,105.0,101.0,105.0,103.66666666666667,N1 0LB,,,,,,,,,,,,,,,,,,,,,,,,"Matilda Street, Islington, London, N1 0LB"
1490,32,Whitehall Park School,Islington,140495,4 to 11,26,227.0,69.0,None,False,1046,12.8,17.734375,False,15.024271844660195,46.0,12.0,104.0,101.0,102.0,102.33333333333333,N6 5EP,,,,,,,,,,,,,,,,,,,,,,,,"106 Hornsey Lane, London, N6 5EP"
1491,50,Roe Green Junior School,Brent,101511,7 to 11,109,476.0,22.0,Does not apply,False,1047,21.2,22.452830188679247,False,14.921116504854371,49.0,6.0,103.0,104.0,105.0,104.0,NW9 9JL,,,,,,,,,,,,,,,,,,,,,,,,"Princes Avenue, Kingsbury, London, NW9 9JL"
1492,50,Ruislip Gardens Primary School,Hillingdon,102416,3 to 11,34,283.0,15.0,Does not apply,False,1048,15.66,18.071519795657725,False,14.884708737864077,53.0,0.0,105.0,104.0,105.0,104.66666666666667,HA4 6PD,,,,,,,,,,,,,,,,,,,,,,,,"Stafford Road, Ruislip, HA4 6PD"
1493,46,St Augustine's Catholic Primary School,Redbridge,102842,3 to 11,59,445.0,19.0,Roman Catholic,True,,21.0,21.19047619047619,False,14.884708737864077,53.0,0.0,105.0,104.0,105.0,104.66666666666667,IG2 6RG,,,,,,,,,,,,,,,,,,,,,,,,"Cranbrook Road, Gants Hill, Ilford, IG2 6RG"
1494,37,Belmont School,Harrow,102189,3 to 11,68,643.0,35.0,Does not apply,False,1049,29.89,21.51221144195383,False,14.854368932038836,56.0,6.0,102.0,105.0,103.0,103.33333333333333,HA3 7JT,,,,,,,,,,,,,,,,,,,,,,,,"Hibbert Road, Harrow Weald, Harrow, HA3 7JT"
1495,51,St Andrew's C of E Primary School,Hillingdon,102438,3 to 11,27,213.0,22.0,Church of England,True,,9.6,22.1875,False,14.83616504854369,59.0,4.0,102.0,104.0,105.0,103.66666666666667,UB8 2BX,,,,,,,,,,,,,,,,,,,,,,,,"Nursery Waye, Uxbridge, UB8 2BX"
1496,54,St Mary's Lewisham Church of England Primary School,Lewisham,100730,3 to 11,30,229.0,67.0,Church of England,True,,10.76,21.28252788104089,False,14.733009708737862,60.0,7.0,103.0,104.0,102.0,103.0,SE13 6NX,,,,,,,,,,,,,,,,,,,,,,,,"329 Lewisham High Street, London, SE13 6NX"
1497,47,John Bramston Primary School,Redbridge,102838,3 to 11,57,443.0,33.0,Does not apply,False,1050,18.68,23.715203426124198,False,14.514563106796116,58.0,5.0,104.0,104.0,103.0,103.66666666666667,IG6 3EE,,,,,,,,,,,,,,,,,,,,,,,,"Newcastle Avenue, New North Road, Hainault, IG6 3EE"
1498,62,Charlton Manor Primary School,Greenwich,100164,3 to 11,60,428.0,42.0,Does not apply,False,1051,14.0,30.571428571428573,False,14.45388349514563,48.0,8.0,103.0,102.0,105.0,103.33333333333333,SE7 7EF,,,,,,,,,,,,,,,,,,,,,,,,"Indus Road, Charlton, London, SE7 7EF"
1499,27,St Mary's CofE (Aided) Primary School,Kingston upon Thames,102593,3 to 11,19,177.0,5.0,Church of England,True,,8.56,20.67757009345794,False,14.41747572815534,47.0,0.0,104.0,105.0,105.0,104.66666666666667,KT9 2DH,,,,,,,,,,,,,,,,,,,,,,,,"Church Lane, Chessington, KT9 2DH"
1500,67,Chestnut Park Primary School,Croydon,140434,4 to 11,88,599.0,38.0,Does not apply,False,1052,28.0,21.392857142857142,False,14.314320388349516,44.0,11.0,102.0,103.0,103.0,102.66666666666667,CR0 2UR,,,,,,,,,,,,,,,,,,,,,,,,"49 St James Road, Croydon, CR0 2UR"
1501,33,Old Oak Primary School,Hammersmith and Fulham,100335,2 to 11,28,205.0,54.0,Does not apply,False,1053,8.65,23.699421965317917,False,14.302184466019419,39.0,14.0,102.0,102.0,99.0,101.0,W12 0AS,,,,,,,,,,,,,,,,,,,,,,,,"Mellitus Street, East Acton, London, W12 0AS"
1502,63,Allenby Primary School,Ealing,101891,3 to 11,34,244.0,47.0,Does not apply,False,1054,12.71,19.197482297403617,False,14.271844660194175,44.0,9.0,102.0,102.0,105.0,103.0,UB1 2HX,,,,,,,,,,,,,,,,,,,,,,,,"Allenby Road, Southall, UB1 2HX"
1503,68,Selsdon Primary and Nursery School,Croydon,101815,3 to 11,52,319.0,38.0,None,False,1055,14.8,21.554054054054053,False,14.199029126213592,61.0,4.0,104.0,103.0,104.0,103.66666666666667,CR2 8LQ,,,,,,,,,,,,,,,,,,,,,,,,"Addington Road, ., South Croydon, CR2 8LQ"
1504,35,Brookfield Primary School,Camden,100011,2 to 11,59,394.0,47.0,Does not apply,False,1056,21.8,18.073394495412842,False,14.192961165048546,47.0,0.0,107.0,102.0,103.0,104.0,N19 5DH,,,,,,,,,,,,,,,,,,,,,,,,"Chester Road, London, N19 5DH"
1505,69,St Cyprian's Greek Orthodox Primary Academy,Croydon,138335,3 to 11,41,275.0,20.0,Greek Orthodox,True,,10.0,27.5,False,14.180825242718448,51.0,10.0,104.0,102.0,102.0,102.66666666666667,CR7 8DZ,,,,,,,,,,,,,,,,,,,,,,,,"Springfield Road, Thornton Heath, CR7 8DZ"
1506,63,Mulberry Canon Barnett Primary Academy,Tower Hamlets,148769,3 to 11,27,166.0,48.0,Does not apply,False,1057,10.23,16.226783968719452,False,13.901699029126213,59.0,4.0,103.0,104.0,104.0,103.66666666666667,E1 7RQ,,,,,,,,,,,,,,,,,,,,,,,,"Gunthorpe Street, Aldgate, London, E1 7RQ"
1507,47,St Ignatius RC Primary School,Haringey,102144,3 to 11,41,199.0,20.0,Roman Catholic,True,,9.8,20.30612244897959,False,13.822815533980581,49.0,10.0,102.0,103.0,103.0,102.66666666666667,N15 6ND,,,,,,,,,,,,,,,,,,,,,,,,"St Ann's Road, Tottenham, London, N15 6ND"
1508,48,The Mulberry Primary School,Haringey,133707,2 to 11,73,519.0,60.0,Does not apply,False,1058,27.2,19.080882352941178,False,13.79854368932039,56.0,5.0,103.0,104.0,104.0,103.66666666666667,N17 9RB,,,,,,,,,,,,,,,,,,,,,,,,"Parkhurst Road, Tottenham, London, N17 9RB"
1509,52,Belmore Primary Academy,Hillingdon,138983,3 to 11,83,571.0,41.0,Does not apply,False,1059,25.5,22.392156862745097,False,13.78640776699029,53.0,2.0,104.0,104.0,105.0,104.33333333333333,UB4 9LF,,,,,,,,,,,,,,,,,,,,,,,,"Belmore Primary Academy, Owen Road, Hayes, UB4 9LF"
1510,55,Good Shepherd RC School,Lewisham,100722,3 to 11,30,212.0,37.0,Roman Catholic,True,,9.65,21.968911917098445,False,13.762135922330096,67.0,3.0,103.0,103.0,103.0,103.0,BR1 5EP,,,,,,,,,,,,,,,,,,,,,,,,"Moorside Road, Downham, Bromley, BR1 5EP"
1511,54,Goose Green Primary and Nursery School,Southwark,145130,3 to 11,29,252.0,59.0,None,False,1060,13.3,18.94736842105263,False,13.604368932038835,55.0,0.0,105.0,104.0,104.0,104.33333333333333,SE22 8HG,,,,,,,,,,,,,,,,,,,,,,,,"Tintagel Crescent, East Dulwich, London, SE22 8HG"
1512,42,Crownfield Junior School,Havering,102294,7 to 11,108,430.0,41.0,Does not apply,False,1061,18.86,22.799575821845174,False,13.549757281553399,49.0,11.0,102.0,103.0,101.0,102.0,RM7 8JB,,,,,,,,,,,,,,,,,,,,,,,,"White Hart Lane, Collier Row, Romford, RM7 8JB"
1513,48,Nightingale Primary School,Hackney,100254,3 to 11,49,366.0,63.0,Does not apply,False,1062,19.8,18.484848484848484,False,13.525485436893202,61.0,6.0,103.0,102.0,104.0,103.0,E5 8NA,,,,,,,,,,,,,,,,,,,,,,,,"Tiger Way, Hackney, London, E5 8NA"
1514,54,Meridian Angel Primary School,Enfield,141017,4 to 11,25,156.0,56.0,Church of England,True,,7.0,22.285714285714285,False,13.476941747572816,72.0,0.0,100.0,103.0,102.0,101.66666666666667,N18 2DX,,,,,,,,,,,,,,,,,,,,,,,,"Albany Road, London, Edmonton, N18 2DX"
1515,31,Foresters Primary School,Sutton,102986,3 to 11,31,256.0,35.0,Does not apply,False,1063,15.97,16.030056355666876,False,13.45266990291262,58.0,10.0,102.0,102.0,101.0,101.66666666666667,SM6 9DP,,,,,,,,,,,,,,,,,,,,,,,,"Redford Avenue, Wallington, SM6 9DP"
1516,46,St Patrick's Catholic Primary School,Waltham Forest,103088,3 to 11,57,382.0,25.0,Roman Catholic,True,,18.6,20.53763440860215,False,13.37985436893204,44.0,5.0,104.0,104.0,104.0,104.0,E17 7DP,,,,,,,,,,,,,,,,,,,,,,,,"Longfield Avenue, London, E17 7DP"
1517,55,St George's Cathedral Catholic Primary School,Southwark,100828,3 to 11,24,178.0,63.0,Roman Catholic,True,,8.0,22.25,False,13.367718446601943,58.0,0.0,105.0,104.0,103.0,104.0,SE1 6HR,,,,,,,,,,,,,,,,,,,,,,,,"28 Lambeth Road, London, SE1 6HR"
1518,55,Capel Manor Primary School,Enfield,101981,4 to 11,54,325.0,50.0,Does not apply,False,1064,18.7,17.379679144385026,False,13.331310679611653,57.0,4.0,103.0,103.0,105.0,103.66666666666667,EN1 4RL,,,,,,,,,,,,,,,,,,,,,,,,"Bullsmoor Lane, Enfield, EN1 4RL"
1519,56,Houndsfield Primary School,Enfield,146728,0 to 11,52,473.0,56.0,Does not apply,False,1065,25.3,18.695652173913043,False,13.106796116504855,63.0,4.0,104.0,103.0,102.0,103.0,N9 7RE,,,,,,,,,,,,,,,,,,,,,,,,"Ripon Road, Edmonton, London, N9 7RE"
1520,31,"St Matthew's School, Westminster",Westminster,101138,3 to 11,12,125.0,42.0,Church of England,True,,9.5,13.157894736842104,True,13.088592233009708,58.0,0.0,105.0,101.0,105.0,103.66666666666667,SW1P 2DG,,,,,,,,,,,,,,,,,,,,,,,,"18 Old Pye Street, Westminster, London, SW1P 2DG"
1521,70,St Mark's Church of England Primary Academy,Croydon,141119,4 to 11,25,173.0,68.0,Church of England,True,,9.2,18.804347826086957,False,13.070388349514564,56.0,8.0,103.0,103.0,102.0,102.66666666666667,SE25 4JD,,,,,,,,,,,,,,,,,,,,,,,,"Albert Road, South Norwood, London, SE25 4JD"
1522,35,William Bellamy Primary School,Barking and Dagenham,101226,3 to 11,140,879.0,46.0,Does not apply,False,1066,41.54,21.160327395281655,False,12.91868932038835,61.0,1.0,104.0,104.0,103.0,103.66666666666667,RM10 7HX,,,,,,,,,,,,,,,,,,,,,,,,"Frizlands Lane, East, Dagenham, RM10 7HX"
1523,28,King Athelstan Primary School,Kingston upon Thames,102579,2 to 11,59,426.0,29.0,Does not apply,False,1067,20.4,20.88235294117647,False,12.894417475728156,61.0,5.0,104.0,102.0,103.0,103.0,KT1 3AR,,,,,,,,,,,,,,,,,,,,,,,,"Villiers Road, Kingston upon Thames, KT1 3AR"
1524,36,Southwood Primary School,Barking and Dagenham,131845,3 to 11,59,591.0,41.0,Does not apply,False,1068,30.61,19.307415877164324,False,12.736650485436893,56.0,7.0,103.0,103.0,103.0,103.0,RM9 5LT,,,,,,,,,,,,,,,,,,,,,,,,"Keppel Road, Dagenham, RM9 5LT"
1525,56,St Paul's Church of England Primary School,Southwark,146669,2 to 11,23,161.0,70.0,Church of England,True,,8.81,18.274687854710557,False,12.645631067961165,61.0,4.0,105.0,101.0,102.0,102.66666666666667,SE17 3DT,,,,,,,,,,,,,,,,,,,,,,,,"Penrose Street, Walworth, London, SE17 3DT"
1526,71,South Norwood Primary,Croydon,146543,4 to 11,38,326.0,58.0,Unknown,False,1069,21.0,15.523809523809524,False,12.566747572815535,63.0,5.0,103.0,102.0,103.0,102.66666666666667,SE25 5QP,,,,,,,,,,,,,,,,,,,,,,,,"34 Crowther Road, South Norwood, London, SE25 5QP"
1527,53,St Matthew's CofE Primary School,Hillingdon,139302,3 to 11,49,420.0,31.0,Church of England,True,,17.25,24.347826086956523,False,12.554611650485437,53.0,2.0,105.0,103.0,104.0,104.0,UB7 7QJ,,,,,,,,,,,,,,,,,,,,,,,,"High Street, Yiewsley, West Drayton, UB7 7QJ"
1528,34,St Paul's CofE Primary School,Hammersmith and Fulham,100351,3 to 11,23,159.0,43.0,Church of England,True,,9.6,16.5625,False,12.099514563106796,57.0,4.0,103.0,104.0,103.0,103.33333333333333,W6 9BP,,,,,,,,,,,,,,,,,,,,,,,,"Worlidge Street, London, W6 9BP"
1529,51,Lyon Park Primary School,Brent,101506,3 to 11,109,901.0,17.0,Does not apply,False,1070,35.5,25.380281690140844,False,12.03883495145631,50.0,5.0,102.0,104.0,104.0,103.33333333333333,HA0 4HH,,,,,,,,,,,,,,,,,,,,,,,,"Vincent Road, Wembley, HA0 4HH"
1530,33,Moreland Primary School,Islington,100415,0 to 11,46,472.0,74.0,Does not apply,False,1071,21.6,21.85185185185185,False,11.984223300970873,61.0,4.0,103.0,102.0,104.0,103.0,EC1V 8BB,,,,,,,,,,,,,,,,,,,,,,,,"Moreland Street, London, EC1V 8BB"
1531,50,Griffin Primary School,Wandsworth,145060,3 to 11,26,180.0,73.0,None,False,1072,11.12,16.18705035971223,False,11.893203883495145,50.0,0.0,105.0,102.0,105.0,104.0,SW8 4JB,,,,,,,,,,,,,,,,,,,,,,,,"Stewarts Road, London, SW8 4JB"
1532,57,Pilgrims' Way Primary School,Southwark,100818,3 to 11,29,196.0,41.0,Does not apply,False,1073,10.3,19.02912621359223,False,11.814320388349515,66.0,0.0,103.0,103.0,103.0,103.0,SE15 1EF,,,,,,,,,,,,,,,,,,,,,,,,"Tustin Estate, Manor Grove, Peckham, London, SE15 1EF"
1533,58,Rye Oak Primary School,Southwark,134903,2 to 11,33,262.0,70.0,Does not apply,False,1074,13.6,19.264705882352942,False,11.783980582524272,48.0,3.0,102.0,104.0,105.0,103.66666666666667,SE15 3PD,,,,,,,,,,,,,,,,,,,,,,,,"Whorlton Road, London, SE15 3PD"
1534,42,Beavers Community Primary School,Hounslow,102520,3 to 11,82,653.0,35.0,Does not apply,False,1075,33.01,19.78188427749167,False,11.717233009708739,56.0,6.0,103.0,103.0,103.0,103.0,TW4 6HR,,,,,,,,,,,,,,,,,,,,,,,,"Arundel Road, Hounslow, TW4 6HR"
1535,53,Fenstanton Primary School,Lambeth,100595,3 to 11,54,221.0,67.0,Does not apply,False,1076,7.97,27.728983688833125,False,11.717233009708739,63.0,2.0,104.0,103.0,102.0,103.0,SW2 3PW,,,,,,,,,,,,,,,,,,,,,,,,"Abbots Park, Tulse Hill, London, SW2 3PW"
1536,62,Biggin Hill Primary School,Bromley,137244,2 to 11,63,461.0,19.0,Does not apply,False,1077,17.77,25.94259988745076,False,11.650485436893204,57.0,5.0,104.0,102.0,103.0,103.0,TN16 3LY,,,,,,,,,,,,,,,,,,,,,,,,"Old Tye Avenue, Biggin Hill, Westerham, TN16 3LY"
1537,57,Prince of Wales Primary School,Enfield,102002,3 to 11,78,552.0,53.0,Does not apply,False,1078,28.7,19.23344947735192,False,11.589805825242719,59.0,1.0,102.0,103.0,105.0,103.33333333333333,EN3 6HG,,,,,,,,,,,,,,,,,,,,,,,,"Salisbury Road, Enfield, EN3 6HG"
1538,51,Franciscan Primary School,Wandsworth,146191,2 to 11,28,270.0,50.0,Does not apply,False,1079,12.11,22.295623451692816,False,11.516990291262136,46.0,7.0,104.0,102.0,103.0,103.0,SW17 8HQ,,,,,,,,,,,,,,,,,,,,,,,,"221 Franciscan Road, Tooting, London, SW17 8HQ"
1539,52,The Alton School,Wandsworth,145030,3 to 11,34,228.0,56.0,Does not apply,False,1080,10.8,21.11111111111111,False,11.407766990291263,47.0,3.0,105.0,102.0,104.0,103.66666666666667,SW15 4PD,,,,,,,,,,,,,,,,,,,,,,,,"Danebury Avenue, Roehampton, London, SW15 4PD"
1540,59,Charlotte Sharman Primary School,Southwark,100816,3 to 11,28,165.0,61.0,None,False,1081,10.5,15.714285714285714,False,11.347087378640778,57.0,0.0,104.0,102.0,105.0,103.66666666666667,SE11 4SN,,,,,,,,,,,,,,,,,,,,,,,,"St George's Road, West Square, London, SE11 4SN"
1541,72,Heavers Farm Primary School,Croydon,101776,3 to 11,58,291.0,36.0,Does not apply,False,1082,11.0,26.454545454545453,False,11.33495145631068,48.0,5.0,103.0,104.0,103.0,103.33333333333333,SE25 6LT,,,,,,,,,,,,,,,,,,,,,,,,"58 Dinsdale Gardens, South Norwood, London, SE25 6LT"
1542,53,West Hill Primary School,Wandsworth,101024,3 to 11,23,155.0,65.0,Does not apply,False,1083,9.2,16.847826086956523,False,11.201456310679612,50.0,5.0,104.0,103.0,103.0,103.33333333333333,SW18 5ST,,,,,,,,,,,,,,,,,,,,,,,,"5 Merton Road, London, SW18 5ST"
1543,52,Northwood Primary School,Bexley,144540,4 to 11,26,172.0,38.0,Does not apply,False,1084,7.5,22.933333333333334,False,11.17111650485437,54.0,4.0,104.0,102.0,104.0,103.33333333333333,DA18 4HN,,,,,,,,,,,,,,,,,,,,,,,,"Northwood Place, Erith, DA18 4HN"
1544,35,Wormholt Park Primary School,Hammersmith and Fulham,100341,3 to 11,54,310.0,50.0,Does not apply,False,1085,15.9,19.49685534591195,False,11.116504854368932,52.0,6.0,103.0,102.0,104.0,103.0,W12 0SR,,,,,,,,,,,,,,,,,,,,,,,,"Bryony Road, London, W12 0SR"
1545,52,St Mary's RC Primary School,Brent,151110,3 to 11,21,187.0,62.0,Roman Catholic,True,,8.53,21.922626025791327,False,11.110436893203882,52.0,0.0,104.0,104.0,104.0,104.0,NW6 5ST,,,,,,,,,,,,,,,,,,,,,,,,"Canterbury Road, London, NW6 5ST"
1546,58,Garfield Primary School,Enfield,101992,3 to 11,39,273.0,51.0,Does not apply,False,1086,14.4,18.958333333333332,False,10.970873786407767,54.0,3.0,102.0,104.0,104.0,103.33333333333333,N11 1BH,,,,,,,,,,,,,,,,,,,,,,,,"Upper Park Road, New Southgate, Enfield, London, N11 1BH"
1547,49,Lubavitch Boys' Primary School,Hackney,145730,5 to 11,13,98.0,15.0,Orthodox Jewish,True,,6.18,15.857605177993529,False,10.940533980582524,46.0,0.0,106.0,103.0,101.0,103.33333333333333,E5 9AE,,,,,,,,,,,,,,,,,,,,,,,,"135 Clapton Common, Hackney, London, E5 9AE"
1548,54,Bishop Winnington-Ingram CofE Primary School,Hillingdon,102417,3 to 11,27,232.0,11.0,Church of England,True,,12.13,19.126133553173947,False,10.74635922330097,41.0,11.0,101.0,101.0,100.0,100.66666666666667,HA4 7LW,,,,,,,,,,,,,,,,,,,,,,,,"Southcote Rise, Ruislip, HA4 7LW"
1549,54,Falconbrook Primary School,Wandsworth,101006,2 to 11,25,191.0,84.0,Does not apply,False,1087,12.0,15.916666666666666,False,10.740291262135923,56.0,0.0,104.0,104.0,103.0,103.66666666666667,SW11 2LX,,,,,,,,,,,,,,,,,,,,,,,,"Wye Street, Battersea, London, SW11 2LX"
1550,47,Salisbury Manor Primary School,Waltham Forest,147180,3 to 11,48,301.0,54.0,None,False,1088,13.2,22.803030303030305,False,10.685679611650485,56.0,0.0,103.0,104.0,104.0,103.66666666666667,E4 8YJ,,,,,,,,,,,,,,,,,,,,,,,,"4 Burnside Avenue, London, E4 8YJ"
1551,48,Mission Grove Primary School,Waltham Forest,103077,2 to 11,97,844.0,54.0,Does not apply,False,1089,31.77,26.565942713251495,False,10.625,46.0,8.0,104.0,100.0,101.0,101.66666666666667,E17 7EJ,,,,,,,,,,,,,,,,,,,,,,,,"Buxton Road, Walthamstow, London, E17 7EJ"
1552,55,"Sacred Heart Catholic Primary School, Roehampton",Wandsworth,101050,3 to 11,54,384.0,39.0,Roman Catholic,True,,22.2,17.2972972972973,False,10.533980582524272,54.0,0.0,104.0,102.0,105.0,103.66666666666667,SW15 5NX,,,,,,,,,,,,,,,,,,,,,,,,"Roehampton Lane, Roehampton, London, SW15 5NX"
1553,37,Rose Lane Primary School,Barking and Dagenham,101224,3 to 11,87,615.0,55.0,Does not apply,False,1090,31.0,19.838709677419356,False,10.491504854368932,48.0,7.0,103.0,102.0,103.0,102.66666666666667,RM6 5NJ,,,,,,,,,,,,,,,,,,,,,,,,"Rose Lane, Chadwell Heath, Romford, RM6 5NJ"
1554,59,St Edmund's Catholic Primary School,Enfield,102037,4 to 11,51,393.0,63.0,Roman Catholic,True,,18.07,21.74875484228002,False,10.370145631067961,53.0,0.0,104.0,102.0,105.0,103.66666666666667,N9 7HJ,,,,,,,,,,,,,,,,,,,,,,,,"Hertford Road, Edmonton, N9 7HJ"
1555,29,Lime Tree Primary School,Kingston upon Thames,137575,4 to 11,31,227.0,39.0,None,False,1091,14.8,15.337837837837837,False,10.20631067961165,45.0,3.0,104.0,103.0,104.0,103.66666666666667,KT6 6DG,,,,,,,,,,,,,,,,,,,,,,,,"South Bank Terrace, Surbiton, Kingston upon Thames, KT6 6DG"
1556,34,St Mary's CofE Primary School,Islington,100446,4 to 11,30,163.0,77.0,Church of England,True,,9.6,16.979166666666668,False,10.188106796116505,53.0,3.0,104.0,102.0,104.0,103.33333333333333,N1 2EP,,,,,,,,,,,,,,,,,,,,,,,,"Fowler Road, Islington, London, N1 2EP"
1557,40,Darell Primary and Nursery School,Richmond upon Thames,102884,3 to 11,23,196.0,43.0,Does not apply,False,1092,11.18,17.531305903398927,False,10.139563106796116,39.0,9.0,103.0,100.0,102.0,101.66666666666667,TW9 4LH,,,,,,,,,,,,,,,,,,,,,,,,"Niton Road, Richmond, TW9 4LH"
1558,43,Broadford Primary School,Havering,102317,3 to 11,86,670.0,45.0,Does not apply,False,1093,32.8,20.426829268292686,False,10.12135922330097,49.0,5.0,104.0,102.0,103.0,103.0,RM3 8JS,,,,,,,,,,,,,,,,,,,,,,,,"Faringdon Avenue, Harold Hill, Romford, RM3 8JS"
1559,49,Alexandra Primary School,Haringey,130358,3 to 11,50,433.0,56.0,Does not apply,False,1094,20.41,21.215090641842234,False,10.097087378640778,50.0,6.0,104.0,102.0,102.0,102.66666666666667,N22 6UH,,,,,,,,,,,,,,,,,,,,,,,,"Western Road, London, N22 6UH"
1560,43,Southville Primary School,Hounslow,145475,3 to 11,86,655.0,37.0,Does not apply,False,1095,26.0,25.192307692307693,False,10.030339805825243,56.0,2.0,104.0,103.0,103.0,103.33333333333333,TW14 9NP,,,,,,,,,,,,,,,,,,,,,,,,"Bedfont Lane, Feltham, TW14 9NP"
1561,32,Tweeddale Primary School,Sutton,143411,3 to 11,61,398.0,64.0,Does not apply,False,1096,18.61,21.38635142396561,False,10.024271844660193,48.0,8.0,103.0,100.0,102.0,101.66666666666667,SM5 1SW,,,,,,,,,,,,,,,,,,,,,,,,"Tweeddale Road, Carshalton, SM5 1SW"
1562,36,Our Lady Roman Catholic Primary School,Camden,100048,3 to 11,36,219.0,81.0,Roman Catholic,True,,10.0,21.9,False,10.012135922330097,61.0,0.0,102.0,103.0,104.0,103.0,NW1 0DP,,,,,,,,,,,,,,,,,,,,,,,,"Pratt Street, Camden, London, NW1 0DP"
1563,41,Links Primary School,Merton,102635,3 to 11,40,322.0,40.0,Does not apply,False,1097,17.2,18.72093023255814,False,9.969660194174757,53.0,3.0,104.0,103.0,103.0,103.33333333333333,SW17 9EH,,,,,,,,,,,,,,,,,,,,,,,,"Frinton Road, London, SW17 9EH"
1564,37,Hawley Primary School,Camden,100015,3 to 11,29,228.0,52.0,Does not apply,False,1098,11.7,19.48717948717949,False,9.854368932038835,41.0,7.0,103.0,102.0,103.0,102.66666666666667,NW1 8RP,,,,,,,,,,,,,,,,,,,,,,,,"Hawley Road, London, NW1 8RP"
1565,38,Eastbury Primary School,Barking and Dagenham,142699,3 to 11,102,801.0,30.0,Does not apply,False,1099,41.6,19.254807692307693,False,9.811893203883496,45.0,6.0,103.0,101.0,104.0,102.66666666666667,IG11 9QQ,,,,,,,,,,,,,,,,,,,,,,,,"Dawson Avenue, Barking, IG11 9QQ"
1566,63,Orion Ravensworth,Bromley,142233,2 to 11,32,275.0,47.0,Does not apply,False,1100,15.14,18.163804491413472,False,9.757281553398057,41.0,9.0,102.0,102.0,100.0,101.33333333333333,SE9 4LW,,,,,,,,,,,,,,,,,,,,,,,,"Ravensworth Road, Mottingham, London, SE9 4LW"
1567,35,St John Evangelist Catholic Primary School,Islington,100438,3 to 11,34,235.0,68.0,Roman Catholic,True,,11.4,20.614035087719298,False,9.70873786407767,35.0,3.0,105.0,99.0,104.0,102.66666666666667,N1 8BL,,,,,,,,,,,,,,,,,,,,,,,,"Duncan Street, Islington High Street, London, N1 8BL"
1568,48,Woodlands Primary School,Redbridge,102834,3 to 11,111,648.0,49.0,Does not apply,False,1101,28.0,23.142857142857142,False,9.599514563106796,51.0,5.0,102.0,102.0,104.0,102.66666666666667,IG1 2PY,,,,,,,,,,,,,,,,,,,,,,,,"Loxford Lane, Ilford, IG1 2PY"
1569,36,Ark White City Primary Academy,Hammersmith and Fulham,139820,3 to 11,45,283.0,64.0,Does not apply,False,1102,14.0,20.214285714285715,False,9.520631067961165,64.0,0.0,103.0,103.0,100.0,102.0,W12 7PT,,,,,,,,,,,,,,,,,,,,,,,,"3 Edcity Walk, Edcity, London, W12 7PT"
1570,56,Rangefield Primary School,Lewisham,100699,3 to 11,35,280.0,54.0,Does not apply,False,1103,12.5,22.4,False,9.508495145631068,51.0,6.0,103.0,103.0,101.0,102.33333333333333,BR1 4RP,,,,,,,,,,,,,,,,,,,,,,,,"Glenbow Road, Downham, Rangefield Primary School, Bromley, BR1 4RP"
1571,54,Oasis Academy South Bank Primary,Lambeth,137430,3 to 11,20,172.0,70.0,Does not apply,False,1104,11.0,15.636363636363637,False,9.429611650485437,60.0,0.0,104.0,102.0,103.0,103.0,SE1 7RH,,,,,,,,,,,,,,,,,,,,,,,,"Johanna Street, Lower Marsh, London, SE1 7RH"
1572,39,Dorothy Barley Junior Academy,Barking and Dagenham,140687,7 to 11,63,300.0,33.0,Does not apply,False,1105,17.0,17.647058823529413,False,9.38106796116505,57.0,3.0,103.0,101.0,104.0,102.66666666666667,RM8 2NB,,,,,,,,,,,,,,,,,,,,,,,,"Ivinghoe Road, Dagenham, RM8 2NB"
1573,49,St Aidan's Catholic Primary Academy,Redbridge,140295,3 to 11,26,241.0,42.0,Roman Catholic,True,,10.0,24.1,False,9.332524271844662,58.0,4.0,102.0,103.0,102.0,102.33333333333333,IG1 4AS,,,,,,,,,,,,,,,,,,,,,,,,"Benton Road, Ilford, IG1 4AS"
1574,55,Cherry Lane Primary School,Hillingdon,131638,3 to 11,78,640.0,26.0,Does not apply,False,1106,31.15,20.545746388443018,False,9.217233009708737,46.0,6.0,102.0,101.0,104.0,102.33333333333333,UB7 9DL,,,,,,,,,,,,,,,,,,,,,,,,"Sipson Road, West Drayton, UB7 9DL"
1575,32,St Augustines Federated Schools: CofE Primary School,Westminster,101125,3 to 11,27,213.0,63.0,Church of England,True,,11.6,18.362068965517242,False,9.089805825242719,52.0,4.0,104.0,101.0,103.0,102.66666666666667,NW6 5XA,,,,,,,,,,,,,,,,,,,,,,,,"Kilburn Park Road, Kilburn, London, NW6 5XA"
1576,36,Robert Blair School and Children's Centre,Islington,100422,0 to 11,25,219.0,40.0,Does not apply,False,1107,10.47,20.916905444126073,False,9.016990291262136,44.0,4.0,102.0,103.0,104.0,103.0,N7 9QJ,,,,,,,,,,,,,,,,,,,,,,,,"Brewery Road, Islington, London, N7 9QJ"
1577,60,Oliver Goldsmith Primary School,Southwark,100821,3 to 11,49,376.0,47.0,Does not apply,False,1108,19.4,19.381443298969074,False,8.974514563106796,51.0,2.0,102.0,102.0,105.0,103.0,SE5 8UH,,,,,,,,,,,,,,,,,,,,,,,,"Peckham Road, Camberwell, London, SE5 8UH"
1578,61,St Jude's Church of England Primary School,Southwark,100835,3 to 11,14,53.0,57.0,Church of England,True,,4.0,13.25,True,8.968446601941746,43.0,0.0,104.0,104.0,103.0,103.66666666666667,SE1 6HA,,,,,,,,,,,,,,,,,,,,,,,,"Colnbrook Street, London, SE1 6HA"
1579,27,Oxford Gardens Primary School,Kensington and Chelsea,100485,3 to 11,25,225.0,56.0,Does not apply,False,1109,12.4,18.14516129032258,False,8.938106796116504,52.0,0.0,103.0,102.0,105.0,103.33333333333333,W10 6NF,,,,,,,,,,,,,,,,,,,,,,,,"Oxford Gardens, London, W10 6NF"
1580,37,Hungerford School,Islington,145731,3 to 11,29,169.0,69.0,Does not apply,False,1110,8.0,21.125,False,8.895631067961165,28.0,0.0,105.0,103.0,103.0,103.66666666666667,N7 9LF,,,,,,,,,,,,,,,,,,,,,,,,"249 Hungerford Road, Islington, London, N7 9LF"
1581,62,Peter Hills with St Mary's and St Paul's CofE Primary School,Southwark,100837,3 to 11,15,104.0,53.0,Church of England,True,,8.0,13.0,True,8.804611650485437,60.0,0.0,104.0,103.0,97.0,101.33333333333333,SE16 5ED,,,,,,,,,,,,,,,,,,,,,,,,"2 Beatson Walk, Rotherhithe, London, SE16 5ED"
1582,33,Soho Parish CofE Primary School,Westminster,101131,4 to 11,19,108.0,26.0,Church of England,True,,7.4,14.594594594594595,True,8.62864077669903,53.0,5.0,103.0,100.0,103.0,102.0,W1D 7LF,,,,,,,,,,,,,,,,,,,,,,,,"23 Great Windmill Street, London, W1D 7LF"
1583,33,Green Wrythe Primary School,Sutton,141876,3 to 11,41,277.0,41.0,Does not apply,False,1111,20.6,13.446601941747572,True,8.428398058252426,46.0,0.0,104.0,104.0,102.0,103.33333333333333,SM5 1JP,,,,,,,,,,,,,,,,,,,,,,,,"Green Wrythe Lane, Carshalton, SM5 1JP"
1584,60,Bush Hill Park Primary School,Enfield,102024,2 to 11,59,464.0,61.0,Does not apply,False,1112,18.71,24.799572421165152,False,8.41626213592233,51.0,0.0,104.0,102.0,104.0,103.33333333333333,EN1 1DS,,,,,,,,,,,,,,,,,,,,,,,,"Bush Hill Park Primary School, Main Avenue, Bush Hill Park, Enfield, EN1 1DS"
1585,44,R J Mitchell Primary School,Havering,131590,4 to 11,55,301.0,22.0,Does not apply,False,1113,21.5,14.0,True,8.343446601941746,47.0,7.0,102.0,101.0,102.0,101.66666666666667,RM12 5PP,,,,,,,,,,,,,,,,,,,,,,,,"Tangmere Crescent, Hornchurch, RM12 5PP"
1586,57,Launcelot Primary School and Nursery,Lewisham,100692,3 to 11,51,329.0,55.0,Does not apply,False,1114,17.49,18.810748999428245,False,8.300970873786408,53.0,4.0,103.0,103.0,101.0,102.33333333333333,BR1 5EA,,,,,,,,,,,,,,,,,,,,,,,,"Launcelot Road, Downham, Bromley, BR1 5EA"
1587,55,Sunnyhill Primary School,Lambeth,100585,3 to 11,51,407.0,53.0,Does not apply,False,1115,19.9,20.452261306532666,False,8.240291262135923,51.0,4.0,103.0,102.0,103.0,102.66666666666667,SW16 2UW,,,,,,,,,,,,,,,,,,,,,,,,"Sunnyhill Road, Streatham, London, SW16 2UW"
1588,45,Drapers' Brookside Junior School,Havering,140818,7 to 11,60,238.0,47.0,Does not apply,False,1116,11.0,21.636363636363637,False,8.08252427184466,47.0,7.0,102.0,100.0,102.0,101.33333333333333,RM3 9DJ,,,,,,,,,,,,,,,,,,,,,,,,"Dagnam Park Drive, Harold Hill, Romford, RM3 9DJ"
1589,58,Twin Oaks Primary School,Lewisham,100712,4 to 11,38,198.0,50.0,Does not apply,False,1117,12.8,15.46875,False,7.955097087378641,42.0,3.0,105.0,101.0,101.0,102.33333333333333,SE8 5AE,,,,,,,,,,,,,,,,,,,,,,,,"Scawen Road, London, SE8 5AE"
1590,56,Henry Fawcett Primary School,Lambeth,131874,3 to 11,45,226.0,71.0,Does not apply,False,1118,12.71,17.781274586939418,False,7.870145631067961,58.0,4.0,103.0,101.0,100.0,101.33333333333333,SE11 5BZ,,,,,,,,,,,,,,,,,,,,,,,,"Bowling Green Street, London, SE11 5BZ"
1591,46,Drapers' Pyrgo Priory School,Havering,141577,3 to 11,46,320.0,46.0,Does not apply,False,1119,17.1,18.71345029239766,False,7.851941747572814,46.0,7.0,100.0,102.0,101.0,101.0,RM3 9RT,,,,,,,,,,,,,,,,,,,,,,,,"Settle Road, Harold Hill, Romford, RM3 9RT"
1592,59,Elfrida Primary School,Lewisham,100681,2 to 11,47,366.0,49.0,Does not apply,False,1120,19.77,18.512898330804248,False,7.785194174757281,47.0,0.0,104.0,103.0,103.0,103.33333333333333,SE6 3EN,,,,,,,,,,,,,,,,,,,,,,,,"Elfrida Crescent, Bellingham, London, SE6 3EN"
1593,56,Smallwood Primary School and Language Unit,Wandsworth,101021,3 to 11,34,251.0,38.0,Does not apply,False,1121,15.4,16.2987012987013,False,7.609223300970874,41.0,6.0,102.0,101.0,103.0,102.0,SW17 0TW,,,,,,,,,,,,,,,,,,,,,,,,"Smallwood Road, Tooting, London, SW17 0TW"
1594,60,Rushey Green Primary School,Lewisham,100701,3 to 11,72,604.0,42.0,Does not apply,False,1122,28.4,21.26760563380282,False,7.54247572815534,49.0,1.0,103.0,102.0,104.0,103.0,SE6 2LA,,,,,,,,,,,,,,,,,,,,,,,,"Culverley Road, Catford, London, SE6 2LA"
1595,82,Parkfield Primary School,Barnet,139633,3 to 11,43,463.0,47.0,Does not apply,False,1123,19.6,23.622448979591834,False,7.457524271844661,51.0,0.0,102.0,103.0,104.0,103.0,NW4 3PJ,,,,,,,,,,,,,,,,,,,,,,,,"St David's Place, Hendon, London, NW4 3PJ"
1596,38,Cedars Manor School,Harrow,135211,3 to 11,57,388.0,51.0,Does not apply,False,1124,17.71,21.908526256352342,False,7.451456310679612,54.0,0.0,103.0,103.0,103.0,103.0,HA3 6LS,,,,,,,,,,,,,,,,,,,,,,,,"Whittlesea Road, Harrow, HA3 6LS"
1597,63,St George's Church of England Primary School,Southwark,100827,4 to 11,26,156.0,85.0,Church of England,True,,11.19,13.941018766756033,True,7.439320388349515,62.0,0.0,102.0,102.0,102.0,102.0,SE5 7TF,,,,,,,,,,,,,,,,,,,,,,,,"Coleman Road, Camberwell, London, SE5 7TF"
1598,61,Baring Primary School,Lewisham,100673,3 to 11,28,212.0,36.0,Does not apply,False,1125,10.89,19.467401285583104,False,7.233009708737864,54.0,4.0,102.0,102.0,102.0,102.0,SE12 0NB,,,,,,,,,,,,,,,,,,,,,,,,"Linchmere Road, Lee, London, SE12 0NB"
1599,64,St Paul's Cray Church of England Primary School,Bromley,146842,2 to 11,38,206.0,50.0,Church of England,True,,9.4,21.914893617021274,False,7.129854368932039,32.0,8.0,101.0,98.0,98.0,99.0,BR5 3WD,,,,,,,,,,,,,,,,,,,,,,,,"Buttermere Road, Orpington, BR5 3WD"
1600,50,Lea Valley Primary School,Haringey,102125,3 to 11,49,402.0,47.0,Does not apply,False,1126,20.09,20.00995520159283,False,7.069174757281553,53.0,4.0,102.0,102.0,102.0,102.0,N17 0PT,,,,,,,,,,,,,,,,,,,,,,,,"Somerford Grove, London, N17 0PT"
1601,44,Grove Road Primary School,Hounslow,102519,3 to 11,27,234.0,33.0,Does not apply,False,1127,11.8,19.83050847457627,False,7.020631067961164,44.0,7.0,101.0,100.0,101.0,100.66666666666667,TW3 3QQ,,,,,,,,,,,,,,,,,,,,,,,,"Cromwell Road, Hounslow, TW3 3QQ"
1602,73,Quest Primary School,Croydon,146137,3 to 11,27,210.0,48.0,Does not apply,False,1128,12.25,17.142857142857142,False,7.00242718446602,44.0,4.0,103.0,101.0,103.0,102.33333333333333,CR2 8HD,,,,,,,,,,,,,,,,,,,,,,,,"Farnborough Avenue, South Croydon, CR2 8HD"
1603,83,Saracens Bell Lane,Barnet,150355,2 to 11,51,403.0,35.0,Does not apply,False,1129,17.74,22.717023675310035,False,6.759708737864077,39.0,0.0,102.0,104.0,103.0,103.0,NW4 2AS,,,,,,,,,,,,,,,,,,,,,,,,"Bell Lane, Hendon, London, NW4 2AS"
1604,74,John Wood School & Nursery,Croydon,142610,4 to 11,25,325.0,36.0,Does not apply,False,1130,9.4,34.57446808510638,False,6.741504854368932,56.0,0.0,100.0,103.0,103.0,102.0,CR0 6JA,,,,,,,,,,,,,,,,,,,,,,,,"Dartnell Road, Croydon, CR0 6JA"
1605,75,The Crescent Primary School,Croydon,142379,4 to 11,69,389.0,52.0,None,False,1131,21.2,18.349056603773587,False,6.705097087378641,55.0,1.0,103.0,101.0,103.0,102.33333333333333,CR0 2HN,,,,,,,,,,,,,,,,,,,,,,,,"The Crescent, Croydon, CR0 2HN"
1606,30,King's Oak Primary School,Kingston upon Thames,102582,2 to 11,60,425.0,43.0,Does not apply,False,1132,22.42,18.956289027653877,False,6.650485436893204,38.0,5.0,101.0,103.0,101.0,101.66666666666667,KT3 3RZ,,,,,,,,,,,,,,,,,,,,,,,,"Dickerage Lane, New Malden, KT3 3RZ"
1607,42,Cranmer Primary School,Merton,102653,3 to 11,60,460.0,48.0,Does not apply,False,1133,26.4,17.424242424242426,False,6.614077669902913,43.0,3.0,103.0,102.0,103.0,102.66666666666667,CR4 4XU,,,,,,,,,,,,,,,,,,,,,,,,"Cranmer Road, Mitcham, CR4 4XU"
1608,76,Good Shepherd Catholic Primary and Nursery School,Croydon,142587,3 to 11,31,216.0,35.0,Roman Catholic,True,,11.2,19.28571428571429,False,6.553398058252427,52.0,0.0,104.0,102.0,102.0,102.66666666666667,CR0 0RG,,,,,,,,,,,,,,,,,,,,,,,,"Dunley Drive, New Addington, Croydon, CR0 0RG"
1609,84,Holly Park Primary School,Barnet,101286,3 to 11,55,424.0,31.0,Does not apply,False,1134,20.72,20.463320463320464,False,6.4138349514563116,49.0,0.0,103.0,101.0,104.0,102.66666666666667,N11 3HG,,,,,,,,,,,,,,,,,,,,,,,,"Bellevue Road, Friern Barnet, London, N11 3HG"
1610,77,All Saints CofE Primary School,Croydon,101787,3 to 11,37,207.0,65.0,Church of England,True,,12.0,17.25,False,6.243932038834951,43.0,5.0,103.0,100.0,101.0,101.33333333333333,SE19 3LG,,,,,,,,,,,,,,,,,,,,,,,,"Upper Beulah Hill, Upper Norwood, London, SE19 3LG"
1611,53,Hope Community School,Bexley,139561,4 to 11,21,112.0,43.0,Christian,True,,6.6,16.96969696969697,False,6.146844660194175,43.0,0.0,103.0,103.0,103.0,103.0,DA14 5BU,,,,,,,,,,,,,,,,,,,,,,,,"167 Rectory Lane, Sidcup, DA14 5BU"
1612,45,Bedfont Primary School,Hounslow,135831,2 to 11,59,541.0,31.0,Does not apply,False,1135,27.2,19.889705882352942,False,6.007281553398059,46.0,3.0,101.0,103.0,102.0,102.0,TW14 9QZ,,,,,,,,,,,,,,,,,,,,,,,,"Hatton Road, Bedfont, London, TW14 9QZ"
1613,54,St Peter Chanel Catholic Primary School,Bexley,149048,2 to 11,26,203.0,23.0,Roman Catholic,True,,11.6,17.5,False,5.649271844660194,23.0,0.0,105.0,98.0,101.0,101.33333333333333,DA14 5ED,,,,,,,,,,,,,,,,,,,,,,,,"Baugh Road, Sidcup, DA14 5ED"
1614,50,Gainsborough Primary School,Hackney,100225,0 to 11,23,310.0,70.0,Does not apply,False,1136,18.0,17.22222222222222,False,5.364077669902913,57.0,0.0,102.0,102.0,101.0,101.66666666666667,E9 5ND,,,,,,,,,,,,,,,,,,,,,,,,"Berkshire Road, London, E9 5ND"
1615,49,Emmanuel Community School,Waltham Forest,138258,4 to 11,26,135.0,46.0,Christian,True,,11.2,12.053571428571429,True,5.3216019417475735,38.0,4.0,103.0,101.0,101.0,101.66666666666667,E17 3BN,,,,,,,,,,,,,,,,,,,,,,,,"The Drive, Walthamstow, London, E17 3BN"
1616,43,Bond Primary School,Merton,102626,3 to 11,42,289.0,60.0,Does not apply,False,1137,11.4,25.350877192982455,False,5.175970873786408,38.0,2.0,103.0,101.0,103.0,102.33333333333333,CR4 3HG,,,,,,,,,,,,,,,,,,,,,,,,"Bond Road, Mitcham, CR4 3HG"
1617,51,Crowland Primary School,Haringey,102129,2 to 11,50,413.0,40.0,Does not apply,False,1138,18.16,22.74229074889868,False,5.084951456310679,41.0,2.0,103.0,102.0,102.0,102.33333333333333,N15 6UX,,,,,,,,,,,,,,,,,,,,,,,,"Crowland Road, London, N15 6UX"
1618,61,Suffolks Primary School,Enfield,102005,2 to 11,22,182.0,77.0,Does not apply,False,1139,11.2,16.25,False,5.036407766990291,32.0,5.0,101.0,101.0,101.0,101.0,EN1 3PU,,,,,,,,,,,,,,,,,,,,,,,,"Brick Lane, Enfield, EN1 3PU"
1619,53,The Kilburn Park School Foundation,Brent,101556,7 to 11,19,62.0,63.0,None,False,1140,5.0,12.4,True,4.75121359223301,37.0,0.0,101.0,103.0,103.0,102.33333333333333,NW6 5RG,,,,,,,,,,,,,,,,,,,,,,,,"Malvern Road, London, NW6 5RG"
1620,62,Holy Trinity Church of England Primary School,Lewisham,100723,3 to 11,28,185.0,68.0,Church of England,True,,10.98,16.848816029143897,False,4.635922330097088,57.0,0.0,101.0,100.0,102.0,101.0,SE23 3HZ,,,,,,,,,,,,,,,,,,,,,,,,"Dartmouth Road, Forest Hill, London, SE23 3HZ"
1621,62,Raynham Primary School,Enfield,146882,2 to 11,73,588.0,51.0,Does not apply,False,1141,27.81,21.14347357065804,False,4.617718446601942,42.0,4.0,102.0,100.0,101.0,101.0,N18 2JQ,,,,,,,,,,,,,,,,,,,,,,,,"Raynham Avenue, London, N18 2JQ"
1622,47,Rise Park Junior School,Havering,141173,7 to 11,84,350.0,21.0,Does not apply,False,1142,18.8,18.617021276595743,False,4.605582524271845,40.0,2.0,102.0,101.0,103.0,102.0,RM1 4UD,,,,,,,,,,,,,,,,,,,,,,,,"Annan Way, Rise Park, Romford, RM1 4UD"
1623,38,The New North Academy,Islington,137393,4 to 11,30,169.0,80.0,Does not apply,False,1143,10.2,16.568627450980394,False,4.581310679611651,47.0,3.0,102.0,99.0,102.0,101.0,N1 8SJ,,,,,,,,,,,,,,,,,,,,,,,,"32 Popham Road, Islington, London, N1 8SJ"
1624,48,Parsonage Farm Primary School,Havering,102312,4 to 11,85,559.0,29.0,Does not apply,False,1144,29.1,19.209621993127147,False,4.302184466019417,47.0,1.0,101.0,102.0,102.0,101.66666666666667,RM13 9JU,,,,,,,,,,,,,,,,,,,,,,,,"Farm Road, Rainham, RM13 9JU"
1625,31,Robin Hood Primary and Nursery School,Kingston upon Thames,147334,3 to 11,29,186.0,41.0,Does not apply,False,1145,11.4,16.31578947368421,False,4.168689320388349,45.0,3.0,100.0,102.0,100.0,100.66666666666667,SW15 3QL,,,,,,,,,,,,,,,,,,,,,,,,"Bowness Crescent, Kingston Vale, London, SW15 3QL"
1626,39,Christ The King Catholic Primary School,Islington,100450,3 to 11,38,254.0,68.0,Roman Catholic,True,,9.74,26.078028747433265,False,4.029126213592233,39.0,3.0,102.0,100.0,102.0,101.33333333333333,N4 3QW,,,,,,,,,,,,,,,,,,,,,,,,"55 Tollington Park, London, N4 3QW"
1627,57,Loughborough Primary School,Lambeth,133584,2 to 11,51,286.0,78.0,Does not apply,False,1146,,,False,3.737864077669903,43.0,2.0,102.0,100.0,102.0,101.33333333333333,SW9 7UA,,,,,,,,,,,,,,,,,,,,,,,,"Minet Road, Brixton, London, SW9 7UA"
1628,63,Starks Field Primary School,Enfield,134307,3 to 11,30,185.0,47.0,Does not apply,False,1147,9.28,19.93534482758621,False,3.7196601941747574,37.0,3.0,100.0,101.0,102.0,101.0,N9 9SJ,,,,,,,,,,,,,,,,,,,,,,,,"167 Church Street, Edmonton, London, N9 9SJ"
1629,49,Mead Primary School,Havering,102322,3 to 11,90,796.0,52.0,Does not apply,False,1148,41.6,19.134615384615383,False,3.7196601941747574,40.0,0.0,103.0,102.0,101.0,102.0,RM3 9JD,,,,,,,,,,,,,,,,,,,,,,,,"Amersham Road, Harold Hill, Romford, RM3 9JD"
1630,65,Oaklands Primary Academy,Bromley,142234,2 to 11,62,448.0,32.0,Does not apply,False,1149,19.2,23.333333333333336,False,3.549757281553398,40.0,2.0,101.0,102.0,101.0,101.33333333333333,TN16 3DN,,,,,,,,,,,,,,,,,,,,,,,,"Oaklands Lane, Biggin Hill, Westerham, TN16 3DN"
1631,78,Rowdown Primary School,Croydon,140841,3 to 11,49,323.0,57.0,Does not apply,False,1150,16.92,19.089834515366427,False,3.5436893203883497,53.0,0.0,102.0,101.0,99.0,100.66666666666667,CR0 0EG,,,,,,,,,,,,,,,,,,,,,,,,"Calley Down Crescent, New Addington, Croydon, CR0 0EG"
1632,63,Athelney Primary School,Lewisham,100672,2 to 11,51,385.0,57.0,Does not apply,False,1151,23.15,16.630669546436287,False,3.361650485436893,43.0,2.0,102.0,101.0,100.0,101.0,SE6 3LD,,,,,,,,,,,,,,,,,,,,,,,,"Athelney Street, London, SE6 3LD"
1633,64,Drayton Green Primary School,Ealing,101881,3 to 11,42,296.0,40.0,Does not apply,False,1152,19.6,15.102040816326529,True,3.2645631067961167,33.0,0.0,102.0,102.0,102.0,102.0,W13 0LA,,,,,,,,,,,,,,,,,,,,,,,,"Drayton Grove, West Ealing, London, W13 0LA"
1634,66,Leesons Primary School,Bromley,141291,3 to 11,39,319.0,54.0,Does not apply,False,1153,18.5,17.243243243243242,False,3.1735436893203883,33.0,3.0,101.0,101.0,100.0,100.66666666666667,BR5 2GA,,,,,,,,,,,,,,,,,,,,,,,,"Leesons Hill, St Paul's Cray, Orpington, BR5 2GA"
1635,58,"Wyvil Primary School and Resource Bases for Speech, Language and Communication Needs, and Autism",Lambeth,100591,3 to 11,72,470.0,72.0,None,False,1154,39.36,11.941056910569106,True,3.1614077669902914,21.0,3.0,100.0,99.0,102.0,100.33333333333333,SW8 2TJ,,,,,,,,,,,,,,,,,,,,,,,,"Wyvil Road, London, SW8 2TJ"
1636,65,Acton Gardens Primary School,Ealing,101867,3 to 11,48,388.0,69.0,Does not apply,False,1155,16.0,24.25,False,2.7973300970873787,35.0,2.0,99.0,100.0,102.0,100.33333333333333,W3 8SJ,,,,,,,,,,,,,,,,,,,,,,,,"Osborne Road, Acton, London, W3 8SJ"
1637,64,John Keats Primary School,Southwark,145888,4 to 11,30,355.0,67.0,None,False,1156,19.1,18.58638743455497,False,2.6699029126213594,47.0,0.0,102.0,98.0,101.0,100.33333333333333,SE16 3FN,,,,,,,,,,,,,,,,,,,,,,,,"391 Rotherhithe New Road, Rotherhithe, London, SE16 3FN"
1638,34,Wallington Primary Academy,Sutton,145742,3 to 11,29,161.0,24.0,Does not apply,False,1157,9.4,17.127659574468083,False,2.6638349514563107,31.0,3.0,99.0,100.0,100.0,99.66666666666667,SM6 9JN,,,,,,,,,,,,,,,,,,,,,,,,"Mollison Drive, Roundshaw, Wallington, SM6 9JN"
1639,55,Parkway Primary School,Bexley,101437,3 to 11,33,245.0,30.0,Does not apply,False,1158,20.91,11.7168818747011,True,2.6516990291262137,24.0,3.0,101.0,100.0,96.0,99.0,DA18 4DP,,,,,,,,,,,,,,,,,,,,,,,,"Alsike Road, Erith, DA18 4DP"
1640,67,Chelsfield Primary School,Bromley,142694,4 to 11,11,97.0,64.0,Does not apply,False,1159,6.2,15.64516129032258,False,2.4150485436893203,27.0,0.0,101.0,102.0,101.0,101.33333333333333,BR6 6EP,,,,,,,,,,,,,,,,,,,,,,,,"Warren Road, Chelsfield, Orpington, BR6 6EP"
1641,52,Lordship Lane Primary School,Haringey,131595,3 to 11,66,484.0,38.0,Does not apply,False,1160,21.0,23.047619047619047,False,2.0691747572815533,39.0,2.0,100.0,98.0,99.0,99.0,N22 5PS,,,,,,,,,,,,,,,,,,,,,,,,"Ellenborough Road, Wood Green, N22 5PS"
1642,65,Robert Browning Primary School,Southwark,100809,3 to 11,28,191.0,39.0,Does not apply,False,1161,9.8,19.489795918367346,False,1.7597087378640777,43.0,0.0,101.0,99.0,100.0,100.0,SE17 1DQ,,,,,,,,,,,,,,,,,,,,,,,,"King and Queen Street, Walworth, London, SE17 1DQ"
1643,56,Laurel Lane Primary School,Hillingdon,139275,3 to 11,26,313.0,50.0,Does not apply,False,1162,16.7,18.74251497005988,False,1.328883495145631,40.0,0.0,100.0,97.0,100.0,99.0,UB7 7TX,,,,,,,,,,,,,,,,,,,,,,,,"Laurel Lane, West Drayton, UB7 7TX"
1644,46,The Cedars Primary School,Hounslow,102558,5 to 11,14,66.0,93.0,Does not apply,False,1163,14.4,4.583333333333333,True,1.304611650485437,0.0,0.0,102.0,96.0,96.0,98.0,TW5 9RU,,,,,,,,,,,,,,,,,,,,,,,,"High Street, Cranford, Hounslow, TW5 9RU"
1645,63,Waterside School,Greenwich,133401,5 to 11,11,38.0,64.0,Does not apply,False,1164,12.4,3.064516129032258,True,0.8555825242718448,27.0,0.0,100.0,95.0,95.0,96.66666666666667,SE18 7NB,,,,,,,,,,,,,,,,,,,,,,,,"Robert Street, London, SE18 7NB"
1646,57,The Willows School,Hillingdon,137652,3 to 11,23,95.0,78.0,Does not apply,False,1165,3.0,31.666666666666668,False,0.8070388349514562,26.0,0.0,96.0,95.0,98.0,96.33333333333333,UB4 9QB,,,,,,,,,,,,,,,,,,,,,,,,"Stipularis Drive, Hayes, UB4 9QB"
1647,56,Aspire Academy,Bexley,144406,5 to 11,16,64.0,69.0,Does not apply,False,1166,11.5,5.565217391304348,True,0.6371359223300972,0.0,0.0,90.0,87.0,90.0,89.0,DA16 1JB,,,,,,,,,,,,,,,,,,,,,,,,"South Gipsy Road, Welling, DA16 1JB"
1648,50,Hatton Special School,Redbridge,102881,3 to 11,34,196.0,53.0,Does not apply,False,1167,29.24,6.703146374829002,True,0.625,0.0,0.0,86.0,84.0,92.0,87.33333333333333,IG8 8EU,,,,,,,,,,,,,,,,,,,,,,,,"Roding Lane South, Woodford Green, IG8 8EU"
